 ,Time,Time,Place,Place,Place,Place,Place,Place,Place,Environment,Environment,Environment,Environment,Environment,Environment,Aircraft 1,Aircraft 1,Aircraft 1,Aircraft 1,Aircraft 1,Aircraft 1,Aircraft 1,Aircraft 1,Aircraft 1,Aircraft 1,Aircraft 1,Aircraft 1,Aircraft 1,Aircraft 1,Aircraft 1,Aircraft 1,Aircraft 1,Aircraft 1,Aircraft 1,Aircraft 1,Aircraft 1,Aircraft 1,Aircraft 1,Aircraft 1,Aircraft 1,Aircraft 1,Aircraft 1,Aircraft 1,Aircraft 1,Aircraft 1,Aircraft 1,Aircraft 1,Aircraft 1,Aircraft 1,Aircraft 1,Component,Component,Component,Component,Aircraft 2,Aircraft 2,Aircraft 2,Aircraft 2,Aircraft 2,Aircraft 2,Aircraft 2,Aircraft 2,Aircraft 2,Aircraft 2,Aircraft 2,Aircraft 2,Aircraft 2,Aircraft 2,Aircraft 2,Aircraft 2,Aircraft 2,Aircraft 2,Aircraft 2,Aircraft 2,Aircraft 2,Aircraft 2,Aircraft 2,Aircraft 2,Aircraft 2,Aircraft 2,Aircraft 2,Aircraft 2,Aircraft 2,Aircraft 2,Aircraft 2,Aircraft 2,Aircraft 2,Aircraft 2,Aircraft 2,Person 1,Person 1,Person 1,Person 1,Person 1,Person 1,Person 1,Person 1,Person 1,Person 1,Person 1,Person 2,Person 2,Person 2,Person 2,Person 2,Person 2,Person 2,Person 2,Person 2,Person 2,Person 2,Events,Events,Events,Events,Events,Events,Assessments,Assessments,Report 1,Report 1,Report 2,Report 2,Report 1,
ACN,Date,Local Time Of Day,Locale Reference,State Reference,Relative Position.Angle.Radial,Relative Position.Distance.Nautical Miles,Altitude.AGL.Single Value,Altitude.MSL.Single Value,Latitude / Longitude (UAS),Flight Conditions,Weather Elements / Visibility,Work Environment Factor,Light,Ceiling,RVR.Single Value,ATC / Advisory,Aircraft Operator,Make Model Name,Aircraft Zone,Crew Size,Operating Under FAR Part,Flight Plan,Mission,Nav In Use,Flight Phase,Route In Use,Airspace,Maintenance Status.Maintenance Deferred,Maintenance Status.Records Complete,Maintenance Status.Released For Service,Maintenance Status.Required / Correct Doc On Board,Maintenance Status.Maintenance Type,Maintenance Status.Maintenance Items Involved,Cabin Lighting,Number Of Seats.Number,Passengers On Board.Number,Crew Size Flight Attendant.Number Of Crew,Airspace Authorization Provider (UAS),Operating Under Waivers / Exemptions / Authorizations (UAS),Waivers / Exemptions / Authorizations (UAS),Airworthiness Certification (UAS),Weight Category (UAS),Configuration (UAS),Flight Operated As (UAS),Flight Operated with Visual Observer (UAS),Control Mode (UAS),Flying In / Near / Over (UAS),Passenger Capable (UAS),Type (UAS),Number of UAS Being Controlled (UAS),Aircraft Component,Manufacturer,Aircraft Reference,Problem,ATC / Advisory,Aircraft Operator,Make Model Name,Aircraft Zone,Crew Size,Operating Under FAR Part,Flight Plan,Mission,Nav In Use,Flight Phase,Route In Use,Airspace,Maintenance Status.Maintenance Deferred,Maintenance Status.Records Complete,Maintenance Status.Released For Service,Maintenance Status.Required / Correct Doc On Board,Maintenance Status.Maintenance Type,Maintenance Status.Maintenance Items Involved,Cabin Lighting,Number Of Seats.Number,Passengers On Board.Number,Crew Size Flight Attendant.Number Of Crew,Airspace Authorization Provider (UAS),Operating Under Waivers / Exemptions / Authorizations (UAS),Waivers / Exemptions / Authorizations (UAS),Airworthiness Certification (UAS),Weight Category (UAS),Configuration (UAS),Flight Operated As (UAS),Flight Operated with Visual Observer (UAS),Control Mode (UAS),Flying In / Near / Over (UAS),Passenger Capable (UAS),Type (UAS),Number of UAS Being Controlled (UAS),Location Of Person,Location In Aircraft,Reporter Organization,Function,Qualification,Experience,Cabin Activity,Human Factors,Communication Breakdown,UAS Communication Breakdown,ASRS Report Number.Accession Number,Location Of Person,Location In Aircraft,Reporter Organization,Function,Qualification,Experience,Cabin Activity,Human Factors,Communication Breakdown,UAS Communication Breakdown,ASRS Report Number.Accession Number,Anomaly,Miss Distance,Were Passengers Involved In Event,Detector,When Detected,Result,Contributing Factors / Situations,Primary Problem,Narrative,Callback,Narrative,Callback,Synopsis,

1866185,202201,1801-2400,ZMA.ARTCC,FL,,,,18000,,,,,,,,Center ZMA,Air Carrier,Commercial Fixed Wing,,2,Part 121,IFR,Passenger,,Descent,,Class E ZMA,,,,,,,,,,,,,,,,,,,,,,,,,,,,Center ZMA,Air Carrier,Commercial Fixed Wing,,2,Part 121,IFR,Passenger,,Cruise,,Class A ZMA; Class E ZMA,,,,,,,,,,,,,,,,,,,,,,,,Facility ZMA.ARTCC,,Government,Enroute,,Air Traffic Control Time Certified In Pos 1 (yrs) 0,,Distraction; Fatigue,,,1866185,,,,,,,,,,,,Airspace Violation All Types; Conflict Airborne Conflict; Deviation / Discrepancy - Procedural Clearance; Deviation / Discrepancy - Procedural Published Material / Policy,,,Person Air Traffic Control,In-flight,Air Traffic Control Issued Advisory / Alert; Air Traffic Control Issued New Clearance,Procedure; Human Factors; Staffing,Procedure,"Aircraft X was a PBI lander on the SHRVY1 arrival. The Pilot checked on with normal speed until RACNO; then published speed. The Pilot asked for normal speed along the arrival; to which I approved until TARTY (the PBI boundary fix); then published speeds. Aircraft Y was a ZZZ-TPA flight at FL180; on course.As Aircraft X made the turn at RACNO; the conflict alert began to flash. Aircraft X was already leaving FL190 in a descent per the arrival; and the separation was not lost at this point. I asked Aircraft X to expedite through and report leaving 17;000. I then called the traffic to him and asked him to report Aircraft Y in sight. He reported the aircraft insight as he entered the 3 mile bubble around Aircraft Y. I instructed him to maintain visual separation to which he responded with the appropriate response. No further incident occurred between these aircraft.This was a mistake on my part. I had a hoop on Aircraft Y specifically for this traffic and didn't get back around to Aircraft X to stop him due to the volume of the sector. I need to be more proactive and attentive with the low flights that cross the SHRVY arrival.Fatigue likely played some role in this event as our entire area has worked incredibly hard and for many hours during the holiday week. We've also had many controllers out; lowering our staffing even more. This is in no way an excuse for the error; merely a factor.",,,,"MIA Center Controller reported a loss of separation between to IFR aircraft.",
1867077,202201,,ZZZ.Airport,US,,,,,,VMC,,Temperature - Extreme,Night,CLR,,Center ZZZ,Air Carrier,Medium Transport,,2,Part 121,IFR,Passenger,,Final Approach,Visual Approach,Class E ZZZ,,,,,,,,,,,,,,,,,,,,,,,,,,,,,,,,,,,,,,,,,,,,,,,,,,,,,,,,,,,,,,,Aircraft X,Flight Deck,Air Carrier,Pilot Flying; First Officer,Flight Crew Instrument; Flight Crew Multiengine; Flight Crew Air Transport Pilot (ATP),,,Workload; Confusion; Fatigue; Situational Awareness,,,1867077,,Flight Deck,Air Carrier,Captain; Pilot Not Flying,Flight Crew Air Transport Pilot (ATP); Flight Crew Multiengine; Flight Crew Instrument,,,Situational Awareness,,,1867079,Deviation - Altitude Overshoot; Deviation / Discrepancy - Procedural Published Material / Policy; Inflight Event / Encounter CFTT / CFIT,,,Automation Aircraft Terrain Warning; Person Flight Crew,In-flight,,Chart Or Publication; Airspace Structure; Human Factors; Weather; Software and Automation; Procedure,Weather,"On the 4th leg of the day and short overnight due to getting in 2 hrs late the night before. Leaving ZZZ1 to ZZZ; the weather was clear and planning for a Visual; but backing it up with an approach per the company night visual policy. We choose the RNAV XX due to wanting something other than the ILS and not having flown the RNAV XX other than in the simulator. Once airborne and talking to Center we got slowed to slowest possible speed due to a MedEvac ahead of us on an approach to ZZZ. The MedEvac canceled IFR and allowed us to get cleared for the RNAV XX. We briefed it up as a visual backed up by the RNAV so I did not brief the notes on the approach. Flying the approach when turning final; I notice the PAPI was showing 4 red and thought that odd. I prepared to disconnect Autopilot and climb to the Visual Glide Path; but wanted to see what the approach was doing. Due to being close to the airport and seeing the ridge prior to the airport; I did not want to look at the notes to see if there was a note about the VGSI not coincident. About 200 feet above minimums the GPWS gave a Terrain Terrain warning. I promptly disconnected the Autopilot and climbed to follow the VGSI. We landed safely and checked the altitude to see if our altimeter was set incorrectly. That checked within 10 feet. During the taxi to the ramp; I noticed the cold weather temp comp was required for temps less than -7 deg. When stated; the Captain said something like that should't be the factor; then he looked at the DATA card which was on his yoke; and noticed that the temp was -13 degrees. Captain commented that the cold temp would probably account for the couple hundred feet low on the approach. Lessons learned brief notes when we probably will be flying an approach that ATC clears us for. Try to incorporate Temp Comp which is currently not allowed with any FMS approach even for visual approaches.",,"While conducting a night Visual Approach to Runway XX in ZZZ; we received a terrain warning. It was night visual conditions; and we were using the RNAV XX for guidance. The reported temperature on the AWOS was -13; which is below what is authorized by the procedure. We had the runway in sight throughout the procedure; and noticed that we were below glideslope on final. The terrain warning occurred while we were correcting our altitude. Although we were following an instrument procedure for the night visual; the visual conditions probably lead to complacency in the approach briefing; leading to the note being missed for the procedure.",,"Flight crew reported receiving a Ground Proximity Warning while on final approach due to conducting the approach below the authorized minimum air temperature.",
1868067,202201,,,,,,0,,,,,,,,,,Air Carrier,Commercial Fixed Wing,,2,Part 121,IFR,Passenger,,,,,,,,,,,,,,,,,,,,,,,,,,,,,,,,,,,,,,,,,,,,,,,,,,,,,,,,,,,,,,,,,,,Aircraft X,Flight Deck,Air Carrier,First Officer,Flight Crew Air Transport Pilot (ATP); Flight Crew Multiengine; Flight Crew Instrument,,,Fatigue; Physiological - Other; Situational Awareness,,,1868067,,,,,,,,,,,,Flight Deck / Cabin / Aircraft Event Illness / Injury,,,Person Flight Crew,In-flight,General None Reported / Taken,Company Policy; Environment - Non Weather Related; Human Factors,Company Policy,"I operated Aircraft X with Captain X.  The next day I received a text message saying that his sore throat on that leg became aches and chills and his COVID test was positive.  I worked three days with Captain (CA) Y.  On the first leg; he was audibly sniffling. I asked if he felt OK; he said it was allergies due to a soapy smell in the flight deck. The next leg; new airplane; constant sniffling with a very intermittent cough. I was told he had dry pipes; and it was just his allergies. I put my mask on for the remainder of the flight. And informed CA Y; he sounded terrible. The next day the running nose continued. CA Y; was seated behind me on DH; audible sniffling was so constant I relocated my seat.  He text the next day saying he was so exhausted he slept twelve hours. I stated we can add fatigue to your COVID symptoms. On the van he verbally told me he woke up incredibly sweaty.My work health; and safety was negatively affected by CA X and Captain Y; lacking the personal responsibility of following company guidelines for reporting to work. Those expectations are laid out in pilot bulletin for revised coronavirus guidance.Pilot bulletin also sets an expectation of contacting medlink; the symptomatic pilot donning an N95; and containing himself to the flight deck.",,,,"First Officer reported flying with two different Captains who exhibited symptoms from COVID-19.",
1869048,202201,0601-1200,ZZZ.ARTCC,US,,,,34000,,VMC,,,Daylight,,,Tower ZZZ,Air Carrier,A319,,2,Part 121,IFR,Passenger,,Cruise,Vectors,Class A ZZZ,,,,,,,,,,,,,,,,,,,,,,,,Hydraulic Main System,,X,Malfunctioning,,,,,,,,,,,,,,,,,,,,,,,,,,,,,,,,,,,,Aircraft X,Flight Deck,Air Carrier,First Officer; Pilot Not Flying,Flight Crew Air Transport Pilot (ATP); Flight Crew Multiengine; Flight Crew Instrument,Flight Crew Last 90 Days 114; Flight Crew Total 5366; Flight Crew Type 3510,,Fatigue; Troubleshooting,,,1869048,Aircraft X,Flight Deck,Air Carrier,Pilot Flying; Captain,Flight Crew Air Transport Pilot (ATP); Flight Crew Instrument; Flight Crew Multiengine,Flight Crew Last 90 Days 120; Flight Crew Total 5300; Flight Crew Type 3500,,Troubleshooting,,,1869054,Aircraft Equipment Problem Critical; Deviation / Discrepancy - Procedural Published Material / Policy; Deviation / Discrepancy - Procedural Clearance,,N,Person Flight Crew,In-flight,Air Traffic Control Provided Assistance; Flight Crew Landed in Emergency Condition; Flight Crew Requested ATC Assistance / Clarification; General Maintenance Action; General Flight Cancelled / Delayed,Aircraft,Aircraft,"Approximately one hour from ZZZ on Aircraft X from ZZZ1 to ZZZ we encountered a green system low hydraulic quantity and low pressure ECAM. We performed the action items and turned off the PTU (power transfer unit) and green system engine driven pump. The Captain informed Dispatch; Maintenance; and briefed the lead Flight Attendant. We agreed with the concurrence of Dispatch that the best course of action was to continue to ZZZ. We requested priority handling and received traffic priority to ZZZ. On final approach; we performed the alternate gear extension checklist and landed on the longest runway (XXR). We stopped straight ahead due to no nose wheel steering and waited for the tug to tow us back to the gate. We completed the after landing flows; tow in checklist; and parking checklist back at the gate.The reason for my fatigue call to the Chief Pilot and scheduling following our incident was due to minimal broken sleep from the previous evening at the layover hotel. The hotel was hosting a fraternity convention and my sleep was disrupted from 1-3 am due to the occupants of the room next door. I called the front desk and they notified security to silence the fraternity party. Following the minimal disrupted rest and the stress associated with the hydraulic emergency; I felt I was not fit to continue duty and called in fatigue!",,"We were approximately 1 hour from ZZZ when we were alerted by a master caution and subsequent ECAM indicating a loss of green system hydraulics both quantity and pressure. I continued flying and had my first officer accomplish the ECAM and subsequently the QRH. We requested priority handling with ATC and I then contacted Dispatch and Maintenance Control; it was decided that given the situation our best option was to continue on to ZZZ. At this point I had our lead flight attendant come up to the flight deck and briefed him on the situation and provided him with the required information. I then made a PA to the passengers explaining the situation and what to expect. We were provided expedited handling by ZZZ ATC and were able to accomplish all remaining clean up items on the QRH in an orderly and efficient manner. A non eventful and smooth landing was performed in ZZZ and we were able to maintain center line where we brought the aircraft to a stop and were meet by CFR and airport operations who towed us back to the gate.",,"A319 flight crew reported loss of green hydraulic system while in cruise. After communication with dispatch and maintenance; they elected to request priority handling and continue to destination airport.",
1869359,202201,1801-2400,ZZZ.Airport,US,,,0,,,,,,Night,,,,Air Carrier,B737-800,,2,Part 121,IFR,Passenger,,Parked,,,,,,,,,,,,,,,,,,,,,,,,,,,,,,,,,,,,,,,,,,,,,,,,,,,,,,,,,,,,,,,,,Aircraft X,Flight Deck,Air Carrier,Captain; Pilot Flying,Flight Crew Multiengine; Flight Crew Instrument; Flight Crew Air Transport Pilot (ATP),Flight Crew Last 90 Days 105; Flight Crew Type 10000,,Communication Breakdown,Party1 Flight Crew; Party2 Dispatch,,1869359,Aircraft X,Flight Deck,Air Carrier,First Officer; Pilot Not Flying,Flight Crew Multiengine; Flight Crew Instrument; Flight Crew Air Transport Pilot (ATP),Flight Crew Last 90 Days 117; Flight Crew Type 1316,,Communication Breakdown; Fatigue,Party1 Flight Crew; Party2 Flight Crew,,1869368,Deviation / Discrepancy - Procedural FAR; Deviation / Discrepancy - Procedural Published Material / Policy; Deviation / Discrepancy - Procedural Hazardous Material Violation,,,Person Flight Crew,In-flight,Flight Crew Overcame Equipment Problem,Human Factors,Human Factors,"During the turn in ZZZ; the Ops Agent informed me of HAZMAT onboard and gave me the copies of the NOTAC. I signed both copies and returned one to the Ops Agent. I forgot to call Dispatch and amend my Release to indicate HAZMAT onboard before I departed ZZZ. En route to ZZZ1; I realized my mistake and sent an ACARS message to Dispatch to inform them that I had HAZMAT onboard. Dispatch responded and we did a pen and ink change to amend the Release to show the remark - HAZMAT on Flight-Refer to NOTAC.",,"During boarding; the Captain was notified of HAZMAT aboard the aircraft and given the appropriate NOTAC forms from our Ops Agent. I was briefed on the HAZMAT and reviewed the signed NOTAC form. My expectation bias and fatigue likely contributed to not backing up the Captain contacting Dispatch to get the appropriate 'HAZMAT  of flight - Refer to NOTAC' pen and ink amendment on the Dispatch Release prior to takeoff. The Captain recognized the error en route and coordinated with Dispatch to correct the issue.",,"B737-800 flight crew reported the Final Flight Release was not amended to indicate Hazmat onboard prior to departure. The flight release error was due to a communications breakdown between flight crew and Dispatch.",
1872703,202201,1801-2400,ZZZ.Airport,US,,,,,,VMC,,,Dusk,,,Tower ZZZ,Air Carrier,Commercial Fixed Wing,,2,Part 121,IFR,Passenger,,Initial Approach,,Class C ZZZ,,,,,,,,,,,,,,,,,,,,,,,,Autopilot,,X,Failed,,,,,,,,,,,,,,,,,,,,,,,,,,,,,,,,,,,,,Flight Deck,Air Carrier,First Officer; Pilot Not Flying,Flight Crew Multiengine; Flight Crew Air Transport Pilot (ATP); Flight Crew Instrument,,,Time Pressure; Distraction; Workload; Troubleshooting; Human-Machine Interface; Confusion,,,1872703,Aircraft X,Flight Deck,Air Carrier,Captain; Pilot Flying,Flight Crew Air Transport Pilot (ATP); Flight Crew Instrument; Flight Crew Multiengine,,,Troubleshooting; Workload; Human-Machine Interface; Fatigue; Time Pressure; Confusion,,,1872704,Aircraft Equipment Problem Less Severe; Deviation - Altitude Excursion From Assigned Altitude; Deviation / Discrepancy - Procedural Clearance; Deviation / Discrepancy - Procedural Published Material / Policy; Inflight Event / Encounter CFTT / CFIT,,,Automation Aircraft Terrain Warning; Person Air Traffic Control; Person Flight Crew,In-flight,Air Traffic Control Issued Advisory / Alert; Flight Crew Became Reoriented; Flight Crew Overcame Equipment Problem; Flight Crew Returned To Clearance,Aircraft; Airspace Structure; Software and Automation,Aircraft,"FMS/FMC/Autopilot Failure. I looked at the instrumentation to confirm glide slope intercept and immediately recognized that we were descending early. I went to announce it to the CA (Captain) (Pilot Flying) who also recognized the situation at the same time. The aircraft was on autopilot; flying level; with VOR/LOC activated after being cleared for the approach into ZZZ. The aircraft; without being prompted; began to descend before intercepting glide slope at some point. The Captain instantly disconnected the autopilot and auto throttles; initiating a full power climb back to the intercept altitude. We received a call from ATC and received a minor GPWS warning as we were climbing. I feel that crew coordination; confirmation of what the aircraft was supposed to be doing and the reaction by the Pilot Flying (CA) were proper and allowed us to detect the situation early on. Because it was an automation failure; the aircraft will be written up for maintenance.",,"FMS/FMC/Autopilot Failure. It was a dark night; but severe clear. Being intimately familiar with the ZZZ topography; I am keenly aware of the high; rising terrain between the Final Approach Fix and Runway XXR. The airplane started descending without pilot input. I immediately noticed this and announced out loud: 'Something is wrong!'. The aircraft was on autopilot; flying level; with VOR/LOC activated after being cleared for the ZZZ ILS XXR approach. Before intercepting the glide slope; the aircraft began to descend on its own without being prompted. I disconnected the Autopilot and Auto-throttles and initiated an immediate climb. Within seconds after proactively initiating the climb; we received a single GPWS: 'Terrain'; and seconds later; ATC called and said: 'Check Altitude' and gave us the Altimeter Setting (which was set correctly.) I continued and landed safely. I believe that this was an automation failure of some kind and that the immediate action taken was just. Emphasis should be made; and recognition of; the excellent crew coordination by both myself and a superior FO (First Officer) ameliorated what could have been a potential negative outcome.",,"An air carrier flight crew reported the autopilot descended the aircraft below glide slope causing a Ground Proximity Alert and Low Altitude Warning from the Tower.",
1875489,202202,,,,,,,,,,,,,,,,Air Carrier,A319,,2,Part 121,IFR,Passenger,,Taxi; Landing; Descent,,,,,,,,,,,,,,,,,,,,,,,,,,,,,,,,,,,,,,,,,,,,,,,,,,,,,,,,,,,,,,,,,Aircraft X,General Seating Area,Air Carrier,Flight Attendant (On Duty),Flight Attendant Current,,Deplaning; Safety Related Duties,Fatigue; Distraction; Other / Unknown; Physiological - Other,,,1875489,,,,,,,,,,,,Aircraft Equipment Problem Less Severe; Flight Deck / Cabin / Aircraft Event Illness / Injury; Flight Deck / Cabin / Aircraft Event Smoke / Fire / Fumes / Odor,,Y,Person Flight Attendant,In-flight,General None Reported / Taken,Human Factors; Aircraft,Aircraft,"During service I had a strong odor in cabin and felt dizzy and lightheaded (note: I have been having these symptoms for months so I'm not able to tell if they are related; I'd assume most likely not). I told the #2 I would most likely write a [report]. I have been going through conflicts with my Manager and she recently informed me that she was going to reprimand me after I wrote a report for passenger misconduct (passenger continued to harass me after I told him that I couldn't breathe [because] I was having difficulty wearing a mask). Thinking about recent events with my Manager (and past incidents where I was also heavily interrogated after being severely harassed by coworkers) made me scared to file a report for the odor in fear of my Manager and/or crew members. During final descent (FWD facing jumpseat) I looked down the aisle; felt light headed; clammy; short of breathe and like everything was funneling in. I left my jumpseat and puked in the lav after landing and during taxi in. I came out to disarm my door and then leaned myself on the jumpseat to compose myself. At that point I heard the #2's phone make a sound like she was snapping a picture. I went back into the lav and puked again. I do not remember bits and pieces; especially as I was leaving the plane and jet bridge.",,,,"An air carrier Flight Attendant reported an inflight fume event during cabin service. Reporter experienced physiological symptoms which caused her to vomit twice during taxi to gate.",
1877053,202202,1801-2400,ZZZ.Airport,US,,,,,,,Rain,,,,,Ground ZZZ,Air Carrier,Medium Large Transport; Low Wing; 2 Turbojet Eng,,2,Part 121,IFR,Passenger,,Taxi,,,,,,,,,,,,,,,,,,,,,,,,,,,,,,,,,,,,,,,,,,,,,,,,,,,,,,,,,,,,,,,,,Aircraft X,Flight Deck,Air Carrier,Pilot Flying; Captain,Flight Crew Multiengine; Flight Crew Instrument; Flight Crew Air Transport Pilot (ATP),Flight Crew Last 90 Days 137; Flight Crew Total 9500; Flight Crew Type 2833,,Communication Breakdown; Workload; Distraction; Training / Qualification; Situational Awareness,Party1 Flight Crew; Party2 Flight Crew,,1877053,Aircraft X,Flight Deck,Air Carrier,Pilot Not Flying; First Officer,Flight Crew Air Transport Pilot (ATP); Flight Crew Instrument; Flight Crew Multiengine,Flight Crew Last 90 Days 85; Flight Crew Total 6200; Flight Crew Type 85,,Situational Awareness; Workload; Time Pressure; Other / Unknown; Distraction; Confusion; Communication Breakdown,Party1 Flight Crew; Party2 Flight Crew,,1877285,Deviation / Discrepancy - Procedural Published Material / Policy; Ground Event / Encounter Weather / Turbulence; Ground Event / Encounter Loss Of Aircraft Control; Ground Excursion Taxiway,,N,Person Flight Crew,Taxi,General Maintenance Action; General Flight Cancelled / Delayed,Airport; Human Factors; Weather,Ambiguous,"Applied thrust to exit deice pad at ZZZ. Upon initiating turn onto Taxiway XX lost directional control and the left main slid off the prepared surface of the taxiway. Set the parking brake and made an announcement to the passengers that the aircraft was stuck and to remain seated until we could get towed out. Had the First Officer call Ground and inform them of our location and situation and to call Operations to inform them also of our situation. Started the APU and shut down the engines and informed the flight attendants that it could be a while. Operations showed up with a tug and towed us back to [the] gate where the passengers deplaned. Consulted with Maintenance and they wrote up an inspection of gear and aircraft no damage was found and aircraft cleared for service.",,"Captain applied thrust to exit deice bay in ZZZ. Upon initiating [a] right turn on Taxiway XX; the nose wheel lost traction and the aircraft began to skid towards the west edge of Taxiway XX. The Captain momentarily deployed thrust reversers to remove forward thrust in an attempt to mitigate taxiway excursion. The aircraft came to rest facing north with the number 1 main landing gear tire off the approved surface. Parking brake was set; and I contacted ZZZ Ground ATC to coordinate an inspection with ZZZ Operations vehicles. At this time; the Captain communicated with the flight attendants to check on passengers and also made a PA announcement. No disturbance or injuries were reported in the cabin. ZZZ Operations vehicles confirmed that the far left tire (#1 MLG tire) was off the approved surface (as well as no taxiway signs/lights contacted; no aircraft damage); and we then shut down both engines to prepare for tow in for further inspection. I contacted Company Operations; ATC; and ZZZ Operations vehicles to coordinate a tow in; as the Captain contacted Operations and the on duty Pilot Officer to obtain permission to tow back on to the approved surface (Per Flight Operations Manual). Maintenance personnel arrived with multiple tugs to oversee and facilitate the process. Upon successful tow onto the taxiway; the aircraft was towed to the gate and inspected. The final maintenance inspection showed no damage and was returned to service per maintenance logs.",,"Air Carrier flight crew reported after starting to taxi from the deice pad the aircraft began to skid and left the taxiway pavement. The crew called Maintenance for help to tow the aircraft. The aircraft's landing gear; for safety; was inspected and the aircraft was returned to service. The Line Check Airman; who was giving a line check; was witness to the incident and is not sure if SOP's were followed while leaving the deice pad.",
1877481,202202,1801-2400,MIA.TRACON,FL,,,,4500,,,,,,,,TRACON MIA,Air Carrier,B777-300,,3,Part 121,IFR,Passenger,,Initial Climb; Climb,,Class B MIA,,,,,,,,,,,,,,,,,,,,,,,,,,,,TRACON MIA,Air Carrier,Widebody Transport,,,Part 121,IFR,Passenger,,Climb,,Class B MIA,,,,,,,,,,,,,,,,,,,,,,,,Aircraft X,Flight Deck,Air Carrier,Captain; Pilot Flying,Flight Crew Air Transport Pilot (ATP); Flight Crew Multiengine; Flight Crew Instrument,,,Situational Awareness,,,1877481,Aircraft X,Flight Deck,Air Carrier,Pilot Not Flying; First Officer,Flight Crew Multiengine; Flight Crew Instrument; Flight Crew Air Transport Pilot (ATP),,,Distraction; Fatigue; Communication Breakdown,Party1 Flight Crew,,1877479,Deviation - Track / Heading All Types; Deviation / Discrepancy - Procedural Clearance; Inflight Event / Encounter Wake Vortex Encounter,,,Person Air Traffic Control; Person Flight Crew,In-flight,Flight Crew Became Reoriented; Flight Crew Returned To Clearance,Environment - Non Weather Related; Human Factors; Procedure,Human Factors,"Departure deviation following heavy Widebody after takeoff.[Runway] 8R cleared for takeoff behind heavy Widebody aircraft.Weather conditions after takeoff; night VFR winds out of southeast 45 knots at 1400 ft. MSL.From rotation to about 4;500 ft. in and out of wake turbulence from preceding heavy Wide body aircraft. Just climbing through 1;000 feet FO (First Officer) stated 'we've dumped our departure route' out of the box/FMC.  [We responded by] putting in JAMBA; first waypoint on SID; back in box and then KBOLA for now. We began our turn direct JAMBA.MIA Departure Control; very busy; asked 'are you proceeding direct JAMBA?'FO responded; 'yes we are now proceeding direct JAMBA; we've been deviating a little to get out of wake turbulence from heavy aircraft we are following.'Departure Control cleared us continue climb 7;000 ft. speed restriction 250 kts.Just before reaching JAMBA Departure Control cleared us direct to KBOLA.4 NM before KBOLA Departure Control gave us a heading and 250 speed restriction still in effect; after which the remainder of the flight continued uneventfully.[We discussed; as a crew;] how and when we; the FO and me; dumped the SID out of the FMC. At the gate; before push back; with due diligence downloaded our route; departure Runway 8R; SID-KMIA FOLZZ1 FOLZZ; and ATC route clearance amendments FOLZZ DIR ZFP DIR BAAGR DIR GRATX then as filed; manually into the FMC. We then reviewed route and points individually as per normal procedures; all good. On the ATC clearance uplink the amended points came up as FOLZZ-N2617.3W07920.9; ZFP-N2633.3W07841.8; BAAGR-N2649.0W07631.3. When input manually to the FMC for example ZFP you get two choices of Lat Long's to choose from; so you pick the one with the corresponding Lat Long's....etc.                                                                 However; it was noted later at the gate that we could have just auto uploaded the ATC amended part of the clearance through the FMC ATC clearance LOAD button which would have put in the ZFP and BAAGR points with the correct Lat Long's less chance of error....'See-Check it out!' I obviously must have pushed that button. No excuse; as I've read many reports from other professional pilots-colleagues on our team sharing similar events. I respect and thank them for sharing so I wouldn't make this mistake. Some of our pilots; new to aircraft and/or don't fly much; great to review things but; there is the right time and place. My timing was bad to review any FMC operations. I should have checked to see; after my FMC review with the FO; that I hadn't messed up our original route data.",,"Human Factors: Distraction; communication; change of habit patterns; Auto Upload of PDC overwriting planned SID. Nighttime; Fatigue; Complacency.After any change or automatic upload; go back through the FMC and ensure what is in there is what you want. Trust; but verify.",,"B777-300 flight crew reported a wake turbulence encounter was a factor in a track deviation departing MIA.",
1879817,202202,0001-0600,L30.TRACON,NV,,,,,,,,,,,,TRACON L30,Air Carrier,B737-900,,2,Part 121,IFR,Passenger,,Climb,,Class E ZLA,,,,,,,,,,,,,,,,,,,,,,,,,,,,TRACON L30,Air Carrier,B737 Next Generation Undifferentiated,,2,Part 121,IFR,Passenger,,Climb,,Class E ZLA,,,,,,,,,,,,,,,,,,,,,,,,Aircraft X,Flight Deck,Air Carrier,First Officer,Flight Crew Multiengine; Flight Crew Air Transport Pilot (ATP); Flight Crew Instrument,,,Distraction; Fatigue,,,1879817,,,,,,,,,,,,Deviation - Altitude Overshoot; Deviation - Altitude Crossing Restriction Not Met; Deviation / Discrepancy - Procedural Clearance; Inflight Event / Encounter Wake Vortex Encounter,,,Person Air Traffic Control,In-flight,Air Traffic Control Issued Advisory / Alert; Flight Crew Returned To Clearance,Human Factors; Environment - Non Weather Related,Human Factors,"While departing on the Joker departure from Runway 26R we went above the hold down altitude at Kruger. We did not stop at 11;000 ft. and were notified by ATC at 11;500 ft. ATC immediately issued a higher cleared altitude.Moments earlier we had a substantial wake turbulence encounter from the preceding 737. This was a large distraction. In addition; this was the last leg of a 3 leg day of a 3 day trip. In hindsight; use of the autopilot would have prevented this entirely. Next time on a departure with hold downs I will use the autopilot.",,,,"B737-900 First Officer reported encountering wake turbulence from a preceding B737 departing LAS. This distraction contributed to missing a crossing restriction.",
1880910,202203,0601-1200,ZZZ.Tower,US,,,,1000,,VMC,,,,,,Tower ZZZ,Air Carrier,B737 Undifferentiated or Other Model,,2,Part 121,IFR,Passenger,,Climb,,Class B ZZZ,,,,,,,,,,,,,,,,,,,,,,,,Turbine Engine,,X,Malfunctioning,,,,,,,,,,,,,,,,,,,,,,,,,,,,,,,,,,,,Aircraft X,Flight Deck,Air Carrier,Captain; Pilot Flying,Flight Crew Multiengine; Flight Crew Air Transport Pilot (ATP); Flight Crew Instrument,Flight Crew Last 90 Days 148; Flight Crew Type 304,,Workload; Situational Awareness; Fatigue; Communication Breakdown; Troubleshooting,Party1 Flight Crew; Party2 Other,,1880910,Aircraft X,Flight Deck,Air Carrier,First Officer; Pilot Not Flying,Flight Crew Air Transport Pilot (ATP); Flight Crew Instrument; Flight Crew Multiengine,Flight Crew Last 90 Days 159; Flight Crew Type 3799,,Troubleshooting; Workload; Distraction; Situational Awareness; Fatigue; Communication Breakdown,Party1 Flight Crew; Party2 Other,,1880925,Aircraft Equipment Problem Critical; Deviation / Discrepancy - Procedural Clearance; Deviation / Discrepancy - Procedural Published Material / Policy,,,Person Flight Crew,In-flight,Air Traffic Control Provided Assistance; Flight Crew Inflight Shutdown; Flight Crew Returned To Departure Airport; Flight Crew Requested ATC Assistance / Clarification; Flight Crew Landed in Emergency Condition; General Flight Cancelled / Delayed; General Maintenance Action,Aircraft,Aircraft,"Captain [was] Pilot Flying and First Officer [was] Pilot Monitoring. Takeoff roll on Runway XXL was uneventful. On climb out; Pilot Monitoring noticed the autothrottle (A/T) disengaged and re-engaged it. It happened a second time with the same results. The number 2 engine had trouble exactly matching the commanded climb thrust. I also reengaged the A/T at least once. After engaging the autopilot around 5-6;000 ft. MSL; Pilot Flying noticed excess yaw and roll and disengaged autopilot. Both pilots noticed the number 2 engine was at approximately 60 percent N1 with a white arc showing commanded vs actual position. There were no other engine indications or abnormalities. The crew accomplished Immediate Action Items for the 'Engine Limit or Surge or Stall' checklist. Pilot Monitoring requested an intermediate level off at 10;000 ft. and continued course. Captain gave First Officer radios and Pilot Flying duties shortly after leveling of at 10;000 ft.After the turn at ZZZZZ on the ZZZZZ2; ZZZZZ1 SID; ATC gave vectors to remain in the local area. Aircraft was at 10;000 ft. MSL; 230 KIAS near location west of ZZZ. The crew ran the remainder of Quick Reference Handbook for 'Engine Limit or Surge or Stall' checklist and coordinated with local Maintenance and Maintenance Control/Dispatch; notified passengers and FM. Requesting priority handling by ATC and crew simultaneously when 20-25 minutes into flight the engine rolled back and failed. Crew ran the 'Engine Failure or Shutdown' checklist and the 'One Engine Inoperative Landing' checklist. Crew planned and executed an overweight; single engine; return to ZZZ. To land below max landing weight we would have needed to fly for roughly 2 more hours. A planned overweight visual approach to Runway YYL via vectors to a 10-mile final with 15-flaps was uneventful with a smooth landing. Crew taxied to Gate XX and shut down the remaining engine to wait for baggage/pallet carts to be moved and then tow-in.No sooner than we had parked; Crew Scheduling called me; notifying us that we would be leaving in roughly 65 minutes to ZZZ1. We decided that we needed to re-evaluate our fitness for duty and needed to speak to Union representation before proceeding any further. We then spoke to Maintenance Control over the phone and then hub maintenance at the aircraft to discuss the events. We had noticed that the Fuel Pump Package had been replaced that morning with an engine run accomplished. The number 2 HMU; Heat Exchanger and Fuel Pump were replaced following the engine failure in flight. A member of the Chief Pilot's office; and later the Chief Pilot; met us at the aircraft to check on us; coordinate with Company (scheduling; Chief Pilot; etc) and accomplish a [safety evaluation]. We reached a mutual conclusion it was not in the best interests of safety to fly as we were still processing the chain of events during the flight and the associated stress/workload.We accomplished a thorough debrief and reconstruction of the flight. Preflight: Both of us woke early due to the nature of the schedule. It was day 2 of the 4-day pairing; with an early show ZZZ2-ZZZ3 on day 1. Originally scheduled to fly ZZZ3-ZZZ; the pairing had been changed to a deadhead due to equipment substitution. The evening was relaxing and we were both asleep early. I slept from XA:00 pm until XJ:30am. In the morning I had a very long hold time with the Company's Agent on Demand before van pickup time at XM:02 AM. The flight plan was released while I was getting ready for the van ride. I knew we had a longer van ride; so I did not expect this to be a problem. We left the hotel on time and reviewed the flight plan en route. We were scheduled for a random southerly route ZZZ-ZZZ1 at FL300 due to significant impacts from turbulence and convective activity/SIGMETS; increasing the complexity. The Dispatcher had asked the Captain to call regarding this flight; which I did during the van ride. We both had significant distractions with thefunctioning of the weather app on our EFBs (this is an ongoing issue where it attempts to connect and then drops connectivity).On arriving at the airport; we had the additional task of [Covid procedures]. I went to the mission planning area while the First Officer went to the aircraft to begin the preflight to save time. The 45-minute report time was compressed; especially with the additional attention to weather/turbulence and verifying the random route points. Fortunately; we departed Gate XY; close to the satellite mission planning room; saving some time. There was some pressure from the Gate Agents for us to leave and then the ramp personnel were waiting for us to push. I used CRM and our company process approach to ensure everything was ready to go before releasing brakes. Taxi: We planned Runway ZZR for departure; and Ground Control changed us to ZZL. I called for the runway change procedure and we were split-task for a few minutes to update the required information. The remainder of the taxi out was uneventful.",,"Captain [was] Pilot Flying (PF) [and] First Officer (FO) [was] Pilot Monitoring (PM). Takeoff roll on Runway XXL was uneventful. On climb out; PM noticed the autothrottle disengaged and re-engaged it. It happened a second time with the same results. The PF also reengaged the autothrottle at least once. After engaging the auto pilot around 5-6;000 ft. MSL; PF noticed excess yaw and disengaged autopilot. Both pilots noticed the #2 engine was at approximately 60% N1 with a white arc showing commanded vs actual thrust. There were no other engine indications or abnormalities; so the situation was difficult to detect. PF accomplished Immediate Action Items for Engine Limit; Surge or Stall (there were no additional items in QRC). PM told ATC about an engine malfunction in progress and requested an intermediate level off at 10;000 and continued course on ZZZZZ2; ZZZZZ1 SID. Shortly after the turn at ZZZZZ2; ATC gave vectors to remain in the local area. Aircraft was at 10;000 ft. MSL; 230 KIAS near location west of ZZZ. FO ran remainder of QRH while Captain coordinated with local Maintenance and Maintenance Control/Dispatch; notified passengers and FM. Then Captain gave FO radios and aircraft control while Captain continued coordination and checklists.[Priority handling requested] by ATC and crew simultaneously. Approximately 20-25 minutes into flight the engine rolled back and failed. Captain ran Engine or Failure or Shutdown Checklist and the One Engine Inoperative Landing Checklist. ATC provided vectors to a ten-mile final for a 15-flaps (165 KIAS) visual approach to Runway XYL. Approach and landing was uneventful with minimal forces during the overweight landing at approximately 170;000 lbs. Crew taxied to Gate XX and shut down the remaining engine to wait for baggage/pallet carts to be moved and then towed in. While we were waiting for the gate; 20 minutes after landing; we received an ACARS message that this aircraft would be a 'Quick Turn' going back to ZZZ1.No sooner than we had parked; Crew Scheduling called the Captain; notifying us that we would be leaving in less than three hours for the same flight. I spoke up and told scheduling I could not speak for the Captain; but I would have to re-evaluate my fitness for duty and needed to speak to my [Union] representation before proceeding any further. The Captain concurred.We then spoke to Maintenance Control over the phone and then Hub Maintenance at the aircraft to discuss the events. I had noticed that the Fuel Pump Package had been replaced that morning with an engine run accomplished. I verbalized this during mission planning and was surprised that the aircraft would be sent on an ETOPS flight without any maintenance verification or reliability check. Of note; the #2 HMU; Heat Exchanger and Fuel Pump were replaced following the engine failure in flight.A member of the Chief Pilot's office; and later the Chief Pilot; met us at the aircraft to check on us; coordinate with Company (scheduling; Chief Pilot; etc) and accomplish a human factors [evaluation]. We reached a mutual conclusion it was not in the best interests of safety to fly as we were still processing the chain of events during the flight and the associated stress/workload.The Captain and I accomplished a thorough debrief and reconstruction of the flight.Preflight: Both of us woke early due to the nature of the schedule. It was Day 2 of the 4-day pairing; with an early show ZZZ2-ZZZ3. Originally scheduled to fly ZZZ3-ZZZ; the pairing had been changed to a deadhead due to equipment substitution. The evening was relaxing and we were both asleep early; resulting in a very early wake-up (XA:30 AM for me). Personally; this was not an issue as I knew I would be flying a single leg with an early end to the duty day. However; I tried to rest as much as possible before van pickup time at XE:02 AM. I had some personal business to attend to; so I did not spend as much time on the flight as I normally do before leavingthe hotel room. I knew we had a longer van ride; so I did not expect this to be a problem.We left the hotel on time and reviewed the flight plan en route. We were scheduled for a random route ZZZ-ZZZ1 at FL300 due to significant impacts from turbulence and convective activity/SIGMETS; increasing the complexity. The Dispatcher had asked the Captain to call regarding this flight. We both had significant distractions with the functioning of the weather app on our EFBs (this is an ongoing issue where it attempts to connect and then drops connectivity). I was still updating the route while the Captain spoke with Dispatch; so he had to repeat the information to me later.On arriving at the airport; we had the additional task of [Covid Procedures]. The Captain went to the mission planning area while I went to the aircraft to being preflight to save time. The 45-minute report time was compressed; especially with the additional attention to weather [and] turbulence and verifying the random route points. Fortunately; we departed Gate XY; close to the satellite mission planning room; saving some time. There was some pressure from the Gate Agents for us to leave and then the ramp personnel were waiting for us to push. The Captain used CRM and our company process approach to ensure everything was ready to go before releasing brakes.Taxi: We planned runway XXR/F for departure; and ground control changed us to Runway XXL. The Captain called for the runway change procedure and we were split-task for a few minutes to update the required information. The remainder of the taxi out was uneventful.In-flight: As the PM (FO); I consciously observed a heightened awareness of the engine instruments on takeoff roll (more than usual). I did not notice the correlation to the auto throttle and the #2 N1; however; and neither of us noticed any other abnormalities in performance or indications. The autothrottle has disengaged in the past during takeoff or climb out; so this did not seem unusual at first. CRM: The Captain delegated tasks; but a couple of times we both answered or duplicated radio calls. We were methodical to ensure we were performing the appropriate checklists as this was an unusual situation. The term 'Engine Limit' as part of the title was not readily apparent as applicable; but we realized the first line in the Condition Statement is 'Engine Indications are abnormal'. We had already applied the Immediate Action items through our analysis and stabilization of the aircraft and the QRC does not call for any additional actions. We also determined that this checklist concluded at Step X with the engine at reduced thrust and coordination with Maintenance Control and Dispatch. In the checklist; communication errors and imperfect systems knowledge resulted in some confusion over brake setting for landing but was resolved. Finally; task management required split-task effort and re-brief; adding to the challenge; but we had plenty of time to verify all necessary items before entering the traffic pattern for landing at ZZZ.",,"B737 flight crew reported an engine failure after take off; resulting in an air turnback and precautionary landing at the departure airport.",
1881835,202203,0001-0600,ZZZ.Airport,US,,,,,,VMC,,,Night,,,Ramp ZZZ,Air Carrier,A321,,2,Part 121,IFR,Passenger,,Parked,Vectors,,Y,Y,Y,Y,Unscheduled Maintenance,Testing; Inspection,,,,,,,,,,,,,,,,,,AC Generator/Alternator,,X,Malfunctioning,,,,,,,,,,,,,,,,,,,,,,,,,,,,,,,,,,,,Aircraft X,Flight Deck,Air Carrier,Captain; Pilot Flying,Flight Crew Multiengine; Flight Crew Instrument; Flight Crew Air Transport Pilot (ATP),,,Troubleshooting; Time Pressure; Fatigue; Distraction; Communication Breakdown; Situational Awareness,Party1 Flight Crew; Party2 Flight Crew,,1881835,,,,,,,,,,,,Aircraft Equipment Problem Critical; Deviation / Discrepancy - Procedural Published Material / Policy; Deviation / Discrepancy - Procedural Maintenance; Deviation / Discrepancy - Procedural FAR; Deviation / Discrepancy - Procedural MEL / CDL,,N,Automation Aircraft Other Automation; Person Flight Crew,Aircraft In Service At Gate,Flight Crew Returned To Gate; General Flight Cancelled / Delayed; General Maintenance Action,Procedure; Aircraft; Human Factors; MEL,Aircraft,"Aircraft X began with a report time of XA:15 local time at ZZZ with a destination of ZZZ1. Upon maintenance logbook review; two items of note were the INOP APU [for oil quantity I believe] and a #2 engine igniter INOP. These MEL items required an engine start at the gate with external air cart and a manual start for Engine #2. Aircraft was blocked with Engine 2 started at the gate under guidance from Section X reference material. Unable to cross bleed start in the alley the aircraft repositioned for a 'Cross bleed start' to taxi for departure. At this point the inflight called forward to inform us of a loss of all electrical power in in the cabin and trouble using the interphones. The galley power had shed and was only indicated by a note on the electrical page of the ECAM (Electronic Centralized Aircraft Monitor).  As per procedure I made a call to Dispatch and Maintenance Control for further direction. A description of the events was given to Maintenance Control and I asked for their direction to restore the galley bus. Under direction of Maintenance Control; I reset Sec 1; 2 and 3. I am unsure why the SECs would be used for the solution; but I defer to the knowledge of MX (Maintenance) Control. I never attempted to start the remaining engine which may have cured the problem; mostly because of the trouble with interphones and the unexpected galley issues. The call to MX Control was to get help in assessment of the failures and to find an easy solution. The reset was unsuccessful and Maintenance directed me to return to gate have the local maintenance fix the problem. Which to me indicated a larger aircraft systems problem.  In the hour of troubleshooting; the customers were left without air-conditioning and the cabin reached 90 degrees with many of the customers complaining of the heat. A water service was started by the inflight.  Back at the gate Maintenance was unable to reset the galley power by normal procedures and worked on the problem for one hour. The solution was to start both engines and the INOP APU; which MX started while still on MEL [the MEL was never cleared] at the gate along with a reset of the galley bus to restore galley function. I was told push off the gate with both engines as the solution. The aircraft was boarded and customers seated so we closed up received a new release and fuel summary for block out. The flight blocked out at XB:12 local.  At push back the wheel chocks were lodged in place and unable to be moved with both engines running. The push crew advised that we needed to shut an engine down to free the chocks. I asked for Maintenance on the interphone and a MX person answered on the tug comm. I advised that shutting down may cause the same galley problem and might result in a gate return a second time. Maintenance understood and recommended the Engine 2 shut down; to free the chocks; so Engine 2 was shut down.  With the chocks free the push continued with Engine 1 running which resulted in the same situation of loss of electrical aft of the cockpit. The push was stopped at my request and the aircraft towed into the gate at XB:22 local with the same MX problem and logbook entry.  I notified Dispatch of the return and a waited for further instructions from operations. At XC:00 local I called fatigued for the flight as a departure at this point would have had an arrival time of XD:00 local in ZZZ1 and I was not safe to operate the far into the red eye period.   I was never informed that all the failures might be normal and associated with the APU inop and single engine start. If so I would have continued with the normal operation and chock the situation up to my failure to recognize the associated failures.",,,,"A321 Captain reported communications issues caused lengthy delays and a fatigue call after load shedding interfered with engine start and push back from the gate.",
1882059,202203,1801-2400,ZZZ.Airport,US,,,0,,,,,,,,,,Air Carrier,Commercial Fixed Wing,,,Part 121,,Passenger,,Parked,,,,,,,,,,,,,,,,,,,,,,,,,,,,,,,,,,,,,,,,,,,,,,,,,,,,,,,,,,,,,,,,,Aircraft X,Flight Deck,Air Carrier,First Officer,Flight Crew Multiengine; Flight Crew Air Transport Pilot (ATP); Flight Crew Instrument,,,Workload; Time Pressure; Fatigue,,,1882059,,,,,,,,,,,,Deviation / Discrepancy - Procedural Published Material / Policy; No Specific Anomaly Occurred Unwanted Situation,,,Person Flight Crew,Pre-flight,General Work Refused,Staffing; Company Policy; Human Factors,Ambiguous,"I had to call in sick for my trip on Date; and throughout this report I want to expand on why I made that call.The reason for my sick call was fatigue; to the point that I didn't feel fit to fly for the above-mentioned trip. I believe long hours of working caught up on me and made me more tired than I normally am after my trip.In the past 365 days; I accumulated 967:XX hrs. of block time and many times I went above 990 in the past few weeks. If it wasn't for a couple of conversion from active flying to deadhead; I believe the 1;000 hrs. limit would have been reached. (In the past 28 days I have deadheaded for 14 hrs:XXmin and blocked for 79:XX [hrs]. If I flew the above scheduled trip; the total block could have been close to about 90 hours)Even though few flying picked up by desire here and there; (crew to crew; and mainly to help out colleagues with immediate family needs) scheduling pressure at our airline has never been as high as it has been recently. Long stretch of working days back-to-back; minimum days off; inefficient days with long seats around the airport; and lack of scheduling flexibility is the common issue among my peers these days.As an example; over the holiday I worked 7 days in a row; (a 3 day and a 4 day) and it was legal only because we had 30 hrs. of layover on my 3-day trip. First day of that trip was scheduled to fly X international legs with a block hour of 8:XX which included almost 3 hrs. of seat at ZZZ [airport]. The whole trip worth around 14 hrs. for 3 day and still don't know why that trip scheduled to be so packed and close to FAR 117 limits.There have been many months in the past year that I didn't intend to fly as many hours as I did; but the way schedules are being assigned; you try to pick up something with the hope that it brings your monthly credit high enough so that you can drop another trip; but most of the time last minute changes in crew availability makes you work all the extra trips you picked up. Even at times when the reserve coverage looked good; there are so guidelines restricting us from making any safety adjustments to our schedule.Hopefully my report cast some light on my sick call due to fatigue; and hopefully our cumulative effort brings positive changes to our work rules; eventually making it a better; safer; and healthier place to work. Appreciate if this report and other similar report result in any kind of improvement in our scheduling system.",,,,"Air carrier First Officer reported having to call in sick due to fatigue resulting from long work hours. First Officer stated many consecutive work days with minimum days off and lack of scheduling flexibility are common issues at the company.",
1882878,202203,,,,,,0,,,IMC,1,,,,,,Air Carrier,Commercial Fixed Wing,,2,Part 121,IFR,Passenger,,,,,,,,,,,,,,,,,,,,,,,,,,,,,,,,,,,,,,,,,,,,,,,,,,,,,,,,,,,,,,,,,,,,,,Captain; Pilot Flying,Flight Crew Air Transport Pilot (ATP); Flight Crew Instrument; Flight Crew Multiengine,,,Fatigue; Workload; Time Pressure,,,1882878,,,,,,,,,,,,Deviation / Discrepancy - Procedural FAR; Deviation / Discrepancy - Procedural Published Material / Policy; Ground Event / Encounter Weather / Turbulence; No Specific Anomaly Occurred Unwanted Situation,,,Person Flight Crew,Pre-flight,General Flight Cancelled / Delayed,Company Policy; Weather; Staffing; Environment - Non Weather Related; Human Factors; Procedure,Ambiguous,"I am happy to provide great detail for a fatigue call I felt cornered to make even though yes; I was extremely tired; I also should not have been considered legal to fly. Prior to this trip I received normal rest and felt well fit to perform my duties. Date was the start of my trip beginning with a 5 leg day and after our first flight to ZZZ; we were stuck on the ground for 3:XX hours due to a large cell that grid locked State from ZZZ1 down. I alerted Dispatch; ATC; and Crew Scheduling of this situation and suggested that scheduling assign our ZZZ2 turn to a reserve crew to keep all flights on time and avoid a rolling delay and the possibility of our crew timing out; but this was ignored and so all flights aside from our first flight were a rolling delay. After additional delays due to weather and maintenance; our crew was then required to take a 2 hour extension; leading to 7:XX of blocked flight time; 13:XX hours of duty and 12:XX hour layover. The day of my fatigue call began with rolling delays without even enough time in between to stop and eat.Our crew did our best to make up flight time and turn time to get the delays minimized; however due to a heavy snowstorm in ZZZ3; we had to wait in line to be de-iced. We ended up over blocking over 1:XX hours on our flight back to ZZZ4. If scheduling would have built out the trips correctly showing a 40 minute turn in ZZZ4 and a 3 hour blocked flight to ZZZ5; it would have showed us going beyond our 13 hour FDP (Flight Duty Period) for Date 1. The trip had been manipulated to show a 3X minute turn and 10 minutes less of block which with 15 minutes of post duty time; we would have been still past 13 hours of block. Since I had been extended the night prior; I then need 30 hours of rest before being extended again. When contacting the scheduler about this I was told that the situation was being monitored and that updated number were 'in the cue'. I was told to hold off until receiving a push notification and a call from scheduling. At this point I was definitely fatigued and was going to generate a report regardless; however I did not want to have to use the fatigue call and deal with the negative ramifications of doing so (i.e.; sick bank reduction and reduction of min guarantee/tier pay) considering that this was a legal issue as well.After receiving the updated data that clearly showed that pushing back 5 minutes prior to receiving the 'updated' numbers that we were going to arrive at ZZZ5 beyond our FDP; I then called scheduling again to be released legally. We ended up conferencing Chief Pilot to discuss legality.  I was told that if I push right now; 10 minute taxi to take off and 2:XX of flight and 5 minutes taxi into ZZZ5 that I'd be able to make it with the 30 minute extension. All of that was predicated on being fully boarded and pushing back at that moment (XA:45pm) and taking off no later than XB:05pm with only 2:XX flight time which we were not at all in the position to do. The math was completely skewed as we hadn't boarded because we were told to hold off since we were very close to illegally crossing into our hard 117 limitation.  One minute beyond would result in a violation of 117 rest requirements and is completely illegal. The Chief Pilot was asked how to proceed by the scheduler and stated that if scheduling said we are able to make it happen based on their timeline then we should try for it. I expressed the unrealistic ability to make the flight happen and the situation of violating a 117 regulation and still was made out to feel that I was the cause of our delay. If anything happened in flight as in ATC slowing us down; giving us a hold; deviating around weather (which we very well may have needed to do) or simply not had a ground crew ready to taxi us in; I would have been in the situation of needing to divert; open the flight deck door prior to block in or declare an emergency to get to an airport in time before violating my 117 rest requirements. I knew my personal limits as to my own health and well-being and was certainly tired regardless; therefore was forced to use the fatigue call even though using realistic numbers; we were not legal to fly but was; in my opinion; being bullied into trying to make the flight happen at all cost and that to me is a big safety concern.I believe that crew scheduling needs to not pressure pilots into potentially violating 117 regulations. It is a joint responsibility of our team to ensure that the flight is safe and legal to fly. They also need to do a better job of collaborating with the pilot group. This entire situation could have been avoided had scheduling removed the ZZZ2 turn from our crew the night before as I had suggested. All flights aside from ZZZ-ZZZ4 would have been operated on time. Instead this lead to out crew worked to the extent of our legal limits during fatiguing situations such as weather; maintenance and delays. I understand that we are in a tight situation with Pilot availability; however it is most important that flights are being conducted safely and in correspondence with 117 FDP limitations.I believe the root cause might be the culture that we are in currently. We have a very short staff of reserve pilots at the moment and so I feel that mostly we try to stretch our pilots thin in order to satisfy the consumer demands of travel. I would have loved to see that flight go and get the customers to their destination; however it is my responsibility to operate that aircraft safely and legally. It should not be the culture to pressure pilots into making a flight happen that will potentially cause a violation. This culture is a safety concern and must be changed.",,,,"Air carrier pilot reported making a fatigue call after experiencing multiple delays; crew scheduling issues; and not being able to meet the rest requirements of FAR 117.",
1883542,202203,,,,,,0,,,,,,,,,,Air Carrier,Commercial Fixed Wing,,,Part 121,,,,Parked,,,,,,,,,,,,,,,,,,,,,,,,,,,,,,,,,,,,,,,,,,,,,,,,,,,,,,,,,,,,,,,,,,,Air Carrier,,,,,Fatigue,,,1883542,,,,,,,,,,,,Deviation / Discrepancy - Procedural Published Material / Policy; Deviation / Discrepancy - Procedural FAR; No Specific Anomaly Occurred Unwanted Situation,,,Person Flight Crew,Aircraft In Service At Gate,General None Reported / Taken,Human Factors; Company Policy,Ambiguous,"FAR 117 and Company policies are inadequate to ensure proper rest opportunities. A 10-hour minimum rest; allowing 30 minutes for round trip transportation and 8 hours of sleep opportunity; a mere 90 minutes of rest remains to check in to the hotel; eat; exercise; prepare for sleep; allow for hygiene; and prepare for the new work day. Often; set hotel transportation schedules further eat into the 90 minutes of 'personal time.' Ninety minutes is insufficient after a sometimes 16+ hour day to achieve adequate rest. Furthermore; Company's reliance on early morning departures often requires attempting to sleep as early as 6 PM body clock time to attempt 8 hours of sleep. Proper hygiene; exercise; nutrition; and rest are important for personal health; even more so during a pandemic.Company relies solely on legal minimums; without opportunity to mitigate fatigue. A Pilot's only option is to declare fatigue and return to rest. A fatigue call should be an anomaly; used when unusual events occur; not the only mechanism in place for a Pilot abused by Company Scheduling practices; to ensure safe operations of flight. Contractual compliance is more of a guideline for Company. They seem to be reactionary; rather than proactively complying with the fatigue mitigation requirements limiting duty day.Flight duty app does a poor job of ensuring legal and contractual compliance. It seems as though there is a 'set it and forget it' approach. Once assigned; it is the Pilot's responsibility to ensure compliance; rather than it being a shared responsibility. Flight duty app's continued rerouting of Crews; affected by other operational difficulties; subjects additional Crews to long days; short nights while creating further operational challenges of displaced Crews.Company provides fatigue mitigation training through distance learning modules. There is no opportunity to implement mitigation strategies when Company Scheduling response to questioning the efficiency or efficacy of a reassignment is; 'But it's legal.' Company needs to do better than reaching for the bare minimum when it comes to something as paramount to Flight Safety; as Crew Member fatigue.FAR 117 needs to be improved to adequately address fatigue concerns. Both [military branch X] and [military branch Y] require 12 hours of off-duty time to allow for transportation; nutrition; exercise; hygiene; and rest. Ten hours is insufficient to allow for each of these necessary part of healthy human existence. Company needs to treat its Crew Members as people; not machines. Repetitive long days and short nights increases risk. A Pilot overestimating his/her condition and ability increases risk. Mitigation strategies need to be emphasized rather than relying on a fatigue call as the only mechanism to repair Company's inefficient scheduling practices",,,,"Air carrier pilot reported issues with fatigue associated with inadequate rest and company policies involving FAR 117.",
1883754,202203,1201-1800,ZZZ.Airport,US,,,0,,,VMC,,,Daylight,,,,Air Carrier,B757-200,,2,Part 121,IFR,Passenger,FMS Or FMC,Landing,Other Controlled,,,,,,,,,,,,,,,,,,,,,,,,,Main Gear Wheel,,X,Failed,,,,,,,,,,,,,,,,,,,,,,,,,,,,,,,,,,,,Aircraft X,Flight Deck,Air Carrier,Pilot Flying,Flight Crew Multiengine; Flight Crew Air Transport Pilot (ATP); Flight Crew Instrument,,,Communication Breakdown; Confusion; Fatigue; Situational Awareness; Workload,Party1 Flight Crew; Party2 Flight Crew,,1883754,,Flight Deck,Air Carrier,Pilot Not Flying,Flight Crew Multiengine; Flight Crew Air Transport Pilot (ATP); Flight Crew Instrument,,,Fatigue; Human-Machine Interface; Situational Awareness; Time Pressure; Workload; Communication Breakdown; Confusion,,,1883756,Aircraft Equipment Problem Critical; Deviation / Discrepancy - Procedural FAR; Deviation / Discrepancy - Procedural Published Material / Policy; Deviation / Discrepancy - Procedural MEL / CDL,,N,Person Air Traffic Control,Other Landing Roll Out,Air Traffic Control Provided Assistance; Aircraft Aircraft Damaged; Flight Crew Requested ATC Assistance / Clarification; General Flight Cancelled / Delayed; General Maintenance Action,Aircraft; Procedure; MEL; Human Factors,Human Factors,"After landing during the rollout two left main tires blew. We did not know the tires had blown until Tower advised us of our situation. We had already exited the runway then stopped to have the aircraft evaluated by our Mechanics. They decided to put the gear pins in and tug us into parking. The Mechanic advised us no damage to flaps appeared so we retracted flaps and shut down the engines for tow in. We had been on duty since XApm the night before and I believe fatigue played a part in this incident. We were scheduled for three legs and a 10 hour duty day. The third leg ZZZ1-ZZZ led to holding for about 30 minutes. We started an approach then the visibility went below legal. We diverted to ZZZ2 which had been planned while in holding with dispatch. In ZZZ2 Dispatch agreed we would wait out until weather cleared up. The gateway got us some food since we hadn't eaten since XHpm the day before. This pairing had no catering scheduled. We had about 2 hours in ZZZ3 before our flight to ZZZ1. We got the green light to continue back to ZZZ when the incident occurred. I believe we had been on duty close to 13 hours at that point. The weather had improved and the approach seemed stable and touchdown normal. Due to the three MELs we elected to use flaps thirty on all of three flights. The left thrust reverser; all anti skid protection; auto brakes; CAT 3 downgraded; and 1 GPS were all MELd. I believe when I pulled up the 1 reverser I must have applied too much braking action. In hind sight; I wish I had just rolled long and never touched the brakes; however the other 2 legs had been uneventful with flaps 30; 1 thrust reverser; and manual braking with no anti skid or auto brakes.",,"While on the landing roll; the aircraft blew two of the left main tires. I was unaware of the situation until ATC advised that we had blown tires. The aircraft did not yaw nor show any signs of major vibrations. The Captain was able to exit the runway and bring the plane to a stop on the taxiway. I called the gate way to request a Mechanic and tug for further assistance. Factors that contributed to the blown tires were two MEL's and the possible fatigue factor of the crew. The aircraft had an MEL that resulted in the anti-skid protection being completely inop. Added to no anti skid protection; the aircraft had the left Thrust Reverser pined inop. We also had an MEL for one GPS inop; did not factor into approach as this was VFR backed up with ILS. Fatigue played a factor too. The night started in ZZZ3 with duty time XA:10 local (XF:10Z) First leg was flown to ZZZ2. We had a couple of hours in ZZZ2 where we picked up this tail to fly ZZZ2 - ZZZ1 then onto ZZZ.  The landing at ZZZ1 was uneventful. The flight from ZZZ1 - ZZZ resulted in holding for weather below 1800 RVR; followed by a partial approach when RVR went to 2400 then a missed approach when RVR dropped back to 1200. The missed was flown to new alternate from the company at ZZZ4. Landing at ZZZ4 we were advised of new advisory to operate back to ZZZ. At the time of advisory the weather at ZZZ was 200 ft. and low visibility. At this time we had been operating with out a meal since dinner at around XE:00 local time ZZZ; over 12 hrs. We did request some food from the gateway at ZZZ4 and they were great in making this happen. We were able to depart ZZZ4 flying back to ZZZ and do a visual approach. On this landing the two left main tires blew.",,"B757-200 flight crew reported two main tire assemblies deflated on landing roll out due to excessive manual braking applied due to three different MELs on the aircraft. The aircraft was towed to the gate to complete the flight.",
1885585,202202,1801-2400,ZZZZ.Airport,FO,,,0,,,,Snow,,Night,,,TRACON ZZZZ,Air Carrier,Airbus Industrie Undifferentiated or Other Model,,2,Part 121,IFR,Cargo / Freight / Delivery,FMS Or FMC,Initial Climb,,,,,,,,,,,,,,,,,,,,,,,,,,Landing Gear,,X,Malfunctioning,,,,,,,,,,,,,,,,,,,,,,,,,,,,,,,,,,,,Aircraft X,Flight Deck,Air Carrier,Captain; Pilot Flying,Flight Crew Multiengine; Flight Crew Instrument; Flight Crew Air Transport Pilot (ATP),Flight Crew Last 90 Days 100; Flight Crew Total 17000,,Distraction; Fatigue; Time Pressure; Troubleshooting; Workload,,,1885585,,,,,,,,,,,,Aircraft Equipment Problem Critical; Deviation / Discrepancy - Procedural Published Material / Policy; Ground Event / Encounter Weather / Turbulence; Inflight Event / Encounter Weather / Turbulence,,,Person Flight Crew,In-flight,Air Traffic Control Issued New Clearance; Air Traffic Control Provided Assistance; Flight Crew Landed in Emergency Condition; Flight Crew Overcame Equipment Problem; Flight Crew Returned To Departure Airport; Flight Crew Requested ATC Assistance / Clarification,Aircraft; Weather,Aircraft,"Scheduled to operate Aircraft X. Got to the gateway on time XA30 pm and there was light rain on the field. By the time we were loaded up the rain changed to a very heavy snow. The weather was calling light snow -3C. The snowfall intensity table entering those conditions showed it to be moderate snow and gave me a holdover time of 30 minutes to an hour. I called my Dispatcher and he agrees. We then pushed back to taxi to the de ice station. During taxi the snow had already piled up and the breaking action became nil. I slid to a stop and set the brake and reported to Ground. They sent snow plows to me and cleared me a path back to the parking spot. It was just coming down too hard and I figured the runway would be bad also. I figured that even though the weather was calling light snow; in my judgement it was actually heavy snow with a rapid rate of accumulation. We made it back to the gate and waited 4 plus hours for the conditions to improve. And to allow them to plow the field.During this time I worked with Dispatch and also informed Operations of our situation. The airport was putting out very different runway condition reports so it was hard to determine safe and legal. Reports were rapidly going from 3/3/3; 1/1/1; 6/6/6. There were 4 other flights dealing with the same issues as me. The Company flights cancelled at around XC00 pm and us and the 2 cargo Jet planes sat at the ramp waiting for the conditions to get better. After the long wait the snow let up a bit and all surfaces had been plowed so I decided to try again. I had the numbers I needed. One of the cargo jet had already taxied to the de ice pad and I asked him how the taxiway was and he reported them as fine but they were returning to the gate because their snowfall intensity table was more restricted than mine they needed 1 mile visibility for the weather to be considered moderate snow I only needed 3/4 of a mile. I then taxied to the de ice station. It took about 1.5 hours to de ice. The snow never stopped but was going back and forth from heavy to light.After we were de iced we were cleared for takeoff and the visibility was 1.5 miles and the runway was plowed. After liftoff we couldn't retract the gear. Due to the icing conditions; I was now in an urgent condition and needed to get on the ground fast. We [advised ATC]; asked for immediate vectors back to Runway XX ILS Cat 2. The weather app on my EFB showed tops to 15000 to 25000 ft. and the storm went for hundreds of miles around me so where I took off from was my best bet to get out of the ice. We threw in the approach; quick brief; ran all checklist; checked for any checklist guidance on the gear but found none. We tried twice to get them up but only the doors would open and I didn't want to risk getting them into an unlocked condition. The Controller gave me short vectors to about a 6 mile final. I put both autopilots on; selected med auto brakes and we couldn't get the ACARS to provide landing numbers so I flew hook plus 10. 5 for ice and 5 for gusty winds. Somewhere around 500 ft. we saw the runway. I allowed the autopilot to get us to 200 ft. and turned them off. I didn't know how it would perform in those conditions The landing was uneventful and I sent the CFR guys home. We then were told we could not park back at our gate and had to wait a few hours for them to plow remote parking for us. Once in remote parking we waited for stairs and a ground crew. Shut down. Called Company. Plan was for us to try again as we had 2 hours duty left. After what we just went through I determined that to be unsafe and said no. They coded us as Fatigued and called the hotel. We had to wait for an hour or so for ground transport due to the bad road conditions. Got to the hotel at XK30 am with a plan of leaving out again at around XD00 pm. I got in bed at XM00 am and fell asleep. At XQ37 the phone in my room rang. It was the front desk saying to call Scheduling. I called them and was informed that we now had a much earlier departure. XU00pm van. I told him he disturbed my rest; I've only been sleeping for 4.5 hours after a long stressful duty day. The tone in the Schedulers voice changed and I could feel the pressure amping up. I asked if my FO (First Officer) had also been called and he said yes and he was ok to fly. I told him I'd call the FO and ask him myself. My FO said he was ok so we agreed to have a XU00pm van and try to get out of there again. We figured we'd show up; step on the jet and fly home. Arriving at the gateway we took them by total surprise. There was only a few office staff there. Told us it would be hours before workers showed up. I decided to use that time to get with Dispatch as the jet would be flown to ZZZ1 gear down. That was an extensive flight planning session and it was determined that we could only weigh 262000 in flight in case I lost an engine and needed to stay above the clouds as you can't fly in icing conditions with the gear down and there were clouds enroute with tops to 10000 ft. We also had to multiply our fuel burn by 2.2 per the charts. In order to do that the 60k of cargo would have to be unloaded. There was nobody to do that. At that point I was so tired I was struggling with even simple tasks and decided the mission was too complex and would take too long for my crew to safely fly. I informed the dispatcher; and 2 [other pilots] that we were too tired to fly and they all agreed we were not rested enough for the flight. We were again coded as fatigued and sent back to crew rest. During that rest we went from laying over for 24 Plus hours to being jump seated home the next morning.",,,,"Air carrier Captain reported that after long departure delays due to heavy snow and de-icing; the landing gear would not retract during takeoff. The flight returned for maintenance and crew rest however after planning for another departure the crew reported too fatigued to fly.",
1886735,202203,0601-1200,ZZZ.Airport,US,,,0,,,,,,,,,,Air Carrier,Commercial Fixed Wing,,2,Part 121,IFR,Passenger,,Climb; Descent; Final Approach; Initial Approach; Takeoff / Launch,,Class C ZZZ,,,,,,,,,,,,,,,,,,,,,,,,,,,,,,,,,,,,,,,,,,,,,,,,,,,,,,,,,,,,,,,Company,,Air Carrier,Dispatcher,Dispatch Dispatcher,,,Time Pressure; Fatigue; Distraction; Communication Breakdown; Workload,Party1 Dispatch; Party2 Flight Crew,,1886735,,,,,,,,,,,,Deviation / Discrepancy - Procedural FAR; Deviation / Discrepancy - Procedural Published Material / Policy,,,Person Dispatch,In-flight,General None Reported / Taken,Environment - Non Weather Related; Human Factors; Weather,Human Factors,"I dispatched a flight to an airport that does not have a 5G AMOC for the Aircraft X aircraft type. The flight's dispatch release was initially planned legal at first but the TAF updated before the aircraft reached point of dispatch and I forgot about the flight and the flight took off with 1/4 SM in the new TAF and therefore was an illegal dispatch. At the last second; I remembered about the flight and I sent frantic ACARS messages and tried to call ATC but it was too late the flight was on the takeoff roll when I tried to call ATC and they took off. The Flight landed at intended destination with no further issues after taking off illegally. I was very task saturated today with weather issues and it caused me to get behind. In my opinion; I was more behind today than I normally am because of weather and maintenance issues.  I had 2 Aircraft X flights that were departing the same location to the destination that has no 5G AMOC. When the TAF updated and had 1/4 SM now in the TAF for ETA; I reached out to one of of the flights and made sure they did not pushback from the gate. Because I was task saturated and behind; I got tunnel focused and forgot about the other Aircraft X flight at that same airport going to the same destination. By the time I realized I did not tell that other flight to stop too; it was exactly 10 minutes after ACARS OUT time was recorded. I frantically sent ACARS messages to get them not to takeoff and to call me and as well I tried to call ATC multiple times but for some reason Tower would not answer the phone. Unfortunately the flight took off with two alternates on the release but the flight did not qualify for Exemption because there was no conditional language in the TAF at ETA and as well the main body at ETA read '1/4 SM'. For this reason; it was an illegal dispatch. For the record; at time of planning; the ETA showed 1/2 SM in the TAF at ETA and the flight was planned with 2 alternates in case a new TAF came out with conditional language so that Exemption could be used if need be. I will do a better time of issuing flight crews pertinent safety of flight information such as weather per my sole responsibilities in the role of Aircraft Dispatcher. I will do a better time of increasing situational awareness and keep a better track of my flights to ensure safety of flight is never compromised. I will do a better time of duty/task prioritization and ensure that this issue does not occur again.",,,,"Dispatcher reported releasing an aircraft to an airport that did not have a 5G AMOC for the aircraft type and did not meet weather requirements.",
1889149,202203,1801-2400,ZZZ.Airport,US,,,200,,,,,,,,,Tower ZZZ,Air Carrier,B737 MAX Series Undifferentiated,,2,Part 121,IFR,Passenger,FMS Or FMC; GPS,Final Approach,Visual Approach,Class C ZZZ,,,,,,,,,,,,,,,,,,,,,,,,,,,,,,,,,,,,,,,,,,,,,,,,,,,,,,,,,,,,,,,Aircraft X,Flight Deck,Air Carrier,Captain; Pilot Flying,Flight Crew Multiengine; Flight Crew Instrument; Flight Crew Air Transport Pilot (ATP),,,Situational Awareness; Other / Unknown; Human-Machine Interface; Communication Breakdown; Confusion; Distraction,Party1 Flight Crew; Party2 Flight Crew,,1889149,Aircraft X,Flight Deck,Air Carrier,First Officer; Pilot Not Flying,Flight Crew Instrument; Flight Crew Multiengine; Flight Crew Air Transport Pilot (ATP),,,Fatigue; Situational Awareness; Other / Unknown; Distraction; Confusion; Communication Breakdown,Party1 Flight Crew; Party2 Flight Crew,,1889162,Deviation / Discrepancy - Procedural FAR; Deviation / Discrepancy - Procedural Published Material / Policy; Flight Deck / Cabin / Aircraft Event Other / Unknown; Inflight Event / Encounter Unstabilized Approach,,,Automation Aircraft Other Automation; Person Flight Crew,In-flight,Flight Crew Became Reoriented,Human Factors,Human Factors,"On short final during a visual approach to Runway XXL at ZZZ we were alerted by a GPWS audible annunciation of 'Too Low; Flaps' at approximately 200 ft. AGL. I was hand flying the aircraft at the time and stated to the First Officer; 'We are at flaps 30; right? He took a look and said no; we're at 25; and simultaneously moved the flap lever to the 30 degree position. We proceeded to complete the approach and landing uneventfully.We were flying a 737 MAX; which is rare for me; and I initially wasn't sure if I wanted to set up the flight instrument displays so that the engine instruments and flaps display were on my Multi-function Flight Display or the First Officer's. I opted to have them on the First Officer's side and have a larger map display on my side. This put the flap display further from my view. We had completed the before landing checklist at approximately 2;000 ft. AGL; and both of us thought we had verified flaps at 30 degrees; but apparently we were still at 25. The First Officer mentioned he might have gone to flaps 10 when I called for 15; and then was behind by one notch for each subsequent call. I believe when I called for flaps 30; the lever was moved from 15 to 25; and regrettably; neither of us caught the discrepancy. The approach remained stable throughout the incident. In retrospect; upon receiving the alert; we should have executed a go-around. This would have prevented us from making a configuration change below the standard 1;000 approach criteria. In the future; I'll also be more careful to take a close look at the flap indication for each setting; and set up the Multi-function Flight Display so that when I'm the flying pilot on the MAX; I'll keep the gauges displayed closer to me to facilitate an accurate reading.",,"On short final to Runway XXL visual approach to ZZZ we were alerted by the GPWS warning flaps too low at approximately 200 ft. AGL. I was non flying pilot. Captain asked if we were flaps 30 and I stated no and put the flaps to 30 degrees. We continued and landed uneventfully. I had an early commute coupled by a delay making a long day longer and flying a 737 MAX; which I see once in a while. Upon configuration when the pilot called for flaps 15 I believe I selected flaps 10 thus when flaps 30 was called I selected flaps 2. Being very tired I didn't catch this and even on the check list neither of us caught the flaps not being at 30. Leaving I felt fine but a half hour before landing became tired. Should have emphasized that to the Captain on the brief that I am tired and back me up. When tired double check checklist items.",,"B737 MAX flight crew reported an unstabilized approach and associated GPWS warning due to flap misconfiguration. The flight crew set flaps correctly and continued to landing.",
1889943,202204,0601-1200,ZJX.ARTCC,FL,,,,12000,,Marginal,Thunderstorm,,,,,Center ZJX,Air Carrier,Commercial Fixed Wing,,2,Part 121,IFR,Passenger,,Cruise,Vectors,Class E ZJX,,,,,,,,,,,,,,,,,,,,,,,,,,,,Center ZJX,Air Carrier,Commercial Fixed Wing,,2,Part 121,IFR,Passenger,,Cruise,,Class E ZJX,,,,,,,,,,,,,,,,,,,,,,,,Facility ZJX.ARTCC,,Government,Enroute,,Air Traffic Control Time Certified In Pos 1 (yrs) 15,,Time Pressure; Workload; Distraction; Fatigue; Situational Awareness,,,1889943,,,,,,,,,,,,ATC Issue All Types; Airspace Violation All Types; Conflict Airborne Conflict; Deviation / Discrepancy - Procedural Published Material / Policy; Inflight Event / Encounter Weather / Turbulence,,,Person Air Traffic Control,In-flight,Air Traffic Control Issued New Clearance,Human Factors; Weather; Environment - Non Weather Related; Company Policy; Airspace Structure,Human Factors,"The only hole in a large line of weather was forcing most all aircraft through my sectors. I was asked to work 'one more' MCO lander and if they could resume departures. I agreed with 20 MIT because I knew I would not have to climb head on with arrivals. Unfortunately; I did not know I was about to be handed multiple southbound deviating slow GA aircraft. I had them at 17000; 16000; 14000 ft.; and all needing deviations. I forced my MCO lander down early to get under the props. In the meantime I took handoff on Aircraft Y; an MCO turboprop departure at 12;000. The complexity kept building; and then F11 said I had to spin Aircraft X; the departure who was currently at 12;000 ft. When the aircraft turned; they became in conflict with Aircraft Y; and I did not recognize it. Just prior to conflict alert; my tracker noticed and in a panic; I descended Aircraft X into DAB airspace at 11;000 ft. without a pointout. The aircraft were probably 1 minute from hitting and it was simply my first reaction.I should have been more diligent in my duty to protect the integrity of my sector. I was being asked to do too much and pressured to do more and I caved. We did wind up spinning several aircraft; but I should have taken more proactive actions earlier. I'd recommend systemic changes to help protect sectors impacted by severe weather; but I figure at this point why bother? Pull the tape and look for yourselves. Pull the tape from last Saturday; last Thursday; or any other day when there weren't 100% ideal weather conditions at ZJX. No matter what; the pressure to 'keep them moving' takes precedence over doing the right thing. Controllers are being forced to recognize on position in the heat of the moment that things are going from bad to worse and then dump the burden of no notice holding on their co-workers because nobody with a higher level view is capable or willing to see what's happening in a timely manner. I; for one have learned my lesson and vow to never again allow a sector I'm responsible for to get that way ever again.",,,,"ZJX Center Controller reported that they issued a 360 degree turn to a departure which placed it into confliction with another aircraft; and to resolve the confliction; the Controller descend one of the aircraft into an adjacent facility's airspace without coordination.",
1890117,202204,1801-2400,SFO.Airport,CA,,,,,,,,,,,,Tower SFO,Air Carrier,Medium Transport; Low Wing; 2 Turbojet Eng,,2,Part 121,IFR,Passenger,,Final Approach,,Class B SFO,,,,,,,,,,,,,,,,,,,,,,,,,,,,,,,,,,,,,,,,,,,,,,,,,,,,,,,,,,,,,,,Aircraft X,Flight Deck,Air Carrier,Captain; Pilot Not Flying,Flight Crew Air Transport Pilot (ATP); Flight Crew Instrument; Flight Crew Multiengine,,,Fatigue; Situational Awareness,,,1890117,,,,,,,,,,,,Inflight Event / Encounter CFTT / CFIT,,,Person Flight Crew,In-flight,Flight Crew Became Reoriented; Flight Crew Took Evasive Action,Human Factors,Human Factors,"On a night FMS bridge visual to Runway 28R to SFO; we got significantly low on the glide path and had a glide-slope warning. I was the Pilot Monitoring (PM) and the FO was the Pilot Flying (PF). I thought we were in LNAV VNAV; on the approach profile with the ILS frequency also plugged in. I'm thinking we maybe we were in level change based on how low we got. The PF did not disengage the autopilot until we realized we were significantly low. How low I'm not sure; but the PAPI/VASI was showing 4 red when I snapped my attention to the situation. The VSD also showed us significantly low. As soon as I looked out front; I said to the PF to 'get two white lights on the PAPI'. He leveled off and added power. I thought of taking the aircraft but he was making excellent corrections. A go-around could have been warranted but we elected to land as we intercepted the glide path. I'm glad I had the VSD up; but I did not use it early enough as the PM to avoid this situation.Causal factors: Fatigue; we were rested but it had been a long 5 hours since [departure]. Complacency; it was perfect weather and both thought LNAV VNAV was a great plan to have some guidance; then followed the flight director too low in altitude. Experience; the PF was highly experienced in the Aircraft X and I was somewhat inattentive or complacent as the PM. I assumed all was good. Distraction; I did not have my head fully in the cockpit prior to our first indication of an issue. This was 100% human factors. I don't think we got ourselves close to an incident but getting low is a never good on an approach. Ultimately; I failed to monitor the flight path and we ended up in an undesirable aircraft state.",,,,"Air carrier Captain reported descending below glide path on a visual approach to SFO when situational awareness was lost.",
1893402,202204,1801-2400,ZZZ.Airport,US,,,0,,,,,,Night,,,Tower ZZZ,Air Carrier,B737 MAX 9,,2,Part 121,IFR,Passenger,,Landing,,Class C ZZZ,,,,,,,,,,,,,,,,,,,,,,,,,,,,,,,,,,,,,,,,,,,,,,,,,,,,,,,,,,,,,,,Aircraft X,Flight Deck,Air Carrier,First Officer; Pilot Not Flying,Flight Crew Multiengine; Flight Crew Instrument; Flight Crew Air Transport Pilot (ATP),,,Fatigue; Training / Qualification,,,1893402,Aircraft X,Flight Deck,Air Carrier,Captain; Pilot Flying,Flight Crew Air Transport Pilot (ATP); Flight Crew Instrument; Flight Crew Multiengine,,,Fatigue; Training / Qualification,,,1894026,Deviation / Discrepancy - Procedural Published Material / Policy; Inflight Event / Encounter Unstabilized Approach,,,,,,Human Factors,Human Factors,"Landing in ZZZ and we may have floated past the touchdown zone. It was in a MAX which I'm still relatively new to. I think I was a little behind in noticing how far we had floated. Likely some complacency with landing on XXR in ZZZ; as it's such a frequent approach for us. It was also a bit of a long day having coming up from ZZZ1 and we were close to 9 hours of block time.",,"Landing in ZZZ in the max which I have only flown a couple times previously I floated in my flare slightly longer than intended to avoid a hard landing at night in a less familiar sight picture. I may have landed slightly past the touchdown zone. Trusting my hud information and flight instruments and avoiding different control inputs based on different aircraft models; instead keeping steady back pressure and looking farther down the runway on flare.",,"B737 MAX 9 flight crew reported being new to this generation aircraft type resulted in landing past touchdown zone.",
1895649,202204,,ZZZ.Airport,US,,,,,,,,,,,,,Air Carrier,A320,,2,Part 121,IFR,Passenger,,Cruise,,,,,,,,,,,,,,,,,,,,,,,,,,Coalescer Bag,,X,Malfunctioning,,,,,,,,,,,,,,,,,,,,,,,,,,,,,,,,,,,,Aircraft X,General Seating Area,Air Carrier,Flight Attendant (On Duty),Flight Attendant Current,,Safety Related Duties,Fatigue; Physiological - Other,,,1895649,,,,,,,,,,,,Aircraft Equipment Problem Less Severe; Deviation / Discrepancy - Procedural Published Material / Policy; Deviation / Discrepancy - Procedural FAR; Flight Deck / Cabin / Aircraft Event Smoke / Fire / Fumes / Odor,,Y,Person Flight Attendant,Aircraft In Service At Gate; In-flight,General Maintenance Action,Aircraft,Aircraft,"ZZZ - ZZZ1 I smelled a dirty moldy sock smell. I asked Flight Attendant (FA) 2 if she smelled anything; and she told me no. I became very tired to the point when they were cleaning the plane and doing security checks I fell asleep in a passenger seat. at this point; I was not aware what I was smelling and experiencing was an air cabin event. we flew back to ZZZ; on arrival at ZZZ the FA 1 smelled the dirty sock smell. and told the Captain; the Capt never told FA 2 or FA 4 that he was calling maintenance for the issue. FA 2 and FA 4 didn't smell the dirty sock smell on arrival into ZZZ but FA 4; ME; I had symptoms when arriving into ZZZ - headache; sore throat; fatigue; cough. I then walked to the service center in ZZZ and they took me off the trip to seek medical attention.",,,,"Air carrier Flight Attendant reported a fumes event during a turn-around sequence in which physiological symptoms on both outbound and return flights. At the completion of the second flight FA was removed from trip to seek medical attention.",
1895846,202204,1201-1800,ZZZ.Airport,US,,,,,,VMC,,,Daylight,,,Tower ZZZ,Air Carrier,Regional Jet 900 (CRJ900),,2,Part 121,IFR,Passenger,FMS Or FMC,Initial Approach,Visual Approach,Class B ZZZ,,,,,,,,,,,,,,,,,,,,,,,,Electronic Flt Bag (EFB),,X,Malfunctioning,,,,,,,,,,,,,,,,,,,,,,,,,,,,,,,,,,,,Aircraft X,Flight Deck,Air Carrier,Pilot Not Flying; First Officer,Flight Crew Instrument; Flight Crew Air Transport Pilot (ATP); Flight Crew Multiengine,,,Workload; Time Pressure; Situational Awareness; Distraction; Fatigue; Human-Machine Interface; Confusion; Communication Breakdown,Party1 Flight Crew; Party2 Flight Crew,,1895846,,,,,,,,,,,,Aircraft Equipment Problem Less Severe; Deviation / Discrepancy - Procedural Published Material / Policy; Flight Deck / Cabin / Aircraft Event Other / Unknown,,N,Automation Aircraft Other Automation; Person Flight Crew,In-flight,Flight Crew Became Reoriented; Flight Crew FLC complied w / Automation / Advisory,Human Factors; Software and Automation; Aircraft,Human Factors,"On approach to landing; pilot flying called for gear down. I hit chime and inadvertently selected flaps 30 and read off flaps 30 straight-in speed. Pilot flying then called for flaps 30 and I noted we were flaps 30 and again straight-in speed. We both expressed confusion as why I had already input flaps 30. Then; Captain called for "check spoilers; flaps 45; before landing check." I checked spoilers 0; flaps 45; straight-in speed; and went to read the checklist and [my EFB] crashed. I attempted to restart and then did checklist from memory because it was taking a long [time] to reload. I correctly called the checklist; but we did not identify that the gear was still up. The gear warning subsequently sounded. We corrected and landed. This happened at the final approach fix; although we were visual.Possible causes could be my lack of good rest for the entire trip. Day 1 was extended and we received less than 12 hours between airport to airport. Day 2 was minimum rest airport to airport. Day 3 ended with adequate rest opportunity but I didn't sleep well due to getting up at XA:00. Also; this was the first trip I was using [the EFB software] for checklists and it hung multiple times when attempting to use the checklist. This caused more rushing and distraction when checklists were called for and being read. I was expecting gear down callout and ready for it. Possibly unrecognized fatigue caused me to go for the wrong control.Resting better would have helped avoid this event. I will no longer use [the EFB software] for checklists until it is more stable. We could have gone around; but there is some ambiguity in the decision process for going around. We recognized the error and corrected; returning to stable approach before 1;000 ft. HAT on a visual approach.",,,,"CRJ900 First Officer reported incorrectly extending flaps instead of the landing gear as well as encountering issues with the EFB software making checklist usage difficult. Corrections were made to the aircraft's configuration prior to 1;000 ft. and a normal landing was completed.",
1900157,202205,1801-2400,ZZZ.TRACON,US,,,,,,,,,,,,Tower ZZZ,Air Carrier,EMB ERJ 170/175 ER/LR,,2,Part 121,IFR,Passenger,FMS Or FMC; GPS; Localizer/Glideslope/ILS ILS Cat 2,Initial Approach,Direct,Class B ZZZ,,,,,,,,,,,,,,,,,,,,,,,,,,,,,,,,,,,,,,,,,,,,,,,,,,,,,,,,,,,,,,,Aircraft X,Flight Deck,Air Carrier,Pilot Flying; First Officer,Flight Crew Instrument; Flight Crew Multiengine; Flight Crew Air Transport Pilot (ATP),,,Fatigue; Communication Breakdown; Physiological - Other; Time Pressure; Workload,Party1 Flight Crew; Party2 Flight Crew,,1900157,Aircraft X,Flight Deck,Air Carrier,Pilot Not Flying; Captain,Flight Crew Air Transport Pilot (ATP); Flight Crew Instrument; Flight Crew Multiengine,,,Other / Unknown; Fatigue; Time Pressure; Physiological - Other; Workload; Communication Breakdown,Party1 Flight Crew; Party2 Flight Crew,,1900245,Deviation / Discrepancy - Procedural FAR; Deviation / Discrepancy - Procedural Published Material / Policy,,N,Person Flight Crew,,General None Reported / Taken,Human Factors; Environment - Non Weather Related; Chart Or Publication; Airport,Human Factors,"While working Aircraft X ZZZ1 to ZZZ; we conducted a CAT II approach to [Runway] XXR in ZZZ and failed to realize that runway is not AMOC (Alternate Methods of Compliance) approved. There is a 5G NOTAM for ZZZ.Initially; we briefed and set up for ILS CAT I for Runway XXR. I was Pilot Flying. Upon check in with ZZZ Approach; we were assigned ILS XXL. We set up and briefed the approach for the ILS CAT I XXL. Upon check in with ZZZ Tower; we were told RVR was 5;000 [ft.] touchdown and greater than 6;000 rollout. However we did not have any runway environment in sight at minimums. We conducted a Go-Around.Upon checking in again with ZZZ Approach; we were now assigned ILS XXR. The Captain and I discussed our current fuel and determined we were well above Bingo and good for another approach. We then discussed doing a CAT II considering that we could not get the airport environment in sight at CAT I mins. We agreed that a CAT II sounded like a good idea and there was a CAT II approach for XXR. We sent for appropriate landing data but failed to notice the ACARS message about the runway AMOC status. Also; we had briefed the Release prior to the flight but failed to remember which runways were AMOC approved. We did run the 'CAT II APPROACH' briefing items but the bullet point 'Review NOTAMs for inoperative ground components' also failed to prompt me to remember the 5G NOTAM. We conducted the CAT II approach to Runway XXR and landed. There were no radio altimeter anomalies. The Captain had the runway environment in sight at 200 feet indicated. The approach and landing were stabilized and uneventful. This error was caused by my failure to verify the AMOC/5G status of the runways at ZZZ on the release and failure to notice the AMOC ACARS message. Contributing factors were the high workload experienced throughout the day which included delays; a return to gate; and a missed approach. In retrospect; I recognize the effects that a long and challenging day can have on state of mind and attentiveness to small details such as reviewing NOTAMs and AMOC status.The addition of 5G procedures in recent months presents another threat and opportunity to commit errors. To prevent this error in the future; I will include a review of the Remarks in addition to the NOTAMs section of the release in my preparation for a CAT II or RNP AR approach. I would also recommend the company add a bullet point to the company document CAT II and RNP AR approaches: 'verify runway is AMOC approved or that no 5G NOTAM [exists] for the airport.'I would recommend a new revision of the company document that adds a bullet point to the CAT II and RNP AR approach sections saying: 'Verify runway is AMOC approved or that no 5G NOTAM exists for the airport/runway.' I will also more carefully review the remarks and NOTAMs section of the release during my preparation for a CAT II or RNP approach.",,"WX reporting minimums for CAT I at ZZZ. Issued [Runway] XXL ILS approach; ending with a go around due to no visual cues for the runway. ATC brought us around for XXR and we discussed to do a CAT II. Shot the CAT II seeing the runway lights at 200 ft. Issued standard SOP CAT II procedure; although the following day the First Officer brought to my attention ZZZ was not 5G AMOC (Alternate Method of Compliance) approved. In the moment; ending the day with 15 hour duty; with 8.9 hours of flight time; it didn't even cross my mind. Add a bullet point to the company document to check for 5G AMOC",,"Air carrier flight crew reported conducting a Category II approach to a runway that was not 5G AMOC approved. The pilots reported fatigue as a probable cause for the error.",
1901910,202205,,,,,,,,,,,,,,,,Air Carrier,Medium Transport; Low Wing; 2 Turbojet Eng,,2,Part 121,IFR,Passenger,GPS; FMS Or FMC,,,,,,,,,,,,,,,,,,,,,,,,,,,,,,,,,,,,,,,,,,,,,,,,,,,,,,,,,,,,,,,,,,Aircraft X,Flight Deck,Air Carrier,Captain,Flight Crew Air Transport Pilot (ATP); Flight Crew Instrument; Flight Crew Multiengine,,,Troubleshooting; Situational Awareness; Human-Machine Interface; Physiological - Other; Fatigue; Distraction; Communication Breakdown,Party1 Flight Crew; Party2 Other,,1901910,,,,,,,,,,,,No Specific Anomaly Occurred Unwanted Situation,,N,Person Flight Crew,In-flight; Pre-flight; Taxi,Flight Crew Took Evasive Action,Human Factors,Human Factors,"I'm involuntarily TDY'd to ZZZ; and had been on duty for 2 days at the time of the event. I have been commuting to ZZZ for [8 hour] airport standby (ready Reserve) for 17 days in the last 30 days; and I have been to my home for 2 days the entire month due to TDY. The night of the Date I was unable to get sufficient sleep; because my significant other (herein refereed to as SO). has been looking at houses with me over facetime and we have conflicting schedules. On the [following day] I was on airport standby with no calls for 8 hours. I was assigned a flight to ZZZ1 that was scheduled to depart 30 minutes after my shift ended. The flight landed and we got to the hotel by XA:00. I then had to find suitable dining accommodations. I was able to get to sleep by XS:00 for a XA:20 van after looking at homes with my SO whom I have barely seen for the last month. During flight; I began to notice error compiling due to fatigue. I immediately alerted the First Officer to my increasing levels of fatigue and asked him to keep a high level of vigilance as I began to feel I was making mistakes; and missing radio calls. As we were descending through 12;000 ft. back into ZZZ I realized we had also forgot to set local altimeter setting. We landed with no further incident. However as we arrived at the gate I have been assigned an additional 6 hours of flying to ZZZ2 and back. It was at this point I decided to remove myself from flying duties. We often hear about the 'swiss cheese model' In aviation; where it is not just one issue that causes incidents in flight; however it is often multiple issues that overlap and fatigue is almost ALWAYS a major contributing factor. In this case; I was beginning to see the holes in our hypothetical model line up. Flying around 79 other people; there are no excuses for poor performance. I do not want fatigue hindering from performing not only my duty to the passengers and company; but preventing me from safely operating the aircraft is unacceptable.The root cause is accumulated fatigue due to poor staffing; forcing me to two-leg commute to an unintended; and unwanted base whilst also being asked to live out of a hotel room for 30 days. On standby I've had a constantly changing schedule that could be remedied with better staffing. After working a full day of standby being asked to work a flight thats 30 minutes after my shift ends for a short overnight; then having a flight day of 7.5 hours of flying is unrealistic.",,,,"Air carrier Captain reported extreme fatigue due to the companies scheduling and personal activities. The Captain called in fatigued to the company and was removed from flying duties.",
1903211,202205,0601-1200,LGA.Airport,NY,,,0,,,,,,,,,,Air Carrier,Light Transport; Low Wing; 2 Turbojet Eng,,2,Part 121,,Passenger,,Taxi,,,,,,,,,,,,,,,,,,,,,,,,,,,,,,,,,,,,,,,,,,,,,,,,,,,,,,,,,,,,,,,,,Aircraft X,Flight Deck,Air Carrier,Ground; First Officer; Pilot Not Flying,Flight Crew Air Transport Pilot (ATP); Flight Crew Multiengine; Flight Crew Instrument,,,Communication Breakdown; Fatigue; Situational Awareness,Party1 ATC; Party2 Ground Personnel,,1903211,,,,,,,,,,,,Aircraft Equipment Problem Less Severe; Conflict Ground Conflict; Critical; Deviation / Discrepancy - Procedural Published Material / Policy; Ground Event / Encounter Other / Unknown,,N,Person Flight Crew,Aircraft In Service At Gate,Flight Crew Returned To Gate; General Flight Cancelled / Delayed,Human Factors; Equipment / Tooling; Company Policy; Procedure,Ambiguous,"During pushback the tug driver pushed our aircraft extremely close to other aircraft parked at neighboring gates. We were cleared to pushback to spot XX. During the pushback I (FO) was watching the right wing walker; and he was giving a wand up the whole time we were moving. After we pushed back and we started to move forward; the tow pulled us forward I was watching the wing to make sure we were clear of a fuel truck. As I turned my head forward I mentioned to the Captain that the nose was very close to the tail of a parked plane. He said that sometimes parking is tight and did not appear concerned. As we made the left turn; I kept my eye on the right wing walker and he continued to give a thumbs up as we continued the turn. I told Captain again that we were pretty close; but still had a thumbs up. As the tug driver turned hard to move us away from the parked airplane; the tow bar snapped. The tug driver stopped the tug and the ground crew came to assist him. We set the parking brake and the Captain called ops about the tow bar and having maintenance meet us to inspect the wheel. Shortly thereafter; I assume ground crew supervisors were called and started to gather around tug and the right wing. After about 15 minutes; We were given clearance to be towed back to the gate for maintenance to check things out. When the maintenance person boarded; she said we had had a near miss with the parked aircraft. I know it may be experienced based; but it is difficult to tell how close we actually were to the aircraft. Also; we were operating on min rest and had had a max crew day the day before.",,,,"First Officer reported a near impact with an adjacent aircraft during pushback after the tug's tow bar snapped.",
1903368,202205,1801-2400,ZZZ.Airport,US,,,0,,,,,,,,,Tower ZZZ,Air Carrier,Commercial Fixed Wing,,2,Part 121,IFR,Passenger,,Taxi,,,,,,,,,,,,,,,,,,,,,,,,,,,,,,Tower ZZZ,Air Carrier,Commercial Fixed Wing,,2,Part 121,IFR,Passenger,,Taxi,,,,,,,,,,,,,,,,,,,,,,,,,,Aircraft X,Flight Deck,,Check Pilot; Pilot Flying,Flight Crew Instrument; Flight Crew Air Transport Pilot (ATP); Flight Crew Multiengine,,,Time Pressure; Communication Breakdown; Distraction; Fatigue; Situational Awareness,Party1 Flight Crew; Party2 ATC,,1903368,Aircraft X,Flight Deck,Air Carrier,First Officer; Pilot Not Flying,Flight Crew Instrument; Flight Crew Multiengine; Flight Crew Air Transport Pilot (ATP),,,Workload; Situational Awareness; Fatigue; Distraction; Confusion; Communication Breakdown,Party1 ATC; Party2 Flight Crew,,1903382,Conflict Ground Conflict; Critical,,,Person Flight Crew,Taxi,Flight Crew Took Evasive Action,Procedure; Airport; Human Factors; Environment - Non Weather Related,Human Factors,"We landed on XR and exited at XX. Instructed to join X and hold short of XL. Instructed First Officer (FO) to remain on Tower frequency until we were clear of all active runways. We were then cleared to cross XL; to join Y; 'keep it moving' and to monitor ground on XXX.X. The FO assisted me in finding the turn onto Y and then checked off VHF #1 to call ramp. I was concentrating on a short distance in front of the airplane in anticipation of the left turn where Y meets XY. As I entered the turn I noticed a light gray object in the darkness above my point of focus. I quickly realized my entire windshield was filled with the image of a company Aircraft Y crossing in front of us from right to left. I applied the brakes and watched as the other airplane cleared our nose by a short distance. We did not receive any advisory about the conflicting traffic nor were we given any 'give way' instructions. Nor did we hear any other airplane receive any such communications. Contributing factors in this incident include fatigue. We were at the end of a duty day that exceeded 11 hours and nearly 8 hours of flying. Also; the late hour (approximately XA:30 local) contributed to a lower level of alertness. Darkness. The incident occurred during hours of darkness and in an area of the airport that is not particularly well illuminated. Taxiway Geometry: The geometry of the intersection of Y and XY is such that the view of Taxiway XY from an airplane on Y is to the right side and not clearly visible. Experience level. The FO is a new hire pilot on his second OE trip. He has no prior 121 experience and this was his first entry into ZZZ. Ideally a real time ground aircraft display on the flight deck would have prevented this incident.",,"Our Aircraft X landed on Runway XR and cleared the runway. Tower instructed us to hold short XL on Taxiway X and we complied. We were then instructed to cross Runway XL and to join Taxiway Y and monitor ground. After clearing XL on Taxiway X we configured exterior lighting; looked both ways and stated 'cleared left / right' then proceeded to join Taxiway Y. The Captain instructed me to call Ramp and he would monitor Ground. As soon as I put my head down to call Ramp; the Captain stopped the aircraft as a company Aircraft Y was overtaking us on the right from Taxiway XY onto Taxiway Y. I did not see this aircraft when stating 'cleared right' after clearing Runway XL on Taxiway X as we joined Taxiway Y per the controller's direction. The aircraft overtaking us from Taxiway XY onto Taxiway Y did not slow or give way despite our aircraft being established on Taxiway Y. Neither the Captain nor myself heard the controller tell us or the other aircraft to give way to one another.Airport Design. Taxiway Y flow is counter clockwise. The threats from merging taxiway traffic on the right side of the aircraft are difficult to detect as the view of the starboard merging taxiways are constantly shifting aft and right which becomes out of view for the right seat occupant. Low Light: The event occurred at night which limited the ability to detect other aircraft when combined with airport lighting. Experience Level: This was the second OE event for the First Officer with no prior 121 experience and his first event at ZZZ. Fatigue: Long duty day and nearly 8 hours of flying coupled with a local time of ~XA:30. The Ground Controller could have notified either aircraft to give way to the other aircraft and verified the command with a positive response. Neither occupant in our aircraft heard the controller give such instructions to either aircraft.",,"Air carrier flight crew reported the Captain had to suddenly brake to avoid another taxiing aircraft which passed in front of them.",
1906312,202206,0601-1200,EIDW.Tower,FO,,,,,,,,,,,,Tower EIDW,Air Carrier,Commercial Fixed Wing,,2,Part 121,IFR,Passenger,,Final Approach,,,,,,,,,,,,,,,,,,,,,,,,,,Autoflight System,,X,Malfunctioning,,,,,,,,,,,,,,,,,,,,,,,,,,,,,,,,,,,,Aircraft X,Flight Deck,Air Carrier,Pilot Flying; First Officer,Flight Crew Air Transport Pilot (ATP); Flight Crew Instrument; Flight Crew Multiengine,,,Situational Awareness,,,1906312,Aircraft X,Flight Deck,Air Carrier,Pilot Not Flying; Captain,Flight Crew Air Transport Pilot (ATP); Flight Crew Instrument; Flight Crew Multiengine,,,Fatigue,,,1906657,Aircraft Equipment Problem Less Severe,,,Person Flight Crew,In-flight,General None Reported / Taken,Aircraft; Environment - Non Weather Related; Human Factors,Ambiguous,"On approach ILS 10R DUB; around 300 ft.; possible 5G event. Heads-up Display info disappeared; Flight Director disappeared; Autothrottle disengage with aural caution warning. Landed 10R. Should have entered it in the logbook.",,"Possible 5G interference event; but as a crew we did not recognize it until the following day. The First Officer was flying the leg and the event occurred on very short final and flare to landing. Approach was stable at 1000 ft. and 500 ft. and the landing was safe; but quite firm. First Officer and Captain perceived quite different series of events. From my perspective; the approach and landing were all normal. I did not see any Flight Director anomalies via the Heads-up Display; nor did I hear or see any warning and caution lights. The Relief Pilot; however did corroborate the First Officer's perspective. The First Officer did not say anything about the event until the next day when we started to compare perspectives about the possibility of a 5G interference event. Because we did not discuss this until the following day; it was too late to write up the airplane in the AML.Due to lack of recent flying and having never flown into this airport; and having flown all night; I might have been too focused on the landing and missed the indications reported by the First Officer. We discussed the event in some detail during the return flight next day and the First Officer suggested filing a report. The following day she also indicated an intention to file an ASRS report; thus my report. I don't believe we could have prevented this 5G event (if that was the cause); I do believe the First Officer could have been more direct and proximate in communicating a possible airplane system malfunction. I truly did not observe any abnormalities; but am perfectly willing to accept the possibility that I missed them. Those dealing with 5G may want to place this airport on observation.",,"Air carrier flight crew reported loss of some auto flight equipment; including Heads-up Display; Flight Director; and Autothrottle on short final at EIDW; citing possible 5G interference.",
1907134,202206,1201-1800,ZZZ.Airport,US,,,,,,,,,,,,Tower ZZZ,Air Carrier,A321,,2,Part 121,IFR,Passenger,,Takeoff / Launch,,Class B ZZZ,,,,,,,,,,,,,,,,,,,,,,,,Turbine Engine,,X,Malfunctioning,,,,,,,,,,,,,,,,,,,,,,,,,,,,,,,,,,,,Aircraft X,Flight Deck,Air Carrier,Captain; Pilot Flying,Flight Crew Air Transport Pilot (ATP); Flight Crew Instrument; Flight Crew Multiengine,,,Workload; Fatigue,,,1907134,,,,,,,,,,,,Aircraft Equipment Problem Less Severe,,,Person Flight Crew,In-flight,Air Traffic Control Issued New Clearance; Flight Crew Overcame Equipment Problem; Flight Crew Returned To Departure Airport; Flight Crew Requested ATC Assistance / Clarification; Flight Crew Landed As Precaution,Aircraft,Aircraft,"After takeoff at approximately 600 AGL number 2 engine exhaust gas temperature rose to over 700 degrees. After thrust reduction; temp went to between 605 and 620. ECAM number 2 Engine over temp flashed while temp varied. As we climbed; temp decreased; we as a crew decided not to shut down engine since temp was slowly decreasing. Although we did decide to return to ZZZ overweight in concurrence with Dispatch. Followed QRH for overweight landing and non-normal landing procedures. Landed without further incident.I was on 10 days of flying without ability to go home; received my break at hotel. Had somewhat good sleep; but was getting quite burned out from being gone for so long. Became a little overwhelmed once ECAM started flashing to shut engine down. Communicated to First Officer I was no longer in the green and he assured me he was in the green. Once we decided to return to ZZZ and followed all QRH procedures I returned to the green and felt less stressed and communicated to my First Officer. Landed without incident.",,,,"A321 Captain reported returning to departure airport after the #2 engine overheated in initial climb.",
1907448,202206,,ZZZ.Airport,US,,,0,,,,,,,,,Tower ZZZ,Air Carrier,B737 Undifferentiated or Other Model,,2,Part 121,IFR,Passenger,,Taxi,,,,,,,,,,,,,,,,,,,,,,,,,,,,,,,,,,,,,,,,,,,,,,,,,,,,,,,,,,,,,,,,,Aircraft X,Flight Deck,Air Carrier,Captain,Flight Crew Air Transport Pilot (ATP); Flight Crew Instrument; Flight Crew Multiengine,Flight Crew Last 90 Days 189; Flight Crew Total 2545; Flight Crew Type 2545,,Fatigue; Situational Awareness; Training / Qualification; Troubleshooting; Workload; Confusion; Communication Breakdown; Distraction,Party1 Flight Crew; Party2 Flight Crew,,1907448,,,,,,,,,,,,Deviation / Discrepancy - Procedural Published Material / Policy; No Specific Anomaly Occurred Unwanted Situation,,,Person Flight Crew,Taxi,Flight Crew Became Reoriented; General Flight Cancelled / Delayed,Environment - Non Weather Related; Company Policy; Human Factors; Procedure,Company Policy,"I was the Captain on Flight XXX ZZZ-ZZZ1 performing Line Check Airmen (LCA) duties with a new hire on date. This was an all-night flight which was leg five and a third duty period for the new hire. My new hire was Military background and had completed his OE early this year and basically sat for four months. He had been back for a three-day sim recently. He has a great attitude and is eager to learn; however the first few legs he was challenged with a lack of -121 experience and what I believe was a degradation or loss of good habit patterns from the sim phase. Leg three on day two was a short; challenging flight from ZZZ2-ZZZ3. He was stressed and challenged making many mistakes; but ultimately I could see improvement; despite being overwhelmed with the pace of our operations. Leg four was a long leg from ZZZ3-ZZZ that same day; and showed significant improvement. The approach and landing were approaching 'line standard' and I was hopeful if not confident that we had gotten over the 'hump'. We had a long layover to ready for the all night flight back to ZZZ1.I had stated that typically; it's much easier to fly from ZZZ to ZZZ1; so we could have a good flight and finish required briefings. The day before Flight XXX I had two periods with naps; early afternoon and then again in the evening before report time. My student reported that he had napped; but said he wish he had drank more coffee when we were in the cockpit. When I awoke an hour prior to report; the operations flight plan was not present; so I readied myself to the duty day. In the 10-15 minutes prior to leaving the room there was still no operations flight plan; but I had checked the weather along the tracks as well as ZZZ1 (all good; and VFR). The hotel van was late by almost 10 minutes. We arrived to chaos at the gate area. ZZZ station was buying seven passengers off the full flight. I pulled up the operations flight plan and immediately called Dispatch to remove fuel and get the latest ZZZ4. I then directed my First Officer (FO) to the cockpit to get ready for the flight; telling him that he was responsible for the FMC and that I would do the exterior walk around to give him additional time. Dispatch; Station and Flight Attendant conversations dominated the next several minutes and I arrived at the cockpit from the walk around approx. 25 min prior to pushback. He had most of the programming done and it was all accurate. He had been slow but usually pretty accurate in previous flights.We discussed the upcoming flap 25; Bleeds Off take-off and I had him pull up the supplemental procedure and review it. We were able to get all the passengers on; and we briefed and did the preflight checklist. I had briefed that we would push back; start both engines and run the before takeoff checklist to completion before taxi. Additionally; he had briefed a flap 25 bleeds off; and we analyzed the data and discussed the winds (080/10) and temp (23C) as these were critical to taking the planned weight. The door closed and we worked a clearance with ZZZ5. My FO was seemingly having issues with radio calls; attempting to take calls for other aircraft. So I slowed him down and we received our clearance and expected altitude. Then we pushed back and I directed him to start both engines as briefed. The preflight had been hectic; with me being pulled in many directions. I had shielded him from as much of that as possible; by having him simply work on his cockpit set up. I am very aware that my error signature is when I am rushed; I make mistakes. As such; when the brakes are released; I stop rushing and slow down. I briefed my student the same thing and I make sure to slow my speech pattern and checklist response time.That is not unique to this day; it's every time. I had briefed him that we were going to take our time and we were not rushed. I have no memory or perception for us rushing after push this night. After the number two engine was started; he was sitting there; and I saw the packs were off. This was a common error he had had in previous legs; so I pointed to the packs. The pushback crew was at my ten o'clock position and I looked back at them. Then I glanced in and saw that the number one engine wasn't started and I verbalized 'Start Number One'. He responded; 'Oh you want me to start Number One? OK.' I then turn my attention back to the crew as it was time for the salute. I look back in and the engine is at max motoring; at approx. 34 percent N2 with the Fuel Control Switch still in Cutoff. My FO mumbled something about 30 percent which I didn't hear. I asked him to repeat it and he did. It was something about a 'limit'; so I asked again and got a reply I didn't understand; so I slowed down again and said; 'I do not understand what you are telling me'. He was confused; and it turns out that he was mixing up previous airplane's limits.I prompted him to start the engine. We ran through the After Start Checklist with no issues that I'm aware of. No without moving the aircraft we began the before take-off checklist. The first step is 'Final Weights' from the ACARS printout. The number he read made no sense. I was thinking about it as he went on; trying to understand when he backed up and corrected himself to a number that made more sense. I'm assuming a transpose error. Then he went on to the takeoff weights/speeds and really had troubles. He was going back and forth from the takeoff data message to the FMC. I stopped him; and we talked about him analyzing the data; and checking it with the FMC prior to the checklist initiation. He understood; and I stopped the before takeoff checklist and we started again from the beginning. I remember the first two steps clearly. I remember the trim step clearly. I remember the FMC step clearly as we had discussed the routing that was absent a SID. In the later moments and the hours since I have no memory of mention of flaps. We taxied to the runway; ensured the bleed panel was correctly configured including techniques; got the release from ZZZ5 and took the runway. As we were taking the runway; I was going to go over the flap 25 takeoff again and talk rotation rates and pitches and as I said; 'OK...a Flaps 25 takeoff...' and as I glanced at the gauge; the flaps were set to flaps 5. He reselected flaps 25; stating 'You probably said 25...' We then stopped on the runway and accomplished the before takeoff check in its entirety.I know the 'whys'. I don't know the 'how' and it'll be a while to cement the 'what am I going to do next'. He's new; with no airline background. He sat for four months. In my opinion he's lost habit patterns and confidence. There were operational pressures out of the station; along with numerous distractions. I knew and briefed that we were rushed and that we would take a moment. We did. I slowed things down. We both had stated that we napped; but it was late; XAAM for him; XBAM for me. The single most disturbing thing I'm wrestling with it for 20+ years in the B737; I've been very careful with flaps. From day one in the left seat when we get to the step; I pause (so that I can clear any taxi conflicts and go heads down) point to the FOs Take-off Page in the FMC; then point to the flap gage. Then I reach over and wiggle the flap handle in the detent. I couldn't in the moment; nor can I understand how I would have missed the step in the checklist or worse; how I could have possible stated '25 indicated' without a visual conformation and a tactile one. And I have no memory of any part of that step.My best guess; which considering my actions that day are suspect; is that he became increasingly overwhelmed and as his errors started occurring; he didn't have the habit patterns or muscle memory or experience to dig himself out. He's new. He sat an unconscionable amount of time and is trying as hard has he can. But he told me that night; 'Chair flying can only go so far' and he's right. He can't possibly recreate the distractions and unanticipated threats. I knew he was overwhelmed; he had been the whole trip; but the previous leg was so much better; maybe I have a bias that he was 'over the hump'. During engine start; I knew he was making errors; but I thought I was slowing down and trying to create an environment where he could catch himself up. And ultimately; I blame myself. Because in trying to be an above average instructor; I became a very substandard Captain. In discussing this with my best friend from military instructing days; himself a Captain at another carrier; we tried to find a 'what will we do next'. He suggested that I make a rule that when errors start piling up; stop instructing and just be a Captain. I liked it and vowed to add that to my personal checklist until I woke up this morning with the realization that had I done that; and not started to instruct him on the mechanics of the flaps 25 takeoff; I might not have glanced at the gauge. I might not have caught it. So I'm back to square one.",,,,"B737 Captain reported as they taxied onto the runway for departure the Captain noticed the First Officer set the flaps to the wrong position and a complete Before Take Off briefing had not been accomplished. The Captain reported the First Officer made many mistakes and lacked proficiency due to being a new student who had not flown for a long period of time.",
1909015,202206,1201-1800,,,,,,31000,,VMC,,,Daylight,,,,Air Carrier,EMB ERJ 170/175 ER/LR,,2,Part 121,IFR,Passenger,,Cruise,Vectors,,,,,,,,,,,,,,,,,,,,,,,,,Central Computer,MAU2B,X,Malfunctioning,,,,,,,,,,,,,,,,,,,,,,,,,,,,,,,,,,,,Aircraft X,Flight Deck,Air Carrier,Pilot Flying; Captain,Flight Crew Multiengine; Flight Crew Instrument; Flight Crew Air Transport Pilot (ATP),,,Workload; Troubleshooting; Time Pressure; Situational Awareness; Fatigue; Confusion; Communication Breakdown; Human-Machine Interface,Party1 Flight Crew; Party2 ATC,,1909015,,,,,,,,,,,,Aircraft Equipment Problem Critical; Deviation / Discrepancy - Procedural FAR; Deviation / Discrepancy - Procedural Published Material / Policy; Deviation / Discrepancy - Procedural Clearance,,N,Automation Aircraft Other Automation; Person Flight Crew,In-flight,Air Traffic Control Provided Assistance; Flight Crew Landed in Emergency Condition; Flight Crew Requested ATC Assistance / Clarification; General Maintenance Action; General Flight Cancelled / Delayed,Human Factors; Procedure; Aircraft,Aircraft,"On flight from ZZZ1 to ZZZ; Aircraft X experienced an AVNX MAU (Master Avionics Unit) 2B failure approximately 250 miles from ZZZ. The aircraft was at FL310. Upon experiencing the failure; the Captain was the Pilot Flying and had me identify and cancel. I pulled out the QRH and went step by step through the procedure with the Captain. Upon completion of the checklist we determined that a [request for priority handling] was appropriate and to request Crash Fire Rescue. We notified dispatch; the Flight Attendants and the passengers of the situation. The failure of the MAU caused us to lose our inboard brakes; ground and terrain proximity warning and a number of other messages. Based on the loss of our inboard brakes and with an increased runway requirement we would need CFR on site. We also selected Runway XXR as winds were favorable and it was 10;006 ft. runway. This was adequate based on the QRH number assessment for landing. We ran the Landing Gear/ Brake Malfunction descent and landing checklist in accordance with the QRH. Upon landing we experienced decreased braking capability but sufficient enough to safely stop. While stopping I also had up the system page to additionally monitor brake temps. We safely landed without any deviations or damage. After clearing the runway; we were asked by ATC to quickly taxi across XXL. I told them we were unable and reminded the controller that we had to brakes that failed. I personally was not happy that the Controller lost situational awareness and asked us to do something that was potentially unsafe. He acknowledged and we waited for to clear XXL. Upon taxiing into the gate the aircraft got the Brake Overheat message. We once again identified and canceled and I read the QRH and we executed it. The Captain stopped the aircraft and we determined the best course of action was to have the aircraft tugged to the gate. We had Crash Fire Rescue Equipment inspect us multiple times upon landing to ensure there was no threat to our passengers or crews from the hot brakes. We subsequently were tugged into the gate and waited for maintenance to respond. Upon arrival to the gate; Maintenance wanted to have the aircraft shutdown and brought back on line to see if the fault would clear. At this point; I was frustrated and felt like a better assessment of the reliability of our systems needed to occur after the failure in flight. We already had MEL XX-XX-XX-X for the FADEC (Full Authority Digital Electronic Control) that required an alternate ignition operations procedure on it. In response to this; I could tell that stress had set in and I made the decision not to continue flying for the rest of the day. After flying in the military for XX years; I call it the rule of three. When three things happen bad in the aircraft.... It's time for me to do a personal assessment of where I am at IAW (in accordance with) the personal assessment checklist. I also started to talk myself into continuing for the day which is a dangerous attitude to have. Upon recognizing that the event caused more stress than everyday operation; I informed the Duty Pilot and scheduling that I was not going to continue. I also talked to the Chief Pilot. I am glad I did this. Looking back at yesterdays events; we had a lot of additional complexities that we do not encounter on a normal day. These system failures were not our fault; but the QRH was well written enough to get us safely on the ground. We had good CRM throughout the [incidents]. I think our crew did a phenomenal job identifying and mitigating threats both in and after the flight; and that is why I am sharing this. I am also happy that there were both union and company personnel who supported my decision based on my self assessment. This is a positive cultural aspect that I would like to highlight. [I would suggest to] continue to train emergency and QRH usage. Continue to ask crews to do self assessments... we are not all built the same way. Learn from these failures and validate QRH procedures.",,,,"EMB ERJ 170/175 First Officer reported the failure of MAU 2B in cruise. The Flight Crew made a precautionary landing at destination airport and the aircraft was towed to the gate.",
1909487,202206,1201-1800,ZZZ.Airport,US,,,0,,,VMC,,,Daylight,,,Tower ZZZ,Air Carrier,B737-900,,2,Part 121,IFR,Passenger,,Takeoff / Launch,Vectors,,,,,,,,,,,,,,,,,,,,,,,,,Turbine Engine,,X,Malfunctioning,,,,,,,,,,,,,,,,,,,,,,,,,,,,,,,,,,,,Aircraft X,Flight Deck,Air Carrier,First Officer; Pilot Not Flying,Flight Crew Air Transport Pilot (ATP); Flight Crew Instrument; Flight Crew Multiengine,Flight Crew Last 90 Days 229; Flight Crew Total 435; Flight Crew Type 435,,Workload; Troubleshooting; Time Pressure; Situational Awareness; Human-Machine Interface; Fatigue; Communication Breakdown; Confusion,Party1 Flight Crew; Party2 Flight Crew,,1909487,Aircraft X,Flight Deck,Air Carrier,Captain; Pilot Flying,Flight Crew Air Transport Pilot (ATP); Flight Crew Instrument; Flight Crew Multiengine,Flight Crew Last 90 Days 229; Flight Crew Total 1812; Flight Crew Type 1812,,Workload; Troubleshooting; Human-Machine Interface; Fatigue; Confusion; Situational Awareness; Communication Breakdown,Party1 Flight Crew,,1909498,Aircraft Equipment Problem Critical; Deviation / Discrepancy - Procedural Clearance; Deviation / Discrepancy - Procedural Published Material / Policy,,N,Automation Aircraft Other Automation; Person Flight Crew,In-flight,Air Traffic Control Provided Assistance; Flight Crew Rejected Takeoff; Flight Crew Requested ATC Assistance / Clarification; Flight Crew Returned To Gate; General Flight Cancelled / Delayed; General Maintenance Action,Aircraft; Human Factors; Procedure,Aircraft,"It had been a long day for us. We extended our duty; multiple passenger issues (including a full deplane and reboard hrs later); 5 releases; an over fuel; multiple Flight Attendants timed out because of legality issues; performance issues due to wind and temps in ZZZ; and multiple extensive ZZZ1 delays due to gate issues and WX. I have provided this information to give you a complete picture of our environment and mindset of that day. We were going to depart Runway XX in ZZZ. It was to be a bleeds off take off so the QRH was run. The takeoff roll was normal with thrust set and checked. The 100 knots call was made and then I noticed the EGT dial was full red. I brought it to the Captain's attention and he rejected. My best guess is that we were at 110 knots. The rejection was executed properly with all appropriate calls made. We ran the QRH and then QRH for the rejection and the exceedance. The trucks were also called. After consulting with [airport] response; the Flight Attendants; and the QRH; we determined it was safe to return to the gate. We parked at Gate X without further incident. I support my Captain's decision to reject because I feel it was truly in the interest of safety.",,"Departing ZZZ Runway XX. Bleeds off takeoff. Flaps 1. Approximately 163;000 pounds takeoff weight. Surface temps in ZZZ around 30C. Winds 120@10G20. Aircraft was properly configured. Bleeds Off Takeoff QRH was referenced by the FO (First Officer) and I double checked it. Takeoff thrust was 101.2% N1 I believe. Takeoff roll was normal…100 knot call out was made. Just past the 100 knot call the FO called the Engine 2 Exceedance. Engine 2 EGT dial was completely RED which sits just below the N1 Dial. I made the decision to abort the takeoff at around 110 knots. Stopped halfway down the runway. Determined we could clear the runway and turned off at the High-Speed [Taxiway] 1. We asked for the ARFF (Airport Rescue and Firefighting) to be dispatched. They reported no damage; no brake fire. Completed the RTO (Rejected Takeoff) QRC/QRH. The Engine Limit or Surge or Stall QRH. Referenced the Brake Cooling Charts for a 900ER and determined we could taxi to the gate. Arrived at the gate with no further incident.I do understand that above 100 knots; we should reject for loss of directional control; Fire; Engine Failure; PWS (Predictive Wind Shear). However in the moment; with a relatively heavy airplane; max performance; and the long runway I believed at that time it was safer to stop the airplane. A different airport with a different set of conditions I am not certain I would have. Also seeing a completely red EGT gauge just below the N1 gauge does lead to a definite startle factor in what exactly I am I looking at. The fact that it was a long day which included defueling the airplane; about the start the push only to be told by Dispatch not to push because flights we are diverting out of ZZZ1. Deboarding; Customer Service issues; Multiple FAs (Flight Attendants) timing out; our own CCO (Critical Crew Offtime) issues which included extending our CCO time; reboarding; 5 Dispatch releases...Not 100% certain that is all relevant but maybe in my mind it was a factor in just saying maybe we should just call it and not take this plane airborne. I dunno. But at the end of the day we made that decision. Nothing was broke or bent; no one was hurt but it did give me a sleepless night and something to think about.",,"Flight Crew reported a rejected take off was caused by Engine #2 EGT exceedance and returned to the gate for maintenance action.",
1915174,202207,0001-0600,ZZZZ.Airport,FO,,,0,,,,Rain,,,,,,Air Carrier,A321,,2,Part 121,IFR,Passenger,,Parked,,,,,,,,,,,,,,,,,,,,,,,,,,Unknown,,X,Malfunctioning,,,,,,,,,,,,,,,,,,,,,,,,,,,,,,,,,,,,Aircraft X,Flight Deck,Air Carrier,Captain; Pilot Flying,Flight Crew Air Transport Pilot (ATP); Flight Crew Multiengine; Flight Crew Instrument,,,Fatigue; Workload; Physiological - Other; Troubleshooting,,,1915174,,,,,,,,,,,,Aircraft Equipment Problem Less Severe; Deviation / Discrepancy - Procedural Published Material / Policy; Flight Deck / Cabin / Aircraft Event Illness / Injury; Flight Deck / Cabin / Aircraft Event Smoke / Fire / Fumes / Odor,,,Person Flight Attendant; Person Flight Crew,Aircraft In Service At Gate,General Flight Cancelled / Delayed; General Maintenance Action,Aircraft,Aircraft,"Approaching the gate it was clear a serious fume event had/was taking place. Walking down the jet-bridge I almost immediately had a hard time breathing the air. Once I entered the cockpit; it was 100% clear it was fume event. I told the FAs (Flight Attendants) to deplane. Maintenance had NOT written up the issue much to my surprise. I immediately entered the fume event in the logbook. The air in the aircraft was so bad I had to depart to the gate area. Later I agreed to complete engine run ups and maintenance checks. The issue did not go away. Soon after I started to feel sick. I stated this to my FO (First Officer) and the FAs. Several hours later the flight cancelled and assumed I was going to the hotel. Scheduling demanded that I DH (Dead Head) back on a flight to ZZZ. I stated I needed a hotel room--I was told 'Sorry'. After hours of toxic air; maintenance run ups; and fume event reports; I was not feeling sick and fatigued but Scheduling would not grant my request for a hotel. I called out fatigued. I contacted [medical] after I called out due my stomach issues.",,,,"Air Carrier Captain reported a fume event during gate preflight. After assisting maintenance with the engine run ups and maintenance checks which resulted in no improvements the flight was cancelled.",
1915224,202207,0601-1200,ZZZ.Airport,US,,,,,,VMC,,,,,,Ramp ZZZ,Air Carrier,EMB ERJ 170/175 ER/LR,,2,Part 121,IFR,Passenger,,Taxi,,,,,,,,,,,,,,,,,,,,,,,,,,,,,,,,,,,,,,,,,,,,,,,,,,,,,,,,,,,,,,,,,Aircraft X,Flight Deck,Air Carrier,First Officer; Pilot Not Flying,Flight Crew Multiengine; Flight Crew Instrument; Flight Crew Air Transport Pilot (ATP),Flight Crew Total 2,,Workload; Training / Qualification; Time Pressure; Human-Machine Interface; Fatigue; Distraction; Communication Breakdown; Situational Awareness,Party1 Flight Crew; Party2 Flight Crew,,1915224,Aircraft X,Flight Deck,Air Carrier,Captain; Pilot Flying,Flight Crew Air Transport Pilot (ATP); Flight Crew Multiengine; Flight Crew Instrument,Flight Crew Total 13000,,Communication Breakdown,Party1 Flight Crew; Party2 Flight Crew,,1915802,Conflict Ground Conflict; Critical; Deviation / Discrepancy - Procedural Published Material / Policy; Ground Event / Encounter Other / Unknown,,N,Person Flight Crew,,Flight Crew Became Reoriented; Flight Crew Took Evasive Action,Human Factors,Human Factors,"During push-back at ZZZ at XA:28 local time; the new ATIS stated conditions codes 5;5;5 100% wet for our departure runway. The Performance Data indicated dry conditions; so I (First Officer) contacted Operations to have them change the condition code to wet during push back. I also started the #1 engine; then requested a new performance data through ACARS. As the ground crew stopped the push back; the new performance data printed out and I began inputting the data into the FMS. Simultaneously; the Captain conducted a control check (as I monitored) and called for 'flaps 2; taxi' to begin movement. I looked at the EICAS verified steering was disengaged and the Flaps were set to 2. I looked up and didn't see any ground crews. I then said; 'flaps set; steering engaged.' The Captain then began to taxi forward. That's when I noticed the tug and ground crews directly under the airplane walking back. I immediately yelled 'STOP; STOP; STOP' and applied brakes. The aircraft moved forward about 3-5 ft. before coming to a complete stop with equipment and personnel directly under the aircraft. The Captain acknowledged and set the parking brake. No ground personnel or equipment contacted the airplane. We then received a salute from ground personnel as they departed the area of operations. The Captain and I discussed the situation and continued the rest of the flight without incident. This event occurred early in the morning when both crew members were tired. Airfield conditions called for new performance data which caused a slight distraction for both crew members. The Captain has just over 80 hours as pilot in command (PIC) following a long break from the company. Distraction with the performance data; inexperience; and lack of situational awareness caused the Captain to lose focus and forget to wait for ground personnel to leave the area before conducting the control check and calling for taxi. As the First Officer (FO); I should have been more situational aware of what the Captain was doing and the location of ground personnel. Ensure Captains are adequately trained; comfortable; and ready prior to being released from IOE. After flying with the Captain for the entire sequence; it is my opinion that the Captain needed more time to develop flows; understand procedure; and become operationally proficient before being released to the line.",,"VFR conditions; ATIS reporting wet runway conditions. Communication with Operations to change to wet for correct performance data numbers. Performance numbers came out during push causing a distraction. After engine start and tow-bar release aircraft moved approximately two feet before CRM and stopped the plane without contact; damage or injury. Stopped reviewed performance data; ran/ reran all flows and checklist at a thorough pace and continued. Early start in the dark; operations and communication with operations to correct the field conditions leading to an unnecessary interruption/ distraction causing an input change to the FMS that would have been best accomplished at the gate in the normal routine manner.Communication with Operations to ensure field conditions that the performance data will be calculated on the latest ATIS or official weather. This should be accomplished after obtaining weather information during the normal preflight sequence; especially in changing weather conditions. With the discovery of any unusual information the parking brake should be set; verify ground crew position and both pilots agree on the change. This is how I will approach this or a similar situation in the future.",,"Air carrier Captain and First Officer reported a failure to use SOPs during push back and brake release. The Captain and First Officer failed to communicate and released brakes while the ground crew was still under the aircraft. There were no injuries or equipment contact.",
1916153,202207,0001-0600,ZZZ.Airport,US,,,0,,,VMC,,,Night,,,,Air Carrier,B767 Undifferentiated or Other Model,,2,Part 121,IFR,Passenger,,Parked,,,,,,,,,,,,,,,,,,,,,,,,,,Aircraft Cooling System,,X,Malfunctioning,,,,,,,,,,,,,,,,,,,,,,,,,,,,,,,,,,,,Aircraft X,Flight Deck,Air Carrier,Captain; Pilot Flying,Flight Crew Instrument; Flight Crew Multiengine; Flight Crew Air Transport Pilot (ATP),Flight Crew Last 90 Days 197; Flight Crew Total 10890; Flight Crew Type 5702,,Troubleshooting; Communication Breakdown; Time Pressure; Fatigue; Situational Awareness,Party1 Flight Crew; Party2 Dispatch,,1916153,,,,,,,,,,,,Aircraft Equipment Problem Critical; Deviation / Discrepancy - Procedural FAR; Deviation / Discrepancy - Procedural Published Material / Policy; Deviation / Discrepancy - Procedural Maintenance; Deviation / Discrepancy - Procedural MEL / CDL; Ground Event / Encounter Weather / Turbulence,,N,Automation Aircraft Other Automation; Person Flight Crew,Taxi,Flight Crew Returned To Gate; General Flight Cancelled / Delayed; General Release Refused / Aircraft Not Accepted; General Maintenance Action,Aircraft; Human Factors; Procedure; Weather,Procedure,"Reported to ZZZ; Date; XX:30; H3005. OAT at one time was discussed to be as high as 107 degrees F. Met FO (First Officer) at FPA (Flight Planning Area) and completed flight planning assignments. Proceeded to Gate XX and prepared aircraft for on-time departure of Aircraft X. Main cabin door and cargo door closed...was waiting for Final DG report. Called ZZZ Operations about Final DG...no report. Sent Load Planning a message and called Dispatch regarding no Final DG Report...Final DG report arrives about 15-20 minutes after doors closed. (Note: very hot on flight deck; estimate of 95 degrees F.) Push the aircraft; start both engines; and taxi to XXL/WW.Given instructions to line up and wait. Once on the active runway; Equipment Overheat EICAS message. Obtained clearance to taxi clear of Runway XXL. Initiated QRH procedures; switch to Standby; wait 5 minutes to determine if Overheat condition still present. Once switched to Standby; overheat annunciation inhibited for 5 minutes. After 5 minutes overheat still present. Contacted ZZZ Operations and asked for a gate return. Was told no wide body gates available; did you call Maintenance? Maintenance release sent. ZZZ Operations instructed me to contact ZZZ Maintenance. ZZZ Maintenance asked to confirm the operating configuration of the aircraft and I confirmed. ZZZ Maintenance asked me if I wanted to reset the system. I declined the request. I again asked ZZZ Operations for a gate; no gate available. (Note: flight deck temperature estimated in excess of 100 degrees F. QRH discussed failure of instruments; due to excessive heat. I was concern for safety of flight deck occupants and possible damage to the aircraft.) Contacted Dispatch and explained the situation. Dispatch called ZZZ Operations and eventually Gate XX was assigned for gate return.Shortly after parking at XX; ZZZ Tech Operations Personnel arrived on the flight deck and showed me an iPad picture of a closed E and E bay exhaust valve. Tech Operations indicated that the exhaust valve was not modulating open. Deplaned passengers from aircraft. At first; Tech Operations wanted to MEL the malfunctioning exhaust valve. I indicated I would not operate the aircraft with the MEL. Tech Operations then stated that they would replace the exhaust valve. Tech Operations indicated that the repair would be complete by XE:15pm. At approximately XE:30pm; I was notified of an aircraft swap. FO and I proceeded to the FPA; I reviewed and authorized a new release; and proceeded to Gate XY. At some point; I received a call from Crew Scheduling and was asked if the flight deck crew was willing to extend IAW FAR 117. The FO and I were willing to extend. CCO XH:28.pm.To continue; storm developed around ZZZ; with associated lightning...Ramp Closed. Ramp opened around XG:00pm. The flight began boarding. We started taking on the required fuel and I was confident the flight would takeoff prior to CCO Time. At approximately XG:50pm; I noticed that the cargo door was closed; but did not receive a DG report; main cabin door closed. I sent a message via Chat and asked about the DG report and asked to confirm that baggage loading was complete. After a several minutes it was reported that baggage cans from the previous flight were still on the previous aircraft and that baggage cans for that flight had not been loaded. ZZZ Operations announced that the flight was cancelled. Passengers deplaned. The FO and I left the aircraft at approximately XH:30. Crew Scheduling called and left a message that Aircraft X would operate/depart Date1; XR:30 am. I got home at approximately XJ:15am; Date1; and into bed at approximately XK:00 am. Prior to bed; I took 3 Bayer aspirins; as I had a significant headache. I estimate that I fell asleep at approximately XL:00 am. My alarm clock was set for XO:30 am. Once awake I determined that I was fatigued and was not fit for duty. I called Crew Scheduling and reported fatigued. The scheduler requested a time when I would be fit...I responded mid to late afternoon on Date1. I woke up at approximately XS:30 am; and called Crew Scheduling advising them that I was no longer fatigued.I would like to add that I believe my prolonged exposure to much higher-than-normal ambient temperatures added to my state of fatigue.",,,,"B767 Captain reported numerous delays were caused by mechanical; communications and ground weather. The flight eventually cancelled and the Captain called out fatigued due to the situation.",
1916238,202207,1801-2400,ZZZ.Tower,US,,,,,,Marginal,,,Dusk,,,Tower ZZZ,Air Carrier,Regional Jet 200 ER/LR (CRJ200),,2,Part 121,IFR,Passenger,FMS Or FMC; GPS,Final Approach; Landing; Initial Approach,Visual Approach; STAR ZZZZZ4,Class B ZZZ,,,,,,,,,,,,,,,,,,,,,,,,,,,,Tower ZZZ,,Any Unknown or Unlisted Aircraft Manufacturer,,,,,,,Takeoff / Launch,,Class B ZZZ,,,,,,,,,,,,,,,,,,,,,,,,Aircraft X,Flight Deck,Air Carrier,Pilot Flying; Captain,Flight Crew Air Transport Pilot (ATP); Flight Crew Multiengine; Flight Crew Instrument,,,Time Pressure; Training / Qualification; Workload; Situational Awareness; Fatigue; Confusion; Communication Breakdown; Other / Unknown,Party1 Flight Crew; Party2 ATC,,1916238,Aircraft X,Flight Deck,Air Carrier,First Officer; Pilot Flying,Flight Crew Instrument; Flight Crew Multiengine; Flight Crew Air Transport Pilot (ATP),,,Workload; Situational Awareness; Time Pressure; Other / Unknown; Fatigue; Confusion; Communication Breakdown; Training / Qualification,Party1 Flight Crew; Party2 Flight Crew,,1916239,ATC Issue All Types; Conflict Ground Conflict; Less Severe; Deviation / Discrepancy - Procedural Published Material / Policy; Inflight Event / Encounter Unstabilized Approach,,N,Person Flight Crew,In-flight,General None Reported / Taken,Human Factors; Procedure; Weather; Environment - Non Weather Related,Human Factors,"During visual approach to XXL; First Officer (FO) was pilot flying (PF) and I was pilot monitoring (PM). Both pilots were unfamiliar with simultaneous visual approach procedures into ZZZ1. We were cleared on the visual following traffic to the parallel. Due to heavy glare and haze; FO was unable to maintain visual with the runway and I opted to take controls since I could see the runway and traffic to follow. ATC had assigned a speed without specifying when to slow or when to contact Tower and we crossed the FAF at 170 kts. In the ensuing rush to contact Tower; finish configuring and run the before landing checklist; we ended up making our stabilized call at 500 ft. After touchdown and before rolling through XXR; I heard Tower clear an aircraft for takeoff on XXR and I came to a rapid stop short of XXR. Neither pilot had heard an ATC clearance to land and hold short of any runway or taxiway. We cleared the Runway at Taxiway 1 and taxied to the gate without further incident. Task saturation and tunnel vision led me to fail to call for or execute a go around when it was clearly called for. Unfamiliarity with the visual approach procedures at ZZZ1 and a long duty day were contributing factors to poor decision making and situational awareness. More detailed information on unique procedures into large airports to ensure pilot familiarity; better fatigue mitigation and a continued emphasis on executing a go around when an approach becomes unstable.",,"After almost a 5 hour maintenance delay at ZZZ2; an integrated drive generator was deferred and we completed one of the two legs that were originally on our schedule before timing out. I was pilot flying (PF) this leg and elected not to brief the arrival into ZZZ1 on the ground due to lots of variables and abnormals for compliance with the MEL on the departure briefing. In the climb-out; I called for Autopilot on to start looking at the arrival and complete a brief then. Both the Captain and I were unfamiliar with ZZZ1. Once we reached cruise; we immediately got a descend via clearance on the ZZZZZ 4 arrival. I had not briefed yet because we were discussing the Visual as we were told to expect that. Being unfamiliar with this; we did not know how to correctly program the FMS. We spent a lot of time trying to figure this out while we were descending down. I eventually briefed the visual backed up with the ILS XXL as I normally would for a visual and briefed a threat to be the Visual procedure as we weren't sure what to expect or how that would go. Descent check was called for at about 13;000 ft. We ultimately ended up high and fast to join the intercept course to the XXL LOC. ATC asked a few times if we had the airport in sight; but it was evening and the sun was setting right in the direction the airport was. There was also a haze layer creating visual illusions and I could not find the runway. As we got closer; I could tell we were getting high and fast and needed to accept the visual to get configured and on glide path. The captain saw the runway and called it in sight and we attempted to slow and get set up. ATC had us at 210 kts. and 5000 ft.; then eventually gave us 180 kts. or greater. We went flaps 8/20 and gear down with full boards to lose altitude. I still did not have the airport in sight looking right into the sun so we swapped controls and I transitioned to pilot monitoring (PM). ATC never handed us off to Tower so once inside the FAF we got fully configured by going flaps 30/45 in one call; and never completed the correct calls for check spoilers; flaps 45 before landing check. As flaps were in transit to 45; I called Tower for landing clearance. During their read back; we got a FLT SPOILER DEPLOY caution and retracted the spoilers. I read back landing clearance and we continued to land. During the roll-out; it appears Tower cleared someone on XR to takeoff before we crossed that intersection. Unsure if we missed a land and hold short clearance; the captain used the breaks to stop before the XR intersection. Tower proceeded to clear traffic to land behind us on XXL; give an aircraft a line up and wait clearance for XXL while we are stopped on the runway with no further instruction. We elected to taxi off and wait for further instructions; and the remainder of the taxi-in was uneventful. Both the captain and I were unfamiliar with ZZZ1; their arrivals and charted visuals. Fatigue definitely played a role as this was already into our 2 hour extension period from a reflow on a 13.5 hour duty day. The short flight was a threat and did not give us enough time to brief and prepare for the visual. Neither of us were fully clear on the procedures involved with the charted visuals and how the FMS should be set up/used. ATC was nearly pressuring us to report the airport in sight so they could clear us for the visual. At the time; accepting the visual seemed like the only way to get in a position to be stabilized on the approach course because ATC did not give us vectors or lower altitudes to help put us in position. The sun was setting and was shining right at us; and combined with the haze; it was very difficult to find the airport having not been familiar with the area. From the very beginning; we could have asked for delay vectors on the arrival to get caught up and try to understand the charted visual procedures. Then coming in closer; we could have asked for a slower speed to help create time and get configured with at least flaps 8 and 20. Without having the airport in sight; we also could have asked for the ILS but it seemed that everyone else was getting in with the visual so ATC kept asking if we had the airport in sight so they could send us on our way. Once cleared for the visual; it was apparent we were not in a good position but ATC cleared us anyway and we tried to make it work. At this point; it got really hectic and busy; we should have broken off the approach and came back around. We were not stabilized by 1000 ft. which should have been a mandatory go-around. I don't think I ever once considered doing a go-around because of task saturation and tunnel vision to keep the aircraft under control and clear of parallel traffic. I could have also asked the Tower Controller to say again with the landing clearance. Going back to liveATC; it appears the Tower Controller cleared someone to line up and wait on XXR and he told us that there was traffic in position and holding on the intersecting runway; current winds and cleared to land. The only part I heard was the landing clearance; but I was aware he said more. I just did not hear the other parts of the transmission due to the caution coming on at the same time. A little more direction/assistance from ATC would have helped tremendously; but they probably had no way of knowing we were unfamiliar with these procedures. It would also be helpful to have information on our company charts about these procedures; especially since ZZZ3 based crews rarely go to this area. Bottom line; we should have gone around at the latest at 1000 ft. when we were not stabilized.",,"CRJ200 flight crew reported multiple issues resulted in an unstable approach that would have required a go around. Instead; the crew continued the landing and were stable by 500 ft AGL.",
1923550,202208,1801-2400,ZZZ.Airport,US,,,0,,,VMC,,,Night,,,,Air Carrier,Commercial Fixed Wing,,,Part 121,,Passenger,,,,,Y,N,Y,N,Scheduled Maintenance,Inspection; Installation; Repair; Testing; Work Cards,,,,,,,,,,,,,,,,,,Aircraft Logbook(s),,X,Improperly Operated,,,,,,,,,,,,,,,,,,,,,,,,,,,,,,,,,,,,Hangar / Base,,,Lead Technician; Technician,Maintenance Airframe; Maintenance Powerplant,,,Communication Breakdown; Confusion; Distraction; Fatigue; Situational Awareness; Workload,Party1 Maintenance; Party2 Flight Crew,,1923550,,,,,,,,,,,,Aircraft Equipment Problem Less Severe; Deviation / Discrepancy - Procedural Maintenance; Deviation / Discrepancy - Procedural FAR; Deviation / Discrepancy - Procedural Published Material / Policy,,N,Person Flight Crew; Person Maintenance,Aircraft In Service At Gate,General Flight Cancelled / Delayed; General Maintenance Action,MEL; Human Factors; Aircraft; Procedure,Human Factors,"On Day 1; at approximately XA:30; Crew Chief Person A informed me of the logbook discrepancies on Aircraft X. I signed the Airworthiness Release and stamped the final blocks of the service check for the aircraft; in order to put it into service and make its scheduled flight. I made several mistakes on this release. The first was forgetting to enter the Logbook Deferral Sheet number for Logbook Deferral Sheet XXXXXXX; LH Pack Flow Control Valve repair on compliance page XXXXXXX; which I had crossed out. This I was able to correct when the aircraft returned to ZZZ this morning. The second was for Logbook Deferral Sheet YYYYYYY; compliance page YYYYYYY - flashlight and cradle. For the Aircraft Maintenance Logbook deferral code block; I found it to be blank. Cross-referencing with the Job Card XXXXXX tally and log page job #5; I saw that the item was stamped deferred for parts NIS (Non Incident/Accident Statement) by Crew Chief Person B. I wrote in the deferral code "MEL." Crew Chief Person B's turnover to me was that everything on the overnight maintenance was completed except for job #4; LH Pack Flow and job #7; closing of the service check. I then signed the Airworthiness Release and stamped the open blocks on the service check; tally; and the Airworthiness Release complete block on the overnight maintenance accountability report. This resulted in confusion for the Captain of [the] outbound flight; which resulted in a 95-minute delay.There were many factors contributing to my mistakes with the Aircraft Maintenance Logbook of Aircraft X on Day 0. I did not get a lot of sleep the night before. After I badged in at approximately XA:20 I went to the Crew Chief Office to get settled. I customarily ask the night shift crew chiefs if there are any potential turnovers. I find the Crew Chief turnovers to be more accurate; compared to Management's turnovers. Crew Chief Person B informed me that Aircraft X was being turned over with a LH Pack Flow Valve that needed to be worked; with the service check down to final. Then; Crew Chief Person C and I went to Production Control for our workload meeting with Management.We were assigned the following aircraft: Aircraft Y; bleed air fault 3-time repeat item; being worked by holdover overtime AMTs (Aircraft Maintenance Technician); Aircraft Z; LPC bleed and idle run; Aircraft A; Fan Air Valve Thermostat; being worked by holdover overtime AMTs; aircraft X; LH Pack Flow Valve; and Aircraft B; carpet non-routines. The crew was short 3 AMTs; Person D; Person E; and Person F; due to vacations and training. These AMTs were not backfilled. In addition; there was a field trip called for ZZZ1 in which AMTs Person G and Person H accepted. Now we were short 5 full shift AMTs. There was no holdover Crew Chief held in accordance with the JCBA (Joint Collective Bargaining Agreement). Article XX states that when 3 or more AMTs are on shift; that a Crew Chief will be maintained. Article YY states that holdover AMTs shall not be combined to cover known full shift overtime opportunities; but may be held to unplanned maintenance needs. There were 6 AMTs held over for Aircraft Y; Aircraft Z; and Aircraft A in which a holdover Crew Chief could have Lead instead of Crew Chief Person C and I trying [to] manage them; as well as our AMTs and aircraft. We had 3 aircraft to move and stage for Ramp to tow to the gate; and we had to double up on the manning for the crew. In addition; Aircraft B was added to my workload 2 hours after the start of my shift.Avionics was onboard working their items; while I deferred the remaining items. Management kept on coming into the Crew Chief Office asking for continual updates in order to keep updating [the] web-based system. They kept on asking for Aircraft X and when it would be ready to move. I usually do not allow the pressure to get to me but on that day; we were stretched thin and I started to feel the pressure to produce the aircraft. AMTs Person I and Person J were tasked with working Aircraft X; LH Pack Flow Valve. Management kept coming in asking if Aircraft X was ready for Ramp to take it. When the AMTs had successfully repaired the pack flow item; Management again asked if the aircraft can be moved. I replied that it was down to paperwork. Management then asked if Ramp could move the aircraft without the logbook; and that the logbook would be delivered afterward. This is a common occurrence at ZZZ; moving an aircraft without a logbook. There have been occasions where Ramp has moved an aircraft without approval from Maintenance. In this case; I relented and gave my approval for Aircraft X to be moved to the gate while the AMTs were completing their paperwork. The AMTs signed off their item in the logbook; Logbook Deferral Sheet XXXXXXX; non-routines; and job card #4. However; they did not enter their item into [the system]; nor did they call Maintenance Control to unlock the item so it can be cleared. I called Maintenance Control on their behalf and entered their item into [the system]. I was rushing; and this is where I forgot to write the Logbook Deferral Sheet number into the Aircraft Maintenance Logbook; on compliance page XXXXXXX.By now; Aircraft X was on the gate and the flight crew was asking for the logbook. Crew Chief Person K called me asking for the logbook; which was not ready yet. I briefly looked at the other sign-offs in the Aircraft Maintenance Logbook for Logbook Deferral Sheet YYYYYYY; compliance page YYYYYYY; and saw that the deferral code block was blank. This is where I quickly cross-referenced the Job Card XXXXXX tally and saw that job #5; Logbook Deferral Sheet YYYYYYY; was deferred. I checked the job card itself and saw that it was deferred for parts NIS at ZZZ. This is when I wrote in the deferral code "MEL" to correspond with the tally and job cards. The sign-off was confusing in the logbook and did not match the job card. It seemed to say something about 2 placards. The sign-off did not make sense. However; the tally showed 2 items deferred; job cards 5 and 6 were deferred; and there were 2 placards in the logbook. The placards were for "1L OTBD Flashlight INOP" and "L2 OTBD Seat INOP due to INOP flashlight." These were previous deferrals that apparently were not repaired. In the rush to produce the logbook for a timely departure; as well as managing the other aircraft; with a short-staffed day shift crew; as well as having to manage overtime AMTs; I failed to look into the confusing verbiage deeper. Signed off the Airworthiness Release; and Crew Chief Person C took the logbook down to the aircraft. Afterward; Crew Chief Person A was called out to the aircraft because the Captain was confused with the logbook. This occurred after I had ended my shift. Crew Chief Person A was also confused by the sign-off in the Aircraft Maintenance Logbook for Logbook Deferral Sheet YYYYYYY. He tried to sort it out and was under pressure because the crew was going to time out. He believed that amt name1 had forgotten to sign off Logbook Deferral Sheet ZZZZZZZ; if I understood him correctly; and transcribed his sign-off for Logbook Deferral Sheet YYYYYYY to ZZZZZZZ. Person A had no time to retrieve the pack from the hangar; before the crew timed out. The next morning Crew Chief Person A informed me of the events that transpired at the gate concerning Aircraft X's Aircraft Maintenance Logbook.The first thing that I must do is to pace myself and not give into pressure from Management. I should insist that Ramp not be allowed to move aircraft to the gate without the Aircraft Maintenance Logbook first being adequately reviewed; released for service; and placed on the aircraft. I should also insist on Management holding over an overtime Crew Chief for overtime AMTs. I need to make sure that I understand what has been written in the Aircraft Maintenance Logbook and if there are discrepancies; to not give into pressure and release the aircraft for service.",,,,"Lead Technician reported communication issues resulted in logbook errors and a delay to an outbound flight.",
1928964,202208,1801-2400,ZZZ.Airport,US,,,0,,,,,,,,,,Air Carrier,B737-800,,2,Part 121,IFR,Passenger,,Parked,,,,,,,,,,,,,,,,,,,,,,,,,,,,,,,,,,,,,,,,,,,,,,,,,,,,,,,,,,,,,,,,,Aircraft X,Flight Deck,Air Carrier,Captain; Pilot Flying,Flight Crew Air Transport Pilot (ATP); Flight Crew Instrument; Flight Crew Multiengine,,,Fatigue; Distraction; Situational Awareness; Time Pressure,,,1928964,Aircraft X,Flight Deck,Air Carrier,Pilot Not Flying; First Officer,Flight Crew Instrument; Flight Crew Multiengine; Flight Crew Air Transport Pilot (ATP),,,Time Pressure; Situational Awareness; Fatigue; Distraction,,,1928972,Conflict Ground Conflict; Critical; Deviation / Discrepancy - Procedural Clearance; Deviation / Discrepancy - Procedural Published Material / Policy; Ground Event / Encounter Vehicle,,,,,Flight Crew Took Evasive Action,Company Policy; Human Factors,Human Factors,"Failed to shutdown both engines on Shutdown Flow. Captain called for shutdown checklist. First Officer read the checklist in its entirety. Crew realized both engines start levers were not placed to cutoff after checklist completion and then immediately placed both start levers to cutoff and verified the engines were shutting down.Cause - It was the end of nearly an 11 hour duty day. Taxing into [Gate] DXX a tug cut in front of the aircraft and the Captain needed to make an abrupt stop to avoid hitting the tug. I believe that distraction pulled some of our focus during our shutdown of the aircraft along with the longer busy duty day added to some fatigue.Suggestions - Turning up the dome light after parking at the gate. Following the shutdown flow especially after engine start levers cutoff verifying the engine shutdown by decrease in N1; EGT; N2 and fuel flow.",,"Crew failed to recognize engines not shut down during shut down flow and while completing shut down checklist until Crew recognized issue after checklist completion while putting personal equipment away.Cause - Long flight day dealing with weather delays starting in ZZZ1 and weather; turbulence and significant mountain wave ZZZ2/ZZZ.  Mitigated all issues but felt the fatigue setting in.  Entering alleyway to gate had a tug moving along ramp edge suddenly turn to cross ramp in front of jet. I had to lock brakes to stop quickly which became a mental distraction. Day flyer; flying a night trip and had turned down cockpit lighting prior to running checklist; as I would during daylight hours and did not turn on dome light until after checklist.Suggestions - Slow down the shut down checklist. Do not turn down flight deck lighting until getting to that item on checklist.",,"B737-800 flight crew reported they failed to shut down both engines during their shutdown flow. The crew stated distraction caused by a conflict with a tug contributed to the event. Fatigue was also cited as a factor.",
1931367,202209,0601-1200,ZZZ.Airport,US,,,,,,,,,Daylight,,,,Air Carrier,EMB ERJ 170/175 ER/LR,,2,Part 121,IFR,Passenger,GPS; FMS Or FMC,Initial Climb; Takeoff / Launch,Direct,Class B ZZZ,,,,,,,Off,,,,,,,,,,,,,,,,,Air Conditioning and Pressurization Pack,,X,Malfunctioning,,,,,,,,,,,,,,,,,,,,,,,,,,,,,,,,,,,,Aircraft X,Cabin Jumpseat,Air Carrier,Flight Attendant (On Duty); Flight Attendant In Charge,Flight Attendant Current,,Safety Related Duties,Workload; Troubleshooting; Time Pressure; Distraction; Fatigue,,,1931367,Company,,Air Carrier,Dispatcher,Dispatch Dispatcher,Dispatch Dispatch 1,,Workload; Troubleshooting; Time Pressure,,,1930888,Aircraft Equipment Problem Critical; Flight Deck / Cabin / Aircraft Event Smoke / Fire / Fumes / Odor,,N,Person Flight Attendant; Person Flight Crew,In-flight,Air Traffic Control Provided Assistance; Flight Crew Diverted; Flight Crew Requested ATC Assistance / Clarification,Aircraft,Aircraft,"During takeoff; I was alerted by the strong smell of fumes that smelled like burning plastic/wiring; which caused me to immediately visual access my galley and the cabin from my jumpseat. As we climbed; I called the A FA (Flight Attendant) on the inter phone; to question if they also smelled the fumes. She told me that she did and thought that it was the smell of smoke from perhaps the pacs or jet fuel burn off but was worried since I also smelled it. I told her 'it smells as if somethings burning and we should alert the CA (Captain)'. We called the pilots on the inter phone and told them that there is a smell of something burning and was told that the fumes had also spread to the cockpit. Me and the other FA; got out of our jump seats and began to physically and visually access the Lavs; galleys; and cabin; including the panels that run across the ceiling and overhead bins with the backs of our hands to check for a possible heat source since there was no appearance of smoke. As we climbed further that smell began to dissipate. The Flightdeck notified us that they had [advised ATC] and we would be landing in the nearest airport. An announcement was made that we would be making a landing back in ZZZ due to the smell of fumes in the aircraft; with instructions to remain seated; and that we would be met by firetrucks. After landing in ZZZ; the fire department accessed us and then marshaled us into a gate; where we deplaned; and waited for the Fire Fighters and Maintenance.Management called and I explained to them the events. I said that 'I am currently okay but I am currently mentally exhausted!'The crew decided once adrenaline began to decline that it would be safer if the internal and external passengers if we called in fatigued.We coordinated with Crew Scheduling and was removed from the trip.",,"Our flight took off from ZZZ1 and immediately diverted to ZZZ. I was not ACARSed or notified about this; of course the Pilot probably had no time to message me about it dealing with the situation. After he landed and he called me and let me know that there was a smoke was smell in the cockpit. So they [advised ATC] and told me that fire and rescue was present and that they saw no smoke. Everyone was okay and they got to their gate and took the aircraft out of service. Since landing it has been put out of service. Maintenance has a note of 'HAS HISTORY OF SMELL IN CABIN/COCKPIT ON TAKEOFF.'Basically; this has happened with this aircraft before with other people from what I am told. Even Maintenance has said there is a history of if happening in that aircraft. Something needs to be done about that.",,"Air Carrier Flight Attendant reported the smell of electrical and burning plastic filling the cabin right after takeoff. The flight diverted with the assistance from ATC. The aircraft landed safely and proceeded to the gate followed by the ARFF.",
1931686,202209,0601-1200,ZZZ.TRACON,US,,,,10000,,,,,Daylight,,,TRACON ZZZ,Air Carrier,B737-700,,2,Part 121,IFR,,,Climb,,Class B ZZZ,,,,,,,,,,,,,,,,,,,,,,,,Engine Air Pneumatic Ducting,,X,Improperly Operated,,,,,,,,,,,,,,,,,,,,,,,,,,,,,,,,,,,,Aircraft X,Flight Deck,Air Carrier,First Officer,Flight Crew Air Transport Pilot (ATP); Flight Crew Instrument; Flight Crew Multiengine,,,Fatigue; Situational Awareness,,,1931686,,,,,,,,,,,,Aircraft Equipment Problem Less Severe; Deviation / Discrepancy - Procedural Published Material / Policy,,,Person Flight Crew,In-flight,Flight Crew Became Reoriented; Flight Crew Overcame Equipment Problem,Aircraft; Human Factors,Human Factors,"We turned the engine bleeds off while taxiing into the gate from our first flight; to prevent a dual bleed light. The First Officer forgot to turn them back on after engine starting. We performed the appropriate checklists and the appropriate calls were made; but we forgot to visually check the bleed sources were in the correct position; when the Captain responded to the checklist. We climbed out as normal; but as we were performing the 10;000 ft. Checklist; the Cabin Pressure Warning horn and light went off. We leveled off at 10;000 ft.; told ATC and immediately realized what we had done. We turned the bleeds on; went through the QRH to resolved the issue; and the cabin pressurized as normal. We notified ATC and the Flight Attendants; continued the climb and proceeded on course as intended. No others issues entailed during the flight. Threats to this situation were an extremely early report time and early morning awakening for both Crew Members. First Officer was new and Captain visually looked at bleeds during checklist and responded with what was 'expected' but not as the bleeds actually were.Making sure that you respond to what you see not what you expect during checklist callouts And verifying bleed sources are in the correct position; after engine starting and shutting down the APU.",,,,"B737-700 First Officer reported the flight took off with the pneumatic bleed valves closed; resulting in failure to pressurize. The crew noticed and corrected the error.",
1932036,202209,1801-2400,ZZZ.TRACON,US,090,15,,9000,,,,,Daylight,,,TRACON ZZZ,Air Carrier,B737-700,,2,Part 121,IFR,Passenger,,Initial Approach,,Class B ZZZ,,,,,,,,,,,,,,,,,,,,,,,,Fuel System,,X,Malfunctioning,,,,,,,,,,,,,,,,,,,,,,,,,,,,,,,,,,,,Aircraft X,Flight Deck,Air Carrier,Pilot Flying; Captain,Flight Crew Air Transport Pilot (ATP); Flight Crew Instrument; Flight Crew Multiengine,,,Communication Breakdown; Situational Awareness; Fatigue,Party1 Flight Crew; Party2 ATC,,1932036,Aircraft X,Flight Deck,Air Carrier,Pilot Not Flying; First Officer,Flight Crew Air Transport Pilot (ATP); Flight Crew Multiengine; Flight Crew Instrument,Flight Crew Last 90 Days 200; Flight Crew Type 3200,,Situational Awareness; Time Pressure,,,1931685,Aircraft Equipment Problem Less Severe; Deviation - Track / Heading All Types; Deviation / Discrepancy - Procedural Clearance; Inflight Event / Encounter Fuel Issue,,,Person Flight Crew,In-flight,Flight Crew Returned To Clearance; Flight Crew Became Reoriented,Aircraft; Human Factors,Human Factors,"Cleared to intercept LOC; while being vectored on final approach. The Flight Crew failed to do so; without notifying Approach. There was no loss of separation. ATC did accommodate the failed intercept with vectors that eventually lead to a stabilized approach and a safe landing. Distractions; threats; and task saturation that led the Flight Crew to prioritizing aviating over communication were the following:Non-Normal Fuel Imbalance that resulted in a return to departure airport situation; minutes after takeoff (1500 pounds). Running the QRH and troubleshooting for a possible fuel leak during most of the return to the field flight time. Becoming situationally aware; that landing immediately would result in max landing weight being exceeded; while simultaneously realizing that the Fuel Imbalance was no longer trending negatively. ATC's efforts to expeditiously vector Fight Crew to begin the approach; while being too high to safely do so. Notifying Flight Attendants; Passengers; and Dispatch of the issue and decision to return to the field. First flight of the day with a Cockpit Crew that had never flown together before. Fifth day of reserve with minimum sleep. The previous duty day ended hours after midnight with a 'Sound Check' and Live DJ Wedding hotel event that ended at XA30 AM. This Crew Member estimated less than four hours of sleep. The Flight Crews thoroughly debriefed the event and came to the following conclusions: The above situation may have been mitigated; had the Flight Crew better coordinated with each other and ATC. The result may have been longer vectors; to provide more time to process the increased task loading and troubleshooting; once the Crew realized that the fuel imbalance trend had been reduced and eventually reversed. Taking a pause to communicate that the overweight landing was now a higher risk (versus the fuel imbalance) may have helped ATC to aid the Flight Crew with less expeditious vectoring and thereby avoid task saturation considering the high number of threats experience in the short flight back to the originating airport.",,"Encountered a sudden fuel imbalance annunciation showing 1;300 pounds difference shortly after takeoff. Made decision to return but got rushed after ATC cleared us direct to field. While running checklists and coordinating with Flight Attendants; the Captain flew through final. We immediately coordinated to get vectors and landed [uneventfully].",,"B737-700 flight crew reported a track deviation occurred while returning to departure airport following a fuel imbalance issue.",
1932078,202209,0001-0600,MSLP.Airport,FO,,,,,,,,,,,,Tower MSLP,Air Carrier,Medium Transport; Low Wing; 2 Turbojet Eng,,2,Part 121,IFR,Passenger,,Landing,,,,,,,,,,,,,,,,,,,,,,,,,,,,,,,,,,,,,,,,,,,,,,,,,,,,,,,,,,,,,,,,,Aircraft X,Flight Deck,Air Carrier,Captain; Pilot Flying,Flight Crew Multiengine; Flight Crew Air Transport Pilot (ATP); Flight Crew Instrument,,,Fatigue; Situational Awareness,,,1932078,Aircraft X,Flight Deck,Air Carrier,Pilot Not Flying; First Officer,Flight Crew Air Transport Pilot (ATP); Flight Crew Instrument; Flight Crew Multiengine,,,Situational Awareness; Time Pressure; Distraction,,,1931059,ATC Issue All Types; Conflict Ground Conflict; Critical; Ground Incursion Runway,,,Person Flight Crew,In-flight,Flight Crew Took Evasive Action,Human Factors; Environment - Non Weather Related,Human Factors,"Having received a landing clearance the transition from ILS DME2 Runway 14 to a visual approach was continued. Captain was Flying Pilot. 1000 ft. stable call was made. At about 600 ft. I asked the FO (First Officer) 'Is that paint on the runway?' Slight hesitation and I think the answer was something like 'not sure' or 'that is a big paint spot'. 500 ft call was made. Landing was completed. At about 80 kts. the FO called out 'truck on runway'. I applied very heavy brakes slowing the aircraft quickly to about 20 kts. I exited the runway at Taxiway 'A' continuing to the gate and parking the aircraft. At time of landing the sun was low in the sky and behind the aircraft; the truck was driving down the runway the same direction we were landing. The vehicle was on the center line of the runway; I think the term is 'Relative Movement' since the vehicle was driving down the center line there was no movement of the vehicle relative to the windshield. This made it difficult to identify the object as a vehicle. The vehicle just blended into the background. The vehicle departed the runway northwest of Taxiway 'A' to the north side of the runway.As we were taxiing to the gate the FO asked the Tower Controller if in fact he cleared us to land and the Controller stated 'Yes'. After we parked again the FO asked if a landing clearance was issued and the Controller stated 'Yes'. The Controller said he told the vehicle to clear the runway but said the vehicle driver must have missed the transmission.[A contributing factor was fatigue related to early] duty day and 10 hours behind the door the night before; and [an early] duty day on the day of the event. I think there was only one Controller on duty.",,"During the approach; the CA (Captain) (PF (Pilot Flying)) ended up unexpectedly high on the visual approach (backed up by the ILS DME 2) once turning to final. He used gear extension; full speed brakes and manual flying to bring the aircraft to within stable limits by the 500 ft. callout; but our attention was focused on whether we would need to perform a Go-around or not. This channelized attention led to a later-than-normal completion of the before landing checklist. All this is to say the final moments of this approach were rushed and compressed. Shortly before reaching the flare; the CA asked; 'Is that something on the runway? Or is that just paint?' We saw something yellow about halfway down the runway; slightly left of centerline; but at a distance of over 1NM it looked like a strip of yellow paint. We had been cleared to land and were the only aircraft talking with approach for several minutes at this sleepy airport. So cognitively I convinced myself it must be some type of paint indicating an area of a temporary repair or something non-standard that must be specific to Mexico (I am inexperienced with Mexico airports). I said; 'I think it's just paint' as we entered the flare; and I cross-checked the yellow spot out front several times as I confirmed spoilers extending on touch-down. As the flare and touchdown were happening; the shape of the yellow appeared to be three dimensional rather than two dimensional like paint; and I quickly realized it was a vehicle stopped on the runway; approximately 20 feet to the left of centerline. I called out; 'That's a vehicle on the runway!' to the CA rather than 'Go-Around' since thrust reversers had already been selected. The CA came heavily on the brakes as I called Tower saying; 'Get that truck off the runway!' Before my transmission was halfway over; the vehicle (ambulance style van); which was parked facing away from us; peeled out and quickly drove into the dirt/grass off the left of the runway. I do not think my transmission had anything to do with its movement unless the occupants were listening to our frequency. We were probably never closer than 1000 ft. to the vehicle; but if it had not moved we would likely have still been about 30 kts. by the time we overtook its position. It is unclear whether we could have gained enough separation to the right to avoid collision with the left engine had we deviated to the right of centerline without departing the runway surface to the right. When we cleared the runway at Taxiway A the vehicle was behind us; so I estimate its location to have been at approximately 4500 ft. from the approach end of Runway 14. Before shut down I debriefed with the Tower Controller. He confirmed we had been cleared to land but offered an excuse that he had told the vehicle to exit the runway but it had not complied. He promised to review the communications. The visibility was extremely clear and there are no obstructions to the Tower view of the runway area; and the Controller had never mentioned any traffic to us.The Tower Controller should not have cleared us to land with a vehicle on the runway; or should have canceled our clearance when it became apparent there would be a conflict. He likewise should have informed us of the traffic. The CA's steep approach compressing our timeline and focusing our attention was a contributing factor; but visually the yellow 'spot' truly looked two dimensional until the round out and flare for the distance we saw it at (I have excellent vision and do not need or wear glasses). Still; my cognitive disbelief that it *could* be a vehicle stopped me from directing a go-around at the last possible opportunity. But I believe our actions; perceptions and decisions were contributing rather than causal factors.Tower Controller should not give clearance to land with a vehicle on the runway. Tower Controller should cancel clearance or direct the go-around when a conflict is apparent. If I see anything that causes me confusionor still seems odd by the time of the flare I will direct or execute a go-around.",,"Air carrier flight crew reported heavy braking was required to avoid a collision with a truck on their runway at MSLP. The Tower Controller had instructed the truck to exit the runway but the truck failed to do so.",
1938052,202209,0601-1200,ZZZ.Airport,US,160,12,,7000,,,,,Daylight,,,,Air Carrier,B737-800,,2,Part 121,IFR,Passenger,,Initial Approach,,,,,,,,,,,,,,,,,,,,,,,,,,Navigational Equipment and Processing,,X,Malfunctioning,,,,,,,,,,,,,,,,,,,,,,,,,,,,,,,,,,,,Aircraft X,Flight Deck,Air Carrier,First Officer; Pilot Not Flying,Flight Crew Air Transport Pilot (ATP); Flight Crew Instrument; Flight Crew Multiengine,Flight Crew Last 90 Days 165; Flight Crew Type 2200,,Workload; Time Pressure; Fatigue; Communication Breakdown,Party1 Flight Crew; Party2 Flight Crew,,1938052,Aircraft X,Flight Deck,Air Carrier,Captain; Pilot Flying,Flight Crew Air Transport Pilot (ATP); Flight Crew Instrument; Flight Crew Multiengine,,,Communication Breakdown; Time Pressure; Workload,Party1 Flight Crew; Party2 ATC,,1937138,Aircraft Equipment Problem Less Severe; Deviation - Altitude Excursion From Assigned Altitude; Deviation - Altitude Overshoot; Deviation / Discrepancy - Procedural Clearance; Deviation / Discrepancy - Procedural Published Material / Policy; Inflight Event / Encounter CFTT / CFIT,,,Person Air Traffic Control,In-flight,Flight Crew Overcame Equipment Problem; Flight Crew Regained Aircraft Control,Aircraft; Human Factors,Ambiguous,"While on approach; we were turned onto a base leg by ATC and given a clearance to turn; slow and descend to 8000 ft. I responded to ATC. However; the Captain was in the middle of finding out his HUD was inoperative. He made the turn but did not dial in the altitude in the MCP window. He realized that he had not put an altitude in the MCP panel and queried me what the altitude was. Unfortunately; I told him the wrong altitude of 7000 ft. We were both heads up at that time; looking for the proceeding aircraft turning final. Leveling off at 7000 ft.; I had a feeling something was not right. At that point; ATC issued an Altitude Alert and told us to climb back to 8000 ft. We climbed back to 8000 ft.; turned final and intercepted the localizer and landed.Several things where big contributors. I was tired. I had been working PM trips then switched to a early AM wakeup call. After the event; I called in fatigued. Possibly recognizing my night of poor rest; I should have called in fatigued earlier. Second the failure of us not following our standards in setting the MCP panel.  I should have queried ATC again to verify our altitude when I realized the Captain did not know what it was. Last; the Captain was tasked saturated with dealing with the inoperative HUD. This definitely was an added distraction and we both should have been more aware of it interfering with tasks at hand.",,"While on downwind I was trying to get the HUD to work when we were given turn to base and descend clearance at the same time. I heard the turn while I was extending a line in the FMS for final and asked what the altitude was; my FO (First Officer) thought it was seven thousand but wasn't sure. Typical approach in ZZZ was talking so much and so fast we couldn't get a verification. I looked at the FAF fix and saw 7000 ft. and figured that was the clearance. Approach then called us and advised the clearance was 8000 ft. and climb back to 8000 ft. and we complied and continued the approach with no further incident.Distractions with the HUD; ZZZ Approach speaking so fast and so much were certainly additive conditions. Its very hard to continually track ZZZ and all of their clearances. Insist on verification of clearance. Take some of the load of the PF; like requiring the Pilot Monitoring to do all radio and FMS programing while below 10;000 ft.; or all the time for that matter. That way; the Pilot Flying can concentrate on flying the aircraft and listen better to ATC clearances.",,"Air Carrier flight crew reported receiving an ATC low altitude alert during approach. The flight crew immediately climbed to assigned altitude and continued the approach.",
1940870,202210,0001-0600,,,,,,,,,,,,,,,Air Carrier,B767 Undifferentiated or Other Model,,2,Part 121,,,,Parked,,,,,,,,,,,,,,,,,,,,,,,,,,Nose Gear,,X,Improperly Operated,,,,,,,,,,,,,,,,,,,,,,,,,,,,,,,,,,,,Gate / Ramp / Line,,,Technician,Maintenance Airframe; Maintenance Powerplant,,,Situational Awareness; Fatigue; Time Pressure,,,1940870,,,,,,,,,,,,Aircraft Equipment Problem Critical; Deviation / Discrepancy - Procedural Maintenance; Deviation / Discrepancy - Procedural Published Material / Policy,,,Person Flight Crew; Person Maintenance,In-flight,Flight Crew Returned To Departure Airport,Aircraft; Human Factors,Human Factors,"Aircraft had an air return for a gear disagree. Upon aircraft landing an inspection was conducted and the gear pin was found still installed and the tow pin was discovered in the gear pin holder in the flight deck. As aircraft returned to gate after an air return due to a gear disagree EICAS message; it was discovered that the aircraft tow pin had been pulled and stowed instead of the Nose Landing Gear (NLG) downlock pin. I myself was a part of the pulling and stowing process. As I was leaving the flight deck I verified that there were indeed 5 pins put and stowed away in the box before signing off gear pins in the logbook; not realizing the NLG downlock was still installed due to the wind blowing the flag of the downlock pin up and around the NLG. After the discovery; the NLG pin was pulled and stowed in its correct location fixing the air disagree EICAS issue. It was noted from the flight crew as well that they did not see the downlock pin still installed during their walk around and noted seeing 5 pins stowed in the flight deck before departure.",,,,"Aircraft Technician reported not pulling the Landing Gear Downlock Pin during pre-departure inspection; which resulted in a gear disagree and air turnback.",
1942817,202210,0001-0600,ZZZ.TRACON,US,,,,,,VMC,,,Night,,,TRACON ZZZ,Air Carrier,Regional Jet 700 ER/LR (CRJ700),,2,Part 121,IFR,Passenger,,Final Approach; Initial Approach,,,,,,,,,,,,,,,,,,,,,,,,,,,,,,,,,,,,,,,,,,,,,,,,,,,,,,,,,,,,,,,,,Aircraft X,Flight Deck,Air Carrier,Pilot Not Flying; Captain,Flight Crew Air Transport Pilot (ATP); Flight Crew Multiengine; Flight Crew Instrument,,,Workload; Fatigue; Time Pressure,,,1942817,Aircraft X,Flight Deck,Air Carrier,First Officer; Pilot Flying,Flight Crew Instrument; Flight Crew Multiengine; Flight Crew Air Transport Pilot (ATP),,,Workload; Fatigue; Time Pressure,,,1942812,Deviation - Altitude Overshoot; Deviation - Altitude Excursion From Assigned Altitude; Deviation / Discrepancy - Procedural FAR; Deviation / Discrepancy - Procedural Published Material / Policy; Deviation / Discrepancy - Procedural Clearance; Inflight Event / Encounter CFTT / CFIT; Inflight Event / Encounter Weather / Turbulence,,,Automation Aircraft Terrain Warning; Person Flight Crew,In-flight,Aircraft Equipment Problem Dissipated; Flight Crew Took Evasive Action; Flight Crew Returned To Clearance,Human Factors,Human Factors,"After two unsuccessful attempts to land at ZZZ1 Airport due to weather. We diverted to ZZZ where we setup for a visual approach to Runway X. We used the RNAV (GPS) Y Runway X approach to back up the visual approach as the ILS approach was out of service. On right downwind for Runway X ATC asked if we had the airport in sight which we did. They cleared us for the visual approach and we continued downwind. We turned about a 5 mile base leg and were descending to 6100. We received an obstacle alert and responded accordingly. This is when I realized that we were improperly conducting a visual approach into ZZZ. I had forgot that we needed to follow the approach guidance from an IAF or radar vectors for this airport. Both of us missed that point during the approach briefing. After adjusting our descent rate for the alert we continued the approach without further incident. After conducting two missed approaches from minimums and diverting with considerable weather in the area that we were constantly avoiding we were mentally fatigued and overlooked the safety alert airport requirements for approaches into ZZZ at night. I am familiar with this airport and its requirements as I have been here many times before. I think the contributing factors involved in our error were rushing during a diversion at night and task saturation that caused us to overlook the requirement. Also contributing was the late hour at the end of a long day and get-there-itis.",,"We departed the airport and knew we'd be dealing with weather both most of the way enroute; and at the destination; at night. After attempting an approach twice with hopes the clouds at minimums were transient; we diverted to our alternate. Enroute; while dodging storms at night; it became clear that there was a better alternate behind us; closer. We again coordinated with ATC to turn towards that airport. Due to its proximity and the nature of the irregular ops; we were somewhat task saturated for a bit. We felt good about our decision and focused on the flight path management in relation to the weather; as well as all the briefings; etc. During the approach to landing; cleared for a visual approach and in good VMC; I turned the plane to a base leg; and rolled the VS knob down because we had been high. While communicating with the Captain about my decision to turn now; and configuring; our flight path became low in relation to our vertical guidance. It was VMC and we had a clear view to the airport and runway. I was either slowing my descent or had leveled when an obstacle alert sounded. I clicked off AP; applied thrust and started a climb. The alert went away immediately; and the vertical guidance was realigned on the 3 degree glideslope soon after. We continued the approach and landed uneventfully; and during the debrief the Captain informed me of our mistake. Weather both enroute and at the original destination airport. Multiple missed approaches both ending in a hold. Intermittent icing; especially during high work load times. The entire flight was at night. Flying well in to the night.",,"CRJ-700 flight crew reported receiving an obstacle alert during a night visual approach. After responding accordingly to the alert; the flight crew followed the company approach guidance to a safe landing.",
1945485,202210,1201-1800,,,,,,,,,,,,,,,Air Carrier,B737-900,,2,Part 121,IFR,Passenger,,Cruise; Taxi,,,,,,,,,,,,,,,,,,,,,,,,,,Coalescer Bag,,X,Malfunctioning,,,,,,,,,,,,,,,,,,,,,,,,,,,,,,,,,,,,Aircraft X,General Seating Area,Air Carrier,Flight Attendant (On Duty),Flight Attendant Current,,Service; Safety Related Duties,Other / Unknown; Physiological - Other,,,1945485,Aircraft X,General Seating Area,Air Carrier,Flight Attendant (On Duty),Flight Attendant Current,,Service; Safety Related Duties,Fatigue; Physiological - Other,,,1945465,Aircraft Equipment Problem Less Severe; Deviation / Discrepancy - Procedural FAR; Deviation / Discrepancy - Procedural Published Material / Policy; Flight Deck / Cabin / Aircraft Event Illness / Injury; Flight Deck / Cabin / Aircraft Event Smoke / Fire / Fumes / Odor,,,Person Flight Attendant,In-flight,Flight Crew Overcame Equipment Problem,Aircraft,Aircraft,"Flying on Aircraft X the B and C FAs (Flight Attendants) (working in the aft of cabin) noticed an odor; they both began to feel ill and therefore knew the odor to be that of a fume event. The D and I (A) noticed less effect from the fume event in the FWD cabin. We carefully observed and monitored the guests on the aircraft; especially those in the aft; to see if they felt ill. No guests described being ill. While not feeling great; B and C said they could land the aircraft. We kept the flightdeck alerted to the situation and Operations on the ground was also alerted. We landed the aircraft at XA:03 and were placed in a traffic jam of aircraft waiting to get to gate. And the gate chosen for us had a Company plane occupying it so our wait was quite long - arriving at the gate at XA:38.When a flight has reported to Operations a crew member is feeling ill; the aircraft once landed should immediately be directed to a gate - a 35 minute wait further risks a crews health. This aircraft was boarding and flying again in less than two hours - I question whether a complete safety inspection could have been accomplished in that limited amount of time.",,"Upon arrival on the aircraft we noticed a disturbing smell. The B and C FAs (Flight Attendants) noticed it and cracked both aft doors. they described the smell as dirty gym sock. Then about half way through the flight; after spending the majority of the time in the aft due to turbulence; the B and C started complaining of headaches and brain fog. The A and I sat back there for about 45-60 minutes to relieve them and let them sit in the forward part of the aircraft. After being back there for that long; I started to feel symptoms of a heavy chest. Our C had gone into the flight deck to use oxygen. When she came out she described feeling as if she couldn't even remember the first half of the flight; but did feel much better after receiving oxygen. Upon landing in ZZZ; we were NOT put straight into a gate to deplane quickly; but we're stuck behind a long line of larger planes with exhaust headed straight into our cabin. As a result of this; I began to feel dizzy sitting in my jump seat. This went on for 30 minutes. I called the flight deck to see if there was an update and they informed me that we would have to 'declare and emergency' in order to get straight to the gate. Which in turn is making me believe that one of the crew would have to feel That bad that it would be an emergency as if what we were already feeling wasn't bad enough. This was unacceptable since we already had crew members that were feeling unwell and symptoms exacerbated by a long line of planes in front of us.After the crew debrief with the Captain and Maintenance; this plane continued to fly to a 100% full flight to ZZZ1; potentially putting more crew and passengers in danger.We should have gone straight to the gate in ZZZ; [they] should have made a gate available instead of sitting on the taxiway for an additional 30 minutes. The plane should have been taken off the line for the problem to be solved; instead of continuing to ZZZ1 harming more crew and passengers.",,"B737-900 Flight Attendants reported a fume event during cruise which they described as 'dirty socks'. Three flight attendants experienced physiological symptoms and stated the flight crew should have been more proactive in handling the event.",
1945726,202210,0601-1200,ZZZ.Airport,US,,,0,,,,Scattered,,Dawn,,,Tower ZZZ,Air Carrier,EMB ERJ 170/175 ER/LR,,2,Part 121,,Passenger,,Taxi,,,,,,,,,,,,,,,,,,,,,,,,,,,,,,Tower ZZZ,Air Carrier,Caravan Undifferentiated,,1,Part 121,,,,Taxi,,,,,,,,,,,,,,,,,,,,,,,,,,Aircraft X,Flight Deck,Air Carrier,Pilot Flying; Captain,Flight Crew Multiengine; Flight Crew Instrument; Flight Crew Air Transport Pilot (ATP),,,Workload; Communication Breakdown; Distraction; Fatigue; Situational Awareness,Party1 Flight Crew; Party2 Flight Crew,,1945726,Aircraft X,Flight Deck,Air Carrier,First Officer,Flight Crew Instrument; Flight Crew Multiengine; Flight Crew Air Transport Pilot (ATP),,,Fatigue; Situational Awareness; Distraction; Communication Breakdown; Workload,,,1946071,ATC Issue All Types; Conflict Ground Conflict; Critical; Deviation / Discrepancy - Procedural Clearance; Deviation / Discrepancy - Procedural Published Material / Policy; Ground Event / Encounter Aircraft; Ground Incursion Taxiway,,,Person Flight Crew,Taxi,Flight Crew Took Evasive Action,Human Factors; Procedure,Human Factors,"I was CA (Captain) taxiing Aircraft X for departure from the ZZZ 'X' gates to Runway XXL; when we narrowly avoided a collision with a Aircraft Y single engine turboprop. Conditions were the pre-dawn period of civil twilight; VMC; dry pavement; and extensive construction zone hazard lighting in the vicinity. CA was on day 5; segment 1; and feeling mildly fatigued. FO (First Officer) was on day 1; segment 1. Aircraft was configured normally with Engine 1 running and APU on. Navigation lights; red beacon; logo lights; and nose taxi light were illuminated.After clearing up a minor issue with the Ramp Controller reversing Taxiways XX and XY in our initial instructions; we had correctly taxied on XY and were holding short of Taxiway XZ. We checked in with Ground for taxi from this position. Ground cleared us to the effect; 'Aircraft Y; taxi to Runway XXL via X; you can go over to Tower.' There was no mention of any traffic conflicts or sequence. After the FO read back this clearance; I looked left; right; and left again while giving the short taxi brief 'via X; no hotspots; clear left.' FO responded with 'clear right' and I turned on our nose taxi light and began to taxi along XX from XZ to make the right turn onto X. To the left; I was confronted with a vast expanse of blinking hazard lights within the temporary construction zones; as well as the normal runway and city lights against the gray twilight. I did not observe any aircraft movement on taxiway X itself at this time. To the right; I could clearly see all the way along our entire taxi route to the departure end of Runway XXL; and with no traffic ahead of us; I called for the FO to start engine number 2; so that the 2 minute warmup would be complete before we reached the runway. I remained 'heads up' during the engine start and continued my normal visual scan; and still perceived no traffic from the left. Just as I called 'clear left for the right on X' and was turning my vision back to the right for the turn; the FO spoke up with something akin to 'what about that guy? He's hauling... it doesn't look like he's going to stop.' I looked back left and initially thought the FO was referring to a white panel van I could see speeding through the construction zone and was about to say 'he's no factor'; when I became aware of motion much closer coming from the left. I immediately stopped the aircraft and now fully observed a Aircraft Y single engine turboprop with navigation lights only (no forward taxi/landing lights illuminated) coming fast from left to right on [taxiway] X and about to hit us. I do not recall if I had our aircraft completely stopped before entering into [taxiway] X or not; but the Aircraft Y was coming close enough that I flashed my lights at him multiple times to make sure he didn't hit us. The Aircraft Y did not alter trajectory; and passed fast by our nose; uncomfortably close. They then continued taxiing rapidly towards the Company A ramp area. After a quick debrief of what just happened; we continued onto X; completed the engine start; taxi flows; taxi briefing; and taxi checklist; when I observed and commented we were still listening to Ground. When the FO switched us to Tower; I inquired; 'what was supposed to be our sequence reference that Aircraft Y;' in case we had somehow missed a traffic call or misheard our taxi instructions from Ground. Tower seemed unconcerned and said; 'Oh; he's an inbound; you can keep going on XA and you'll be number 1 for departure.' I replied; 'no; he cut us off back there;' and Tower replied; 'Oh; okay; I'll let him know.'The remainder of the flight was conducted without incident. Having no opportunity to debrief with ATC; I do not know if the causal factor was ATC creating a conflict by clearing us onto X in front of Aircraft Y; or if Aircraft Y had been issued instructions to yield to us and then didn't. In any case; procedural control was not sufficient to avoid an incident in this case; and an alert FO's visual scan(while also monitoring an engine start) is what prevented an accident.Contributing factors: Ambient lighting was poor because of time of day and non-standard; busy construction lighting Aircraft Y was taxiing extremely fast and with no forward (landing/taxi) lights  Cognitive bias--expecting to see conflicts with large passenger aircraft or ground vehicles; not a small aircraft Expectation bias--did not expect traffic due to low overall ground traffic; no traffic to the right; and no traffic called out to us or heard talking on frequency Fatigue Task saturationMaybe tone down the amount of construction hazard lighting at ZZZ to not create a 'wall of light' effect for taxiing aircraft.",,"There was no taxiing incursion in the event. Yesterday morning; the Captain was taxiing on XY approaching Taxiway XX in ZZZ leaving the X gates. I contacted Ground approaching Taxiway XX and was told to taxi to XXL via X; monitor Tower; new departure frequency XXX.XX. I read back the instruction and was then heads down putting the new departure frequency in comm 2 standby. The Captain briefed the taxi and I agreed with the taxi he briefed. He then asked me to start engine #2 since there was nobody ahead of us for departure. I was then heads down for the engine start. When the Captain stated 'clear left' I noticed that we were not clear left. I brought it to the Captains attention. He continued to taxi while looking for the aircraft. He did not see the Aircraft Y which only had its position lights on and blended in well with the construction zone in ZZZ. It became evident that neither aircraft was going to stop. I then stated again to the Captain about the opposing traffic moving at a high rate of speed. The Captain then saw the traffic right before I was about to step on the brakes to avoid a collision. He immediately stopped the aircraft and avoided the aircraft. The other aircraft still didn't see us and when they did they swerved off the centerline and their brakes. The aircraft continued to taxi in front of us. The Captain questioned Tower about our sequence and told them about the near incident. We continued the rest of the flight without incident. Suggestions: ADSB IN with taxi diagram displayLowered iPad mounts that do not block vision of flight crew",,"Air carrier flight crew reported critical ground conflict during taxi out for departure; requiring braking to avoid a collision.",
1945741,202210,0601-1200,,,,,,,,,,,,,,,Air Carrier,A321,,2,Part 121,IFR,Passenger,,Climb,,,,,,,,,,,,,,,,,,,,,,,,,,Unknown,,,,,,,,,,,,,,,,,,,,,,,,,,,,,,,,,,,,,,,Aircraft X,General Seating Area,Air Carrier,Flight Attendant (On Duty),Flight Attendant Current,,Safety Related Duties; Service,Fatigue; Physiological - Other,,,1945741,,,,,,,,,,,,Aircraft Equipment Problem Less Severe; Deviation / Discrepancy - Procedural FAR; Deviation / Discrepancy - Procedural Published Material / Policy; Flight Deck / Cabin / Aircraft Event Illness / Injury,,,Person Flight Attendant,In-flight,Flight Crew Overcame Equipment Problem,Aircraft,Aircraft,"Upon ascend I got a whiff of a strong chemical smell that lasted around a minute. Immediately after the smell my head started hurting; eyes itching; fatigued and my cheeks felt numb. We were on the A321 and I was FA (Flight Attendant) 2 so I was the only one sitting in the aft galley. Once we reached sterile; I asked the other FAs to come to the back to smell the area but they didn't smell anything. I thought I was crazy and never thought this could happen to me so it wasn't until my headache and fatigue wouldn't go away when I came to terms with the fact that I indeed probably just had a fume event. I then notified the Captain.",,,,"Air Carrier Flight Attendant reported a temporary 'strong chemical' odor during climb. Flight Attendant experienced persistent physiological symptoms which they reported to the Captain.",
1946064,202210,0001-0600,ZZZ.Airport,US,,,,,,,Fog,,Night,,,Tower ZZZ,Air Carrier,A321,,2,Part 121,,Passenger,,Final Approach,,Class B ZZZ,,,,,,,,,,,,,,,,,,,,,,,,,,,,,,,,,,,,,,,,,,,,,,,,,,,,,,,,,,,,,,,Aircraft X,Flight Deck,Air Carrier,Pilot Flying; Captain,Flight Crew Instrument; Flight Crew Air Transport Pilot (ATP); Flight Crew Multiengine,,,Confusion; Communication Breakdown; Situational Awareness; Workload; Fatigue,Party1 Flight Crew; Party2 Flight Crew,,1946064,,,,,,,,,,,,ATC Issue All Types; Deviation - Altitude Excursion From Assigned Altitude; Deviation - Speed All Types; Deviation - Track / Heading All Types; Deviation / Discrepancy - Procedural Published Material / Policy; Deviation / Discrepancy - Procedural Clearance; Flight Deck / Cabin / Aircraft Event Other / Unknown; Inflight Event / Encounter CFTT / CFIT; Inflight Event / Encounter Weather / Turbulence; Inflight Event / Encounter Unstabilized Approach,,,Automation Aircraft Terrain Warning; Person Flight Crew,In-flight,Flight Crew Became Reoriented; Flight Crew Executed Go Around / Missed Approach,Procedure; Weather; Human Factors,Human Factors,"Night flight. Originally FO (First Officer) leg; switched to CA (Captain) arrival for CAT 3. Cat 3 ILS Runway XXR ZZZ; wet; greater than 6000 RVR. Assigned 210 4000 on downwind. 190 speed on base down to 3000. Intercept 3000 and 170 speed to FAF. This would keep us too high. CA told FO to let them know that we would would be too high and it likely wouldn't work out. Mentioned it twice; no calls to ATC were made to relay this. Got busy fast. Put In 1700 ft and 1000 fpm descent. Was too tight and fast and high. CA made the poor decision to continue to 1000 and then plan to likely go around. Verbalized this. At 1000 ft the plane tried to capture the glide slope. This caused an erratic aircraft behavior leading to turning off the AP and auto thrust. Attempted to stabilize before initiating GA. This went badly and we got nose down. CA and FO said GA around. TOGA was not set. Correct attitude not set. The thrust did not react as expected. CA was confused. We were fully configured for flaps full landing. We then got a PULL UP. FO repeated pull up.CA executed very slowly and incorrectly into a GA and attempted to continue to stabilize the aircraft in the climb out. FO got flaps to 1. Oversped flap 1. FO seemed confused. CA set flaps to zero to stop the overspeed. Attempted twice unsuccessfully to re engage automation. Once level at 4000; automation was successfully re engaged. Continue around to another CAT 3 ILS XXR. FO set up and checked but approach phase was not activated. On final when CA pushed speed; plane sped up; CA pulled speed and called for activate approach. FO no response. CA activated approach phase; checked all criteria; stable except speed. Crew discussed continuing and we continued. Speed came down and on speed by 600. Successful auto land and taxi in. Med Auto Brake. AP off at 50 kts. Taxi in to Gate XX then broken jetbridge required tow to XY. Crew discussed event. Neither CA nor FO knew what happened initially at 1000 ft. CA took responsibility for the subsequent events and told FO that CA would file required reports. CA put flap overspeed in logbook and met with Maintenance.FO has 6 months in the 320; CA has 7. Trip started early am day 1; ended after midnight day 2. A circadian issue that the CA discussed at home prior to the trip.Both pilots have [several] kids.CA has dying family member adding life stress [to] manage the hospice care daily.",,,,"A321 pilot reported unstabilized approach.",
1948969,202211,1801-2400,ZZZ.Airport,US,,,0,,,,,,Night,,,,Air Carrier,B737-800,,2,Part 121,IFR,Passenger,,Parked,,,,,,,,,,,,,,,,,,,,,,,,,,,,,,,,,,,,,,,,,,,,,,,,,,,,,,,,,,,,,,,,,Aircraft X,Flight Deck,Air Carrier,Pilot Flying; Captain,Flight Crew Air Transport Pilot (ATP); Flight Crew Instrument; Flight Crew Multiengine,,,Fatigue; Workload; Time Pressure,,,1948969,,,,,,,,,,,,Deviation / Discrepancy - Procedural FAR; Deviation / Discrepancy - Procedural Hazardous Material Violation; Deviation / Discrepancy - Procedural Published Material / Policy,,,Person Dispatch,In-flight,Flight Crew Overcame Equipment Problem,Human Factors,Human Factors,"I arrived at the aircraft and met my third brand new First Officer (FO) in as many legs. The inbound aircraft was approximately :30 late and we were hoping to make up some time as I was just pushing my first flight of the day at (time); with anticipated weather; aircraft and Crew Member swaps downline; meals and fatigue to be factors later in the night. During the preflight; we realized we were over Allowable Takeoff Gross Weight (ATOG) and had to pull two revenue Passengers and plan a engine bleeds off takeoff; which caused some anxiety with the probationary First Officer. We had Company HAZMAT added to the flight and I signed the required paperwork; but in the hectic environment; forgot to amend the Release for the Operations Agent. On climbout; I noticed the call light was illuminated and I reviewed the ACARS messages. The light was for a Part 117 notification; but there was also a previously reviewed message from Dispatch reminding us to amend the release for the Hazmat with times and initials. The message was sent while we were at the gate. Neither the First Officer nor I remembered seeing the message prior to pushback.It was busy; but since I had a brand new FO again; I was trying to be methodical; slow down and cover everything. The Dispatcher; Ops Agent; freight and Ramp Agents all did their jobs and personally briefed me of the HAZMAT location. The mistake was totally on me.",,,,"Air Carrier Captain reported he failed to amend the flight release for added Hazmat prior to departure.",
1949576,202211,1201-1800,ZZZ.Airport,US,,,,800,,Marginal,,,,,,Tower ZZZ,Air Carrier,EMB ERJ 170/175 ER/LR,,2,Part 121,IFR,Passenger,,Initial Approach,Visual Approach,Class B ZZZ,,,,,,,,,,,,,,,,,,,,,,,,Autopilot,,X,Improperly Operated,,,,,,,,,,,,,,,,,,,,,,,,,,,,,,,,,,,,Aircraft X,Flight Deck,Air Carrier,First Officer; Pilot Not Flying,Flight Crew Air Transport Pilot (ATP); Flight Crew Instrument; Flight Crew Multiengine,,,Situational Awareness; Training / Qualification; Fatigue; Distraction,,,1949576,Aircraft X,Flight Deck,Air Carrier,Captain; Pilot Flying,Flight Crew Multiengine; Flight Crew Instrument; Flight Crew Air Transport Pilot (ATP),,,Situational Awareness,,,1949577,Aircraft Equipment Problem Less Severe; Deviation - Altitude Overshoot; Deviation / Discrepancy - Procedural Published Material / Policy; Inflight Event / Encounter Unstabilized Approach; Inflight Event / Encounter CFTT / CFIT,,,Automation Air Traffic Control; Person Air Traffic Control,In-flight,Air Traffic Control Issued Advisory / Alert; Flight Crew Returned To Clearance; Flight Crew Took Evasive Action,Aircraft; Human Factors,Human Factors,"On LDA Z Runway XX into ZZZ; we followed procedure down to minimums. Pilot Flying (PF) was set to appropriate Ground Based NAV source; Pilot Monitoring (PM) was set to appropriate Magenta NAV source. At 0.3 NM from FAF; FPA mode was selected per procedure. As we descended; PF noticed we were off course slightly (on Autopilot). PF decided to disengage autopilot to track course accurately as ZZZ is a busy airport with tight restrictions. PM task saturation increased and did not notice altitude selector was not set to missed approach altitude when visual was attained. Airplane Flight Director disengaged for cause unknown at the time which increased workload and scan on both pilots. The momentary distraction allowed us to descend more rapidly than desired toward the airport environment and we received a GPWS alert approaching obstacles in the city. Crew noted the alert; saw the obstacles and corrected with power and pitch changes back to stable flight. Tower noted altitude alert to which we replied correcting. Landed without further incident.Cause - PF was newer on the airplane and we had to fly a procedure that was not done commonly. PM had only done a few of them before as well so monitoring of the approach may have been slightly less proficient. Distraction caused by Flight Director allowed us to lose awareness on descent rate and obstacle closure rate. Crew was on final leg of a long 11 hour day which started at XA:30 AM so fatigue may have been apartSuggestions - More awareness can be given during LDA approaches especially to ZZZ. More proficiency can be attained by doing more LOC approaches out on the line. Long fatiguing day caused by delays earlier including go arounds and catering from previous flight. These are out of the power of the parties involved.",,"On LDA Z XX approach into ZZZ; aircraft was not capturing LOC and maintained Roll mode. After selecting NAV aircraft stayed in Roll mode. I disconnected the autopilot to hand fly the approach.  After descending into VMC conditions at 1;100 ft. I continued the approach visually.  At 800 ft. ATC advised am altitude alert; I leveled off and continued the approach to a landing.Cause - Descended too fast while on a visual segment of the approach.Suggestions - Be more vigilant on altitude constraints after going visual on an instrument approach.",,"EMB175 Flight Crew reported autoflight improperly set resulted in higher rate of descent and a low altitude alert on approach.",
1956915,202212,1201-1800,ZZZZ.ARTCC,FO,,,,,,VMC,,,Daylight,,,Center ZZZZ,Air Carrier,A320,,2,Part 121,IFR,Passenger,,Descent,,,,,,,,,,,,,,,,,,,,,,,,,,,,,,,,,,,,,,,,,,,,,,,,,,,,,,,,,,,,,,,,,Aircraft X,Flight Deck,Air Carrier,Pilot Not Flying; Captain,Flight Crew Multiengine; Flight Crew Instrument; Flight Crew Air Transport Pilot (ATP),,,Training / Qualification; Workload; Communication Breakdown; Confusion; Fatigue; Human-Machine Interface; Situational Awareness; Time Pressure,Party1 Flight Crew; Party2 Flight Crew,,1956915,,,,,,,,,,,,ATC Issue All Types; Deviation - Altitude Overshoot; Deviation / Discrepancy - Procedural Published Material / Policy; Inflight Event / Encounter CFTT / CFIT,,,Automation Aircraft Terrain Warning; Person Flight Crew,In-flight,Flight Crew Became Reoriented; Flight Crew FLC complied w / Automation / Advisory,Procedure; Software and Automation; Airspace Structure; Chart Or Publication; Human Factors,Procedure,"I was the PM (Pilot Monitoring) 40 miles from ZZZZ at 20000 ft. Asked ATC for lower. Cleared to descend to 4;000 ft. and cleared for the VOR DME 1 Runway XX approach. We were at 16;000 ft. and approximately 10 miles from the VOR when I suggested gear down. Gear selected down at approximately 14;000 ft. and 240 kts. Managed descent to 1;600 ft. and armed the approach. Prior to making procedure turn inbound at 5;000 ft.; I asked Approach for present heading for two miles. 'Cleared as requested'. FO (First Officer) selected heading but 1;600 ft. remained in FCU with V/S defaulted at 2;700 ft. per min. Speed was selected to 200 kts. I suggested turning left direct ZZZZ when it was obvious we were no longer high on the approach. I called out low altitude at approximately 2;200 ft. and asked PF (Pilot Flying) to climb back up to 2;500 ft. We received a 'TERRAIN AHEAD' warning when we were close to 1;600 ft. Day Visual conditions and cleared for the visual at this point. Could see terrain at all times. Climbed back above 2;000 ft. and commenced approach. Stable and configured by 1;000 ft.We were kept very high by ATC. Bad descent planning and bad descent technique. First flight for the CA (Captain) for several months due to check pilot duties in the simulator. FO tired from early wake up call; and still new to Company. Ask ATC for lower sooner. Prepare and brief for slam dunk. Communicate better between pilots. Use better techniques for descending fast.",,,,"An Air Carrier Captain reported while descending on an approach they received a Ground Proximity Warning and climbed back to the appropriate altitude.",
1960483,202212,0601-1200,,,,,,1000,,IMC,Cloudy; Snow,,,,,,Air Carrier,Heavy Transport; Low Wing; 4 Turbojet Eng,,2,Part 121,IFR,Cargo / Freight / Delivery,FMS Or FMC; GPS,Final Approach,,Class C ZZZ,,,,,,,,,,,,,,,,,,,,,,,,,,,,,,,,,,,,,,,,,,,,,,,,,,,,,,,,,,,,,,,Aircraft X,Flight Deck,Air Carrier,Pilot Flying; Captain,Flight Crew Air Transport Pilot (ATP); Flight Crew Multiengine; Flight Crew Instrument,,,Workload; Time Pressure; Situational Awareness; Distraction; Communication Breakdown; Fatigue,Party1 Flight Crew; Party2 Flight Crew,,1960483,Aircraft X,Flight Deck,Air Carrier,Pilot Not Flying; First Officer,Flight Crew Multiengine; Flight Crew Air Transport Pilot (ATP); Flight Crew Instrument,,,Time Pressure; Fatigue; Situational Awareness; Distraction; Communication Breakdown; Workload,Party1 Flight Crew; Party2 Flight Crew,,1960486,Deviation - Altitude Excursion From Assigned Altitude; Deviation / Discrepancy - Procedural Published Material / Policy; Inflight Event / Encounter CFTT / CFIT; Inflight Event / Encounter Weather / Turbulence; Inflight Event / Encounter Unstabilized Approach,,N,Automation Aircraft Terrain Warning; Person Flight Crew,In-flight,Flight Crew Executed Go Around / Missed Approach; Flight Crew FLC complied w / Automation / Advisory,Human Factors; Weather,Human Factors,"Commenced approach during near blizzard conditions to ILSXXL. Winds gusting up to 36 kts. Reduced visibility due to blowing snow and low ceilings. Wind direction varying continually from west to north west. Steady wind and gusts varying continually. Runways suddenly opening and then closing. Runway surface conditions being reported as RCC; and or braking action; often times; in conflict with each other (for example; RCC of 4 combined with a braking action of medium; which actually equals an RCC of 3 according to our QRH). We had the required weather to commence the approach; however; we were near the cross wind limit of the aircraft due to RCC conditions. While on final approach; we were again receiving conflicting RCC; versus braking action reports for our runway; along with changing wind direction and gusting speeds. My First Officer and I became inadvertently distracted with the new winds; gusts; RCC; and braking action reports; as we were on the borderline of aircraft limitations. We determined the meteorological conditions exceeded aircraft limitations and needed to go missed approach. Subsequently during the distractions; we inadvertently were not fully configured with landing checklist complete by 1;000 ft. While executing a missed approach we simultaneously heard a momentary proximity alert. In hindsight; I as the Captain; should have not allowed myself; or my First Officer to become inadvertently distracted with the multiple inputs of varying information and changing weather conditions; and just discontinued the approach earlier. In hindsight; also; contributing factors were cumulative fatigue from an extended duty day. By the time this all occurred; we had already flown approximately over 8 hours and 13 duty hours ; as a 2 pilot crew; from maintenance and weather delays.",,"Arriving in ZZZ we were cleared for ILS XXL. Winds were shifting from W to NW at 23 kts. and gusting up to 38 kts. When we began the approach the winds and RCC were within the aircraft limitations. On final approach the winds shifted and the Captain and I began calculating if we were still within aircraft limitations. We determined that the winds and RCC shifted to the degree that they were outside of the aircraft limitations and we decided to go around below 1;000 ft. AGL. However; because we were task saturated we inadvertently were unable to maintain a stable approach (not in the landing configuration with the landing checklist completed.) Accordingly; the decision to go around was made. We had a long duty day and had flown over 8 hours at the time and 13 hours. We had a maintenance delay in ZZZ1 as well as weather delays. These were all factors contributing to this incident. Next time a situation like this presents itself an earlier decision would be appropriate as opposed what had occurred.",,"Air Carrier flight crew reported an unstable approach accompanied by a terrain proximity alert during the missed approach. The pilots reported distractions; fatigue and poor weather as contributing to the event.",
1962939,202301,0001-0600,NCT.TRACON,CA,,,,,,,,,,,,TRACON NCT,Air Carrier,B737-900,,2,Part 121,IFR,Passenger,,Descent,Vectors,Class B SFO,,,,,,,,,,,,,,,,,,,,,,,,,,,,,,,,,,,,,,,,,,,,,,,,,,,,,,,,,,,,,,,Facility NCT.TRACON,,Government,Approach,Air Traffic Control Fully Certified,Air Traffic Control Time Certified In Pos 1 (yrs) 12,,Time Pressure; Situational Awareness; Fatigue; Distraction; Communication Breakdown; Workload,Party1 ATC; Party2 Flight Crew,,1962939,,,,,,,,,,,,ATC Issue All Types; Deviation - Altitude Excursion From Assigned Altitude; Deviation / Discrepancy - Procedural Clearance; Inflight Event / Encounter CFTT / CFIT; Inflight Event / Encounter Weather / Turbulence,,,Person Air Traffic Control,In-flight,,Airspace Structure; Chart Or Publication; Company Policy; Environment - Non Weather Related; Human Factors; Procedure,Human Factors,"I was busy SE finals with LLWS and strange winds on my 6th day. Aircraft X read back the approach instructions for Aircraft Y. Right after Aircraft Z (guess) gave a LLWS report that I could not understand and had to ask several times for the pilot to repeat himself and then issue the info to the rest of the aircraft. I missed the read back. By the time I noticed the aircraft was low he was out of 035 and descending into a 031 MVA. 6 day work weeks and being held over on 3 of the shifts. Southeast with bad weather and being forced to stay on position for long periods of time. Upper management only allowing 2 on break at a time to 'up our Time on Position' even when the weather is bad and complexity and workload are exhausting. Always listen to read back.",,,,"NCT TRACON Controller reported they issued a descent clearance and did not detect the wrong aircraft read back the instruction. The aircraft descended below the Minimum Vectoring Altitude.",
1964518,202301,0001-0600,ZZZ.Airport,US,,,0,,,,,,Night,,,Tower ZZZ,Air Carrier,B737-700,,2,Part 121,IFR,Passenger,,Taxi,,,,,,,,,,,,,,,,,,,,,,,,,,,,,,Tower ZZZ,Air Carrier,Commercial Fixed Wing,,2,Part 121,IFR,,GPS; FMS Or FMC,Landing,,Class B ZZZ,,,,,,,,,,,,,,,,,,,,,,,,Aircraft X,Flight Deck,Air Carrier,First Officer; Pilot Not Flying,Flight Crew Air Transport Pilot (ATP); Flight Crew Multiengine; Flight Crew Instrument,Flight Crew Last 90 Days 150; Flight Crew Type 1358,,Communication Breakdown; Fatigue; Situational Awareness; Time Pressure; Workload,Party1 Flight Crew; Party2 ATC,,1964518,Aircraft X,Flight Deck,Air Carrier,Pilot Flying; Captain,Flight Crew Instrument; Flight Crew Air Transport Pilot (ATP); Flight Crew Multiengine,,,Workload; Time Pressure; Situational Awareness; Communication Breakdown,Party1 Flight Crew; Party2 ATC,,1964833,ATC Issue All Types; Conflict Ground Conflict; Critical,,N,Person Air Traffic Control; Person Flight Crew,Taxi,Air Traffic Control Issued New Clearance; Flight Crew Took Evasive Action,Human Factors,Human Factors,"We were taxiing west via [Taxiway] XX to [Runway] XXL during early morning - probably some early morning tiredness - in complete darkness following Aircraft Y. We switched to Tower after [Taxiway] XY and assumed - expectation bias - that Aircraft Y and Aircraft X were the only two aircraft on frequency. Airport was not very busy. Aircraft Y was cleared for takeoff and as they powered up we were told to 'line up and wait; Runway XXL.' We completed the before-takeoff checklist and as we turned south on [Taxiway] XZ to cross [the Runway] XXL hold-short line - I was FO (First Officer) - I said; 'Final's Clear.' However; we did note and talk about that there was an aircraft on final. We assumed - incorrectly; expectation bias - that this aircraft was on approach to [Runway] XXR. I assumed this; since we never heard Tower say something to the effect of; 'Aircraft X; Aircraft Y on five-mile final.' I'm also unsure if there were any transmissions between Tower and Aircraft Y that we heard; until we were taking the runway. Lastly; if I remember correctly; ATIS was reporting [Runway] XXL departures and [Runway] XXR arrivals - not that this means that an aircraft couldn't land on [Runway] XXL; but it added to expectation bias.As we continued south on [Taxiway] XZ the lights appeared to be trending toward our runway. At the point we started to question if this aircraft was landing on our runway; we heard Aircraft Y transmit; 'OK Tower; what do you want us to do?' Tower then stated; 'Aircraft X; continue across to exit runway... Aircraft Y; go around.' At this point; Aircraft Y was probably on a one-mile final. I don't recall exactly the amount of time that elapsed between us clearing onto [Taxiway] XA. However; it seemed to be about six to nine seconds. I could see the large Aircraft Y go around at about 100 ft. above where we just were.I think that we should have stopped the aircraft and asked Tower to clarify if the aircraft on final was landing on [Runway] XXR or XXL. Due to darkness and the fact that I don't normally fly at night nor do I get the sight picture of taking the runway with an aircraft landing on that same runway; it is difficult to visually confirm if they were landing on [Runway] XXL or XXR. Stopping the aircraft would also give us more time for this situation to play out and to communicate. It was just a compressed timeline and our brains could not take it all in during that short period. We never saw or realized the lights of Aircraft Y; until we were approaching the hold-short lines and by then it was taking us by surprise. We did not realize any aircraft was on final until that point.On the ATC side; I would like to understand their procedures. After some research; I am curious if Tower is allowed to issue line up and wait; LUAW; clearances during night and periods of low visibility. Additionally; I thought if they instructed an aircraft to LUAW; they had to add; '...aircraft on XX-mile final..' I never heard if Tower - we were not on frequency yet - issued Aircraft Y a 'continue' or a 'cleared to land' clearance. I'd be curious to get those transcripts.I'm also wondering if any air/ground/runway collision avoidance systems in the Tower were activated? Or was the Aircraft Y crew the last link in the chain that prevented this? Was there another controller in the Tower that saw this happening? Why did they issue us a LUAW with an aircraft on such short final for the same runway? Why did we even need to LUAW - there were no delays or backups? Did Aircraft Y sidestep? I have noticed an increase in new controllers - was this a new controller? Maybe they lost situational awareness on how far from landing Aircraft Y was. I really have more questions; since this could have turned out disastrous and my guess is this isn't the first time it has happened. My trust in ATC was somewhat high for Tower controllers. I've heard plenty of new Ground controllers struggling lately; but I assumed the Tower controllers were on ahigher level for a place like ZZZ. This has really opened my eyes to how the next aviation accident may play out and serves as significant lesson learned for me.",,"We were cleared for 'line up and wait' on [Runway] XXL with an aircraft on about a two-mile final for the same runway. When given the clearance; we both acknowledged the runway and noted the aircraft on final. Due to the dark and angle of the aircraft; we thought he was lined up on [Runway] XXL. Aircraft Y queried Tower as to what they wanted him to do. At that point Tower realized they put us in position incorrectly and asked us to expedite across the runway. When we got on the runway we also recognized the mistake. I tried to expedite across but the engines were at idle thrust and did not spool up in time. Tower sent Aircraft Y around when they were about 1/2 mile out.Suggestion: Better communication and coordination between Approach and Tower when landing aircraft on [Runway] XXL during an early morning push.",,"B737-700 flight crew reported being issued a line up and wait clearance from the Tower Controller while another air carrier was on short final for the same runway. The flight crew continued across the runway per ATC instructions and the other air carrier executed a go-around.",
1966915,202301,1801-2400,ZZZ.Airport,US,,,,2300,,,Turbulence,,Night,,,,Air Carrier,EMB ERJ 170/175 ER/LR,,2,Part 121,IFR,Passenger,,Landing,,,,,,,,,,,,,,,,,,,,,,,,,,,,,,,,,,,,,,,,,,,,,,,,,,,,,,,,,,,,,,,,,Aircraft X,Flight Deck,Air Carrier,Pilot Flying; Captain,Flight Crew Multiengine; Flight Crew Air Transport Pilot (ATP); Flight Crew Instrument,,,Workload; Troubleshooting; Fatigue; Time Pressure,,,1966915,Aircraft X,Flight Deck,Air Carrier,First Officer; Pilot Not Flying,Flight Crew Multiengine; Flight Crew Instrument; Flight Crew Air Transport Pilot (ATP),,,Workload; Time Pressure; Fatigue,,,1966922,Deviation - Altitude Excursion From Assigned Altitude; Deviation - Altitude Overshoot; Deviation - Speed All Types; Deviation / Discrepancy - Procedural Clearance; Deviation / Discrepancy - Procedural Published Material / Policy; Inflight Event / Encounter Loss Of Aircraft Control; Inflight Event / Encounter CFTT / CFIT; Inflight Event / Encounter Unstabilized Approach; Inflight Event / Encounter Weather / Turbulence,,,Person Flight Crew,In-flight,Flight Crew Took Evasive Action; Flight Crew Became Reoriented; Flight Crew Overcame Equipment Problem; General Maintenance Action,Human Factors; Weather,Weather,"During my approach on the ILS X into ZZZ; I initiated a go-around just passed or around ZZZZZ FAF due to what I believe was a wind-shear downdraft. The ZZZ1 area was covered with moderate turbulence and thunderstorms were moving through the sector. Prior to the approach I briefed the PM on a possible wind-shear escape maneuver should the possibility arise. The ATIS was not reporting wind-shear and it seemed the other traffic ahead of us were getting into ZZZ just fine. We had just flown in on the ZZZZZ1 arrival with very strong moderate turbulence all the way in. As we were cleared for the approach I selected flaps and gear down on normal schedule and complied with the speed restrictions given to us by ATC. As we turned final I could see an ominous looking cloud that appeared to be moving across the path to the runway at the FAF ZZZZZ. In a break in the cloud I could visually see the runway lights off and on. I prepared for the possibility that the cloud would emanate some turbulence. As we passed through it on the backside of it I felt the airplane get rolled to the right and I felt the plane being pushed down.We did not receive any wind-shear warnings or cautions aurally. I counteracted as it was being forced down and then I felt the airspeed dropping rapidly. I felt as if a downdraft was causing us to be pushed down at an uncontrollable rate. At that point I knew we needed to apply power and climbout of it. I initiated a go-around thinking it was wind-shear pushing us down. I also heard a 'caution obstacle' message. Initially; as I added power it seemed like we were not able to climb immediately. The go around was not perfect but we quickly became busy as I felt we had a terrain issue along with the wind shear. Then we cleared the wind shear and we started climbing rapidly and our speed quickly became very high and we were very close to our go around altitude of 2000 already. The PM informed the Tower that we were going around for wind shear in which they provided a heading and altitude of 2000. I knew we were about to blow through that altitude so I had him ask for a higher altitude. We over flew the altitude by around 300 ft. The Tower did not want to give us higher as they 'did not control that airspace'. Eventually we went over to Approach and they provided us 4000 ft. I received a high speed message during the event; as the flaps were still extended and in transition and sometime during all this I asked for the gear to be retracted and then flaps 2 which was out of order.I also called for FL 210 but the cockpit became very busy quickly and we did not get it set right away as the aural high speed message was going off along with trying to listen to ATC. I became concerned with the high speed and trying to comply with the ATC altitude. We eventually cleaned up the plane and reengaged automation. The event certainly shook both of us up; however after we had the aircraft under normal flying conditions we briefed the passengers of what happened; loaded another approach; and returned for a second and successful landing. I should have done better with my call outs and procedures. I should have at least called TOGA; and once clear of the shear: flaps 2; (positive rate) gear up; and FLCH 210. Adding the amount of power I did felt right as we seemed to be rolling and descending in the wrong direction and I felt we needed to climb immediately. However; I was also distracted trying to keep us from climbing too far above our target altitude and got behind on the recovery.",,"I do want to preface this account by saying my memory of the events is not very clear; and after the moment we began the go-around; the exact timing and what happened became a blur of events. I was PM on Aircraft X from ZZZ2 to ZZZ. We had started our day at XA:30pm and dealt with delays getting in to ZZZ2 due to thunderstorms. Both our flights from ZZZ to ZZZ2 and from ZZZ2 to ZZZ were filled with multiple areas of convective activity and associated turbulence. As we approached ZZZ; the field had some thunderstorms in the area but the latest ATIS was showing a good prognosis with winds dying down to something like 160 at 7 kts or so. Approach had vectored us around at 4;000 or so and the entire time at that altitude we were dealing with moderate turbulence. The Captain (CA) had to override the auto throttles during this time to keep the speed under control. I do recall the CA briefed the wind shear escape maneuver before we set up for the approach as well.Eventually we got vectored southwest and then set up on final for the ILS X. We were told to slow to 160 kts till ZZZZZ and cleared for the approach. Shortly before the FAF; the CA had given me the proper commands to fully configure the plane and we were stabilized at about 1;700 feet. I'm not really sure when the CA switched to green needles; or when the Autopilot (AP) was kicked off as the approach does require it (I believe it was right before we passed the FAF). As we neared ZZZZZ; we could see the runway and lights below several scattered cloud layers. There was an almost a U shaped thin cloud in front of us that rose a couple hundred feet on both sides of the aircraft. We passed right through the middle of this cloud and it was about this time that the approach completely fell apart. I recall seeing the speed start to bleed off pretty quickly; almost 10 kts past our speed. The CA responded by moving the throttles forward quite aggressively and the speed started to come back. However it felt like we were dropping aggressively and the plane had started a slight roll (10 degrees or so) to the right.I don't recall if this happened before or after the CA told me were going around; but we got an obstacle alert. The CA told me we were going around but didn't state the correct phrase (Go-Around; TOGA; Flaps 2). He did hit the TOGA button though and we began to get speed and altitude back. I remember trying to look at the EICAS and verify TOGA set but the screen was really dark and I couldn't verify it immediately. I do recall seeing something resembling 'obstacle proximity' on my Primary Flight Display (PFD) in red; and I think we got 1 aural 'OBSTACLE' alert; but the whole moment happened very quickly. I do remember that I eventually stated TOGA set after I was able to verify despite it being so dark. The last thing I remember about looking at the glide slope was that we were about a 1/2 to 3/4 dot low during the time the speed bled off abruptly. I was completely unsure as to what we were dealing with since we didn't get a single wind shear alert; and Tower had not told us about any wind shear reports. The glide slope alert never went off either. Either way the go around was done incorrectly.As the CA hit TOGA and I tried to verify TOGA set; we neglected to move flaps to position 2 right away. I recall telling Tower we were going around and they told us to climb to 2;000 feet and fly heading 040. I think I missed a call; but with the alerts going off; it was extremely hard to focus on one thing at a time. The Captain asked for FLCH 210 and it was really hard to verify the correct button in the dark cockpit but I think I hit it and had 210 dialed in. At this point; the airplane was rocketing upwards and the speed was the only thing I remember going up a lot. The Captain told me gear up and I didn't even think to verify the flaps were at 2 before doing that. As a result we had the landing gear aural alert going off. Then CA told me to bring flaps to 2 and I did. Around thistime the airspeed had climbed significantly and the last number I remember was 240 and we started getting high speed (not sure if this was before or after flaps moved to 2). After I had verified the instructions from ATC; the CA told me we needed higher and I told ATC that. They told me they can't do that as they don't control that airspace.The CA also told me we needed to turn to the left to get out of whatever we were dealing with. I don't think I was able to pass that on as Tower was giving us a new frequency and asking if it was wind shear. We did blow through 2;000 and leveled at 2;200 I believe and then got cleared up to 3;000. Before switching I heard the Tower Controller tell the plane behind us that they were getting wind shear alerts for Runway X gain of 20 kts and another plane called up and said they gained 20 (not sure if it was arrival or departure). Eventually the CA called flaps up; and then said incrementally but I had mistakenly moved them up all the way. I then moved them back to position 1 and then up. Either way it was clear we had over-sped them. We cleaned up; switched over to Approach and got vectored around. We then shot the second attempt on the same approach with no issue. Once we landed the CA called Maintenance to inform them of the over speed event and write up the plane which had finished for the night. Overall we were completely caught off guard by this event as it was not expected and the weather conditions had been improving in the area as well. Both me and the CA were pretty shaken up by the event as the obstacle alert is something that neither of us ever expected to see; even with a wind shear event.It is also important to note that I don't believe ATC ever gave us a warning or talking to for exceeding our altitude of 2;000 feet on the go-around. While it's hard to remember the correct details; I think we responded appropriately by a go-around. However we should have done a wind shear escape procedure even though it was never annunciation. Secondly; even though we elected to do a go-around; we didn't use the correct callouts and as a result of that; ATC calls during the event; the obstacle alert; and other distractions; we caused the flap over speed. The go-around was also abnormal to me since we weren't below 1;000 feet and were pretty limited with the altitude available to climb. I think better CRM would have resulted in a correct go-around procedure or wind shear escape procedure as the whole event could be characterized with 'tunnel vision' on my part as well. I also should have the corrected the Captain from the moment we elected to go-around by taking control of the situation and configuring the airplane even if the Captain was distracted and didn't verbally tell me. ATC didn't help the situation as they did not immediately clear us to 3;000 feet and I was concerned with the 200 feet above assigned altitude that we had deviated from. This distracted me as well with helping to configure the aircraft. Overall; my lack of following the SOP in regards to callouts and actions exaggerated an already difficult situation.",,"EMB-170 Flight Crew reported a wind shear event during final approach in turbulent conditions. The Flight Crew executed a successful wind shear recovery procedure which caused momentary airspeed and altitude deviations.",
1967403,202301,1201-1800,RCA.Airport,SD,,,0,,,,,,,,,,Air Carrier,Commercial Fixed Wing,,4,Part 121,IFR,Cargo / Freight / Delivery,,Taxi,,,,,,,,,,,,,,,,,,,,,,,,,,Electronic Flt Bag (EFB),,X,Design,,,,,,,,,,,,,,,,,,,,,,,,,,,,,,,,,,,,Aircraft X,Flight Deck,Air Carrier,First Officer; Pilot Flying,Flight Crew Air Transport Pilot (ATP); Flight Crew Multiengine; Flight Crew Instrument,,,Situational Awareness; Time Pressure; Workload; Communication Breakdown; Fatigue,Party1 Flight Crew; Party2 ATC,,1967403,Aircraft X,Flight Deck,Air Carrier,First Officer; Pilot Not Flying; Relief Pilot,Flight Crew Air Transport Pilot (ATP); Flight Crew Instrument; Flight Crew Multiengine,,,Time Pressure; Workload; Confusion; Situational Awareness; Communication Breakdown,Party1 Flight Crew; Party2 ATC,,1967402,Aircraft Equipment Problem Less Severe; Ground Incursion Taxiway,,,Person Flight Crew,Taxi,Air Traffic Control Provided Assistance; Flight Crew Became Reoriented; Flight Crew Requested ATC Assistance / Clarification,ATC Equipment / Nav Facility / Buildings; Aircraft; Airport; Chart Or Publication; Procedure; Software and Automation,Ambiguous,"This was our second long day of sitting on the aircraft waiting for fuel to be loaded. Our first day ended when the airfield closed; because we delayed several hours due to insufficient support for two aircraft and a single fuel truck in operation. From the time we completed our aircraft preflight procedures and briefing; approximately 2 hours had passed. I was the Pilot Flying (PF) in the right seat and the Captain (CA) was the Pilot Monitoring (PM) in the left seat. There were two additional First Officers (FO) seated in the observer seats. The company pages for Ellsworth AFB states that for departures 'expect taxi clearance to runway via Taxiway Delta and back taxi.' There is further information provided for the arrivals section that states this is due to pavement degradation. This expected clearance is exactly what the company aircraft in front of us received the day prior; and is what we briefed. When we received our taxi clearance we were simply told to taxi via 'Alpha Bravo.' As we commenced our taxi there was a marshaller positioned directly in front of us; and he signaled for us to taxi straight ahead; then directed us for an immediate right turn towards DELTA Taxiway. As we were nearing the runway; the FO in the left observer seat reminded me to turn left onto Alpha; which the entire crew agreed with. As we turned down the taxiway; it appeared to be very close to some blast fences on the right; so with the CA's concurrence I opted to taxi left of the center line so we had ample wingtip clearance on the right side. This area where we were taxiing was a large (vacant) parking ramp. This Taxiway Alpha has a slight right turn; then a left turn back to parallel the runway. As we made this right turn (approximately 45 deg) I immediately realized something was wrong. The taxiway had a dead end directly in front of us; and the blue taxiway lights were now on our left side. I quickly came to a stop and we queried Ground Control; while referencing our taxi diagram. The crew thought that perhaps the blue taxiway lights were center line taxi lights; and the Ground Control commented that those lights 'used to be green.' The crew further interpreted this to be center line taxi lights; so we again continued to taxi to the left to intercept what we thought was center line taxi lights. We again realized this was not the case; and these recessed lights denoted the right side of the taxiway. We crossed over the recessed taxi edge lights onto the appropriate taxiway; and continued our taxi to Runway 31 without any further issues. At no time did the aircraft ever leave a hard surface or an area in which was not intended for aircraft travel; it was simply an area that was not specifically marked as the Alpha Taxiway. Where we were actually located was on a back alleyway for the hardstand parking locations of the ramp. Several factors played into this event; including the following; The long delay due to fueling issues; and duration from the time we briefed. Expectation bias originating from the company airport page and the marshaller/equipment in front of us. Poor taxi diagram available for the airfield which appears to identify two parallel Alpha taxiway lines; which is actually the taxi width line on the ramp area. Incorrect information from ground control concerning taxiway edge lights and colors versus taxiway center line lights; which did not exist. Poor ramp lighting and non standard airport markings.Even though we briefed what was expected and all monitoring pilots had taxi diagrams open and followed along the taxi route; we were still easily confused due to the information we had available. I believe that instead of 'expecting' a clearance to back taxi on the runway; this should be standard operating procedure at this airport. There are far too many hazards and traps with the limited information on this airfield and non standard markings.",,"PM (Pilot Monitoring) briefed taxi route per company page; via Delta and back-taxi to departure Runway 31. We were cleared by ATC to taxi via Alpha; Bravo. Upon signaling marshaller; we were directed onto Delta; the marshaller and a piece of equipment blocking a straight-out taxi. Prior to entering taxiway Delta I advised a left turn was necessary to enter taxiway Alpha 'Outer' there being two taxi lines depicted on the airport chart. A turn was made and we followed taxiway Alpha 'Outer' realizing; as we neared the curve in the taxiway that something was amiss. We stopped the aircraft; queried ATC; and were assured our taxi path was correct. Being situated behind the Captain (4th Observer) I did not have a good view of the taxiway ahead and to the right of the aircraft; however; I could see out the left window clearly. The Captain and I observed a wide swath of taxiway left of the aircraft; and the PM maneuvered accordingly. We joined taxiway Bravo at the runway end; and departed Runway 31. The non-standard markings; poor airfield and taxiway lighting; and operations of a military airfield were contributing factors. The marshaller put us on the wrong path initially by blocking a straight-out taxi. The two taxi 'lanes' for taxiway Alpha are misleading. There is no Jepp AMM (Airport Moving Map) for RCA making Ownship position a guesstimate. It seemed once we made the turn that we were taxing on the 'Outer' taxi lane for taxiway Alpha. ATC never stopped or queried us; and when we queried ATC we were given inaccurate information back. Additionally; we had observed a military aircraft take that path in advance of our departure; making it seem there were two; legitimate; taxi lines for taxiway Alpha. The company page could clarify the taxiway Alpha markings. Not being familiar with military airfields it looked as if there were two taxi lines for taxiway Alpha. Further; we could have pressed ATC for the suggested route of taxiway Delta with the back-taxi to the runway.",,"Air carrier First Officers reported difficulty locating the correct taxiway to the runway at RCA airport. The pilots stated their EFB does not contain complete airport information; and cited poor taxiway lighting; initial confusing marshaller signals and inadequate help from ATC as additional contributing factors.",
1971851,202302,0001-0600,ZZZ.Airport,US,,,0,,,,,Poor Lighting,Night,,,,Air Carrier,B767-300 and 300 ER,,2,Part 121,IFR,Cargo / Freight / Delivery,,Taxi,,,,,,,,,,,,,,,,,,,,,,,,,,Parking Brake,,X,Improperly Operated,,,,,,,,,,,,,,,,,,,,,,,,,,,,,,,,,,,,Aircraft X,Flight Deck,Air Carrier,Check Pilot,Flight Crew Air Transport Pilot (ATP); Flight Crew Multiengine; Flight Crew Instrument,,,Distraction; Workload; Fatigue; Training / Qualification,,,1971851,,,,,,,,,,,,Conflict Ground Conflict; Critical; Deviation / Discrepancy - Procedural Published Material / Policy; Ground Event / Encounter Loss Of Aircraft Control; Ground Incursion Ramp,,,Person Ground Personnel,Taxi,Flight Crew Regained Aircraft Control; Flight Crew Took Evasive Action; General Maintenance Action,MEL; Human Factors; Procedure,Human Factors,"The following is to report unintended aircraft movement during push back. I was the Captain conducting First Officer (FO) new hire and had a new hire occupying the observer seat for familiarization. Work load management was high and leading factors include; fatigue; 2nd leg of an all-night duty period; MEL procedures; and training environment. During push back the ground crew completed the push advised me to set the parking brake and we are cleared to start both engines. I set the parking brake and told the FO to start the right engine. During the start the observing crew member asked if I could explain the start process; to which I only explained our definition of max motoring prior to fuel selection. Also; my attention was focused outside of the aircraft and compliance with verification of proper mode annunciation by EICAS and discrete light. After the right engine was started normally; the ground crew advised the aircraft was rolling and to set the parking brake. I immediately stepped on the brakes; set the parking brake and verified EICAS that the brake was set.I verified with ground crew if there were any injuries; contact with equipment or any damage. The ground crew was all safe and uninjured; no damage or contact with equipment took place. The aircraft was pushed to a dark unlit area on blacktop; it is unsure how much speed the aircraft picked up; but was not enough to make contact with the tug or tow bar parked directly in front. After the aircraft was briefly inspected by local maintenance; the left engine was started and we completed the flight without further issue. My apologies were given to the ground and well done for advising of the aircraft movement. I sincerely apologize to the company and to the crew members aboard for the potential harm or damage that could have resulted. Please contact me with further questions.",,,,"B767 Captain reported uncommanded aircraft movement during push back not noticed by flight crew until advised by ground crew.  Captain set the parking brake to stop aircraft movement.",
1972074,202302,0601-1200,ZZZ.Airport,US,,,0,,,,,,Daylight,,,TRACON ZZZ,Air Carrier,B737-700,,2,Part 121,IFR,Passenger,FMS Or FMC; GPS,Takeoff / Launch,,Class C ZZZ,,,,,,,,,,,,,,,,,,,,,,,,Elevator,,X,Malfunctioning,,,,,,,,,,,,,,,,,,,,,,,,,,,,,,,,,,,,Aircraft X,Flight Deck,Air Carrier,Captain; Pilot Flying,Flight Crew Instrument; Flight Crew Air Transport Pilot (ATP); Flight Crew Multiengine,Flight Crew Last 90 Days 75; Flight Crew Type 7200,,Time Pressure; Fatigue; Workload; Situational Awareness; Distraction,,,1972074,Aircraft X,Flight Deck,Air Carrier,First Officer; Pilot Not Flying,Flight Crew Air Transport Pilot (ATP); Flight Crew Multiengine; Flight Crew Instrument,,,Workload; Time Pressure; Situational Awareness; Distraction,,,1971800,Aircraft Equipment Problem Critical; Deviation / Discrepancy - Procedural Published Material / Policy; Deviation / Discrepancy - Procedural Weight And Balance,,N,Person Flight Crew,In-flight,Air Traffic Control Provided Assistance; Flight Crew Diverted; Flight Crew Requested ATC Assistance / Clarification; General Maintenance Action,Aircraft,Aircraft,"After pushback from ZZZ; we performed the Control Check; and the First Officer (FO) noted that the Elevator Control felt 'stiff'. I performed the check and also noticed the stiffness; but there was no restriction or problem with movement. We discussed our options and I decided since there was no binding or restricted movement; we should be good to continue. On departure at 800 ft. AGL; the FO performed the thrust cutback as per the noise abatement procedure. When I went to lower the pitch; the yoke felt stuck. It took an unusual amount of force to free the yoke and lower the nose. We leveled off at 13;000 ft. and ran the Jammed or Restricted Flight Controls QRH. Upon completion of the QRH; we decided it was best to divert to ZZZ1. I coordinated with Dispatch and told him our problem and the plan to divert to ZZZ1; and he agreed that was the best course of action. The FO coordinated our divert with Approach. We did not [request priority handling] as the aircraft was flying normally. I briefed the Flight Attendants and Passengers and called ZZZ1 Station Operations to ensure they were in the loop. The FO calculated the landing data and we realized we would have to make an overweight landing; as we weighed 133;500 pounds. He referenced the overweight landing section in the manual and we decided to land on XXR at ZZZ1 since it was the longest runway. We looked at brake cooling but it was not a factor. We configured normally; landed and taxied to the gate without incident. All in all; this was a fairly straightforward diversion; but after pulling into the gate; coordinating with Maintenance; Dispatch; Company Operations Chief Pilot; and Crew Scheduling; and making the appropriate write-ups; I found myself drained. I was very grateful we did not have to continue with our flying and instead got to deadhead home.",,"On takeoff; as the Captain lowered the nose to accelerate; he experienced a very brief 'hanging up' in the elevator controls. It was easily overpowered and the decision to make a precautionary overweight landing in ZZZ1 was made. During the previous landing I noticed a very slight roughness in the elevator during flare; but it was not a feeling that was out of the ordinary enough to cause concern of a potential malfunction. During the Flight Control Check; there was a slight roughness in the elevator; but again it didn't seem anything more than what would be experienced during normal operations. It was very subtle and noted by both of us as being within normal limits from past experience. I noticed the 'hang up' that the Captain experienced on takeoff and it had amplified enough to cause us both concern and initiate a divert.",,"B737 flight crew reported after takeoff the elevator control system felt stiff. The pilots elected to divert to a nearby airport for maintenance action. An overweight landing was successfully accomplished.",
1978585,202302,1801-2400,ZZZ.Airport,US,,,0,,,VMC,,,Night,,,,Air Carrier,Regional Jet 200 ER/LR (CRJ200),,2,Part 121,IFR,Passenger,,,Vectors,,N,Y,Y,Y,Scheduled Maintenance,Inspection; Installation; Work Cards; Testing,,,,,,,,,,,,,,,,,,Turbine Engine,,X,Improperly Operated,,,,,,,,,,,,,,,,,,,,,,,,,,,,,,,,,,,,Hangar / Base,,Air Carrier,Other / Unknown,,,,Time Pressure; Situational Awareness; Human-Machine Interface; Communication Breakdown; Confusion,Party1 Maintenance; Party2 Other,,1978585,Hangar / Base,,Air Carrier,,Maintenance Airframe; Maintenance Powerplant,,,Workload; Situational Awareness; Human-Machine Interface; Fatigue; Time Pressure; Communication Breakdown; Confusion,Party1 Maintenance; Party2 Maintenance,,1978400,Aircraft Equipment Problem Less Severe; Deviation / Discrepancy - Procedural FAR; Deviation / Discrepancy - Procedural Maintenance; Deviation / Discrepancy - Procedural Published Material / Policy,,N,Person Maintenance,Aircraft In Service At Gate,General Flight Cancelled / Delayed; General Maintenance Action,Aircraft; Procedure; Human Factors,Human Factors,"Aircraft X was scheduled for a Right Engine Change in our Company Maintenance Base in ZZZ. The purpose of this Engine Change was to comply with the following tasks - Objective 1 - R&R STAGE 1 TURBINE DISK; LIFE LIMIT; Objective 3 - R&R STAGE 1 AFT COOLING PLATE; LIFE LIMIT; and Objective 2 - R&R STAGE 2 TURBINE DISK; LIFE LIMIT. Per Company's direction; these tasks must be low in cycle count to be changed. Objective 1 and Objective 2 were at 7 cycles at the start of the flying; Objective 3 was at 4 cycles at the start of the flying day. Maintenance for this Engine Change was scheduled over the course of three days (also referred to as a CML (Continuous Maintenance Line) or Weekend Down). The plane was scheduled to be inducted into Maintenance at XA:45 on the first day; and be released at XB:00 on the third day. This was extended 1 day longer due to needed Maintenance Actions within the Maintenance Hanger. The plane was noted to be completed on Date. Maintenance Personnel sent the corresponding work order to their inspector on duty; the Inspector cleared the completed work order and scanned it into the database for planning review and closure of said work order. I closed the work order and carried on with the duties assigned to me by my manager. The aircraft was released back into operation by Maintenance Control and was dispatched for 6 flights within Company's market. The aircraft would then park in a Company Contract Maintenance base in ZZZ1 for the night with Objective 3; 2 cycles over its limit. The following day; Maintenance Control noticed that Objective 3 was showing -2 on the maintenance due report and questioned Maintenance Planning. Person A sent a copy of the page showing the negative with a message. The Maintenance Planner on Duty then replied 10 minutes later. Person B then sent an email to the Company Power Plant Team as well as the Records Department questioning this negative cycle count. Come to find out; ZZZ Maintenance changed the wrong Engine on the aircraft; and the Engine that flew the 6 cycles was indeed overflown by 2 cycles. This was discovered on Date 1. The plane was grounded and corrective action was taken by ZZZ1 Maintenance. Several things can be corrected here; first and foremost; if the correct engine was changed; we would have closed the work order and expected Aircraft Records to update the tasks that were showing due. This is because instead of scheduling the industrial tasks; we at Company scheduled a pre-made Engine Change Job Card. This does not take compliance for the tasks; but for an Engine Change itself. In this situation; a good change could be for Maintenance Personnel to write a Work Card requesting Maintenance Planning to take compliance for the tasks showing due or the tasks showing due be added to the work order with the Engine Change Job Card. But in this situation; the wrong engine was changed; therefore we would have still been overflown because we would have been taking compliance for the wrong engine. It is normal to let the task fly until Aircraft Records updates the information because we see that the engine change was signed off. This is for NLG; MLG; and Engine Changes. This is a very lax system; and the one fact no one saw coming hit it resulted in an overfly. No one would have imagined that ZZZ Maintenance would change the wrong engine; everyone assumes that the procedure down line would fall into place and everything would be taken care of accordingly. Also; [the computer system] updates Hours and Cycles on our Maintenance Due Reports and [spreadsheet] once a day; that is in the early morning before flying has occurred. Therefore all day those tasks were doing positive until the update the following morning where it showed negative. The engine is well overflown at the point; but the [spreadsheet] is still showing 4; and any Maintenance Due Report at this time would also show 4 in the cycle count section.",,"On Date; Aircraft X came in for a RH Engine Change. While positioning equipment that night I misread the position on the job card as LEFT. There was a heavy weekend coming up and I was hoping to turn the engine quickly to free up resources for the weekend. In my attempt to get a jump start on the change I did not verify S/N of the Engine to be removed and put the S/N off the job card on the Supplement. The result is that the LEFT Engine was changed instead of the RIGHT. This was my second engine change unassisted as a Crew Chief and I was focused on the actual change procedure. I also was under the impression that a recently repaired LH Engine was the one to be used; although I am not sure where that assumption came from.      I should've slowed down and verified the S/N on the data tag against the job card and not just use the S/N on the Job Card. Moving forward; I should also limit the number of days in a row I am working to prevent burnout or fatigue.",,"Maintenance Planner and Crew Chief reported the wrong engine was replaced during a scheduled maintenance resulting in overflying an engine that required replacement due to time cycle restricted components having reached their service limit. The aircraft was removed from service to correct the discrepancies.",
1982515,202303,1201-1800,MYNN.Airport,FO,,,0,,,,,,,,,Ground MYNN,Air Carrier,Medium Large Transport; Low Wing; 2 Turbojet Eng,,2,Part 121,IFR,Passenger,,Taxi,,,,,,,,,,,,,,,,,,,,,,,,,,,,,,,,,,,,,,,,,,,,,,,,,,,,,,,,,,,,,,,,,Aircraft X,Flight Deck,Air Carrier,First Officer; Pilot Not Flying,Flight Crew Air Transport Pilot (ATP); Flight Crew Instrument; Flight Crew Multiengine,,,Time Pressure; Distraction; Workload,,,1982515,Aircraft X,Flight Deck,Air Carrier,Captain; Pilot Flying,Flight Crew Air Transport Pilot (ATP); Flight Crew Instrument; Flight Crew Multiengine,,,Workload; Time Pressure; Distraction; Fatigue,,,1982849,Deviation / Discrepancy - Procedural Clearance; Deviation / Discrepancy - Procedural FAR; Deviation / Discrepancy - Procedural Published Material / Policy; Ground Incursion Runway,,,Person Flight Crew,Taxi,General None Reported / Taken,Airport; Chart Or Publication; Human Factors,Human Factors,"I was the FO (First Officer) on Aircraft X from MYNN to ZZZ. Our flight was about 2 hours delayed on the gate due to a ground stop issued by ZZZ Center. There were many disruptions preparing to push for this flight and ATC gave us no timeline on when we would be able to push to depart for ZZZ. We were about 20 minutes from our duty time limit and finally received clearance to push. Upon taxi out; NAS Ground told us we were number 9 for takeoff. We were initially given instructions to taxi to [Runway] 28 via Hotel taxiway and hold short of [Taxiway] H5 for arriving traffic into H5. As the traffic turned into the FBO and we were given instructions to continue taxiing; we started the number 2 engine and ran our before-takeoff flow/checklist. During this time I was heads down doing my part of the flow and running the checklist and both me and the CA (Captain) realized a line of aircraft waiting to take off; which we both assumed we were behind since Ground told us we were number 9 to depart. We were both concerned with our duty time limit and tried to determine if we would be able to make our time; but we also had an expectation that we were behind the aircraft waiting to take off. As I lifted my head I realized we were approaching the hold-short of 28 and told the CA to stop - but before I could hit the brakes myself or the CA could stop; we rolled past the new hold-short line of Runway 28. In this particular situation all arrivals were on Runway 32 and Ground told us all departures were off 28. So what we thought was the line of aircraft waiting for 28 ended up being aircraft waiting to depart [Runway] 32; which ultimately made us lose SA where Runway 28 was after all.Cause - expectation we were in line with other aircraft for departures off 28; concern of not making duty time limit; and the pressure of cancelling flight. We both had an early morning van that morning and had been stuck in the aircraft waiting for over 2 hours to push. I also personally feel that doing the before-takeoff flow creates a heads-down situation for the FO and at airports that are unfamiliar; there is really no safe time to do it during taxi and should be done before the aircraft moves under power.I feel the single-engine taxi and flight control check had me heads-down on a straightaway taxi clearly was a threat that wasn't caught during the briefing. This particular airport diagram looks very straightforward on paper; but the intersection on the straight taxi to 32 where 28 intersects should definitely be a hotspot that other crew members should be aware of. Taxiway Hotel goes across the approach end of Runway 28 and when your attention is diverted to the line of aircraft awaiting to takeoff Runway 32; it is very easy to miss that Runway 28 is even there until you're right on it. There is also a new hold-short line for Runway 28 and an older hold-short line that is blacked out that is ironically bolder and more pronounced than the new one. Regardless of whether you are going to 32 or 28; this intersection should be briefed as a threat and furthermore a hotspot circle added to the airport diagram.",,"Flight delayed 1 hour 40 minutes at gate MYNN due to ZZZ Center ground stop. The flight crew had an early report and 3 legs. This was the last leg and we were getting close to duty time limit. We discussed this at gate for most of the delay. We were concerned about pushing and taxiing to hold to wait for release. This would certainly exceed the duty time limit. We received push clearance for Runway 28 departure. I asked Ground Control what number we would be for departure. He stated number 9. At this point we only had 25 minutes remaining to duty time limit. We received clearance to taxi to Runway 28 via [Taxiway] H.I went on Taxiway H. I could see aircraft holding at the far end of the taxiway. I thought those aircraft were holding short of Runway 28 because I was thinking we would be about number 7 for takeoff by now and that's where the lineup was. Ground Control switched us to Tower frequency. As I was taxiing I saw a small sign that said [Runway] 28; so I slowed. Tower called and said; "Aircraft X you're departing 28." I then saw the 28 hold-short and stopped suddenly; but was a few feet past the Runway 28 hold-short line. The aircraft ahead of me were further down H; holding short of [Runway] 32. I was number 1 for 28. No aircraft landing on 28. Aircraft were landing on 32. After a couple arrivals on 32; we were cleared for takeoff on 28. No mention of my error by ATC.I was distracted by the possibility of exceeding the duty time limit. I was thinking about what the plan would be if we did. I may have been task saturated. We spent a lot of time coordinating and communicating with Gate Agent; Dispatch; [and] Ground Control. A big part of the error was caused by me thinking I was going to be in line for departure and that's where I was heading. In line; but at Runway 32. I wasn't rushing. I had my chart out. I think fatigue was also a factor. I had an early morning van [and] I had been on a cycle of a much later wake-up. Even though I didn't rush I think I needed to slow down. Slowing everything down would have helped in preventing this. To stay focused on task and not try to do everything would have helped prevent this.",,"Air carrier flight crew reported taxiing past the MYNN runway hold-short line due to fatigue; task saturation; and airport signage and marking issues.",
1983222,202303,1801-2400,ZZZ.TRACON,US,,,,,,VMC,,,Night,,,,Air Carrier,B737 Undifferentiated or Other Model,,2,Part 121,IFR,Passenger,,Climb,Vectors,,,,,,,,,,,,,,,,,,,,,,,,,Fuel Crossfeed,,X,Improperly Operated,,,,,,,,,,,,,,,,,,,,,,,,,,,,,,,,,,,,Aircraft X,Flight Deck,Air Carrier,Captain; Pilot Not Flying,Flight Crew Multiengine; Flight Crew Instrument; Flight Crew Air Transport Pilot (ATP),,,Troubleshooting; Time Pressure; Situational Awareness; Fatigue; Confusion; Communication Breakdown; Human-Machine Interface,Party1 Flight Crew; Party2 Flight Crew,,1983222,Aircraft X,Flight Deck,Air Carrier,First Officer; Pilot Flying,Flight Crew Instrument; Flight Crew Air Transport Pilot (ATP); Flight Crew Multiengine,,,Communication Breakdown; Workload; Troubleshooting; Situational Awareness; Human-Machine Interface; Fatigue; Confusion,Party1 Flight Crew; Party2 Flight Crew,,1983224,Aircraft Equipment Problem Critical; Deviation / Discrepancy - Procedural Published Material / Policy; Deviation / Discrepancy - Procedural Clearance; Inflight Event / Encounter Fuel Issue,,N,Automation Aircraft Other Automation; Person Flight Crew,In-flight,Air Traffic Control Provided Assistance; Flight Crew Inflight Shutdown; Flight Crew Landed in Emergency Condition; Flight Crew Returned To Departure Airport; Flight Crew Requested ATC Assistance / Clarification; General Flight Cancelled / Delayed; General Maintenance Action,Human Factors; Aircraft; Procedure,Human Factors,"Shortly after completing the after takeoff checklist I noticed that fuel was flowing from the left fuel tank at a very alarming rate. We thought that there was a fuel leak because of the rapid fuel flow out of the left tank. The First Officer (FO) continued to fly the aircraft while I ran the Engine Fuel Leak QRH. We briefly discussed continuing straight to ZZZ1 but the weather was better in ZZZ and the rate of fuel loss out of the left side was very concerning to us. While I ran the QRH the FO [requested priority handling] and requested vectors back to ZZZ. The rapid loss led us to confirm a fuel leak in the QRH which led us to shutting down the number one engine. We continued to an uneventful single engine landing in ZZZ. After securing the engine we became aware the cross feed valve was open. I know I pointed at it in the QRH and verified it closed. I did not see a dim blue light and did not expect it to be open; because the only time it is open is when I open it. While we did discuss the issue at hand before delving into the QRC we felt a great urgency to act quickly due to the very rapid loss of fuel. A longer safety pause would have been more appropriate. The FO did a great job flying the plane and handling the radios but the approach environment is very distracting.I left the checklist to get ATC SOB count after we [requested priority handling]; and again to talk to the Flight Attendants (FAs) when they felt the plane turning around. Better managing distractions during critical junctures of the checklist would have gone a long way. I feel like I have good working knowledge of the 737 fuel systems; and know that one pump can overpower the others and the high power setting and fuel flow was the reason why the draw on the left side was so alarming. In retrospect there were a number of opportunities to trap this error before becoming an undesirable aircraft state. Fatigue may have been a contributing factor as this incident occurred on daylight savings day. I had a hard time falling asleep and woke up at XA:30 AM body time. My watch estimated my sleep for the night as 4 hours 13 minutes. I was tired that day and using caffeine to get me home. I have learned a lot from previous company guidance on this issue and never wanted to be the one to go down this rabbit hole. Look out for tunnel vision; confirmation bias; don't rush!",,"Shortly after completing the after takeoff checklist the Captain noticed that fuel was depleting from the left fuel tank at an alarming rate. After a quick discussion we agreed that a fuel leak was suspected. I continued flying the aircraft and took over radio duties while the Captain ran the QRH for fuel leak. I [requested priority handling] and requested radar vectors back to ZZZ after a quick discussion with the Captain as the weather was significantly better there than ZZZ1. The checklist lead us to shut down the left engine and we prepared for a single-engine approach and landing. While on downwind our jump seater noticed that our cross feed valve was in the open position and neither the Captain nor I had caught it. We were so busy and inundated with task-saturation that a step was missed in the QRH. I think we were pretty shocked to see how fast our fuel was depleting from the left side and that caused us to rush the checklist and miss key steps. The volume of radio calls and vectors kept me from doing a great job of backing up the Captain while they ran the checklist. Fatigue was definitely a contributing factor as we had an early van in ZZZ2 on the morning of daylight savings. This is a prime example of needing to slow down and take a better assessment of the situation before rushing to conclusions.",,"B737 Flight Crew reported a suspected Fuel Leak after takeoff. The Flight Crew ran the QRH and checklists and then requested vectors to return to the departure airport. The suspected Fuel Leak continued to worsen; so the Flight Crew requested priority handling and performed an in flight shut down. When complying with the inflight shutdown QRH; it was discovered that the Cross Feed Valve was still open. The flight crew continued to perform an air turn back and precautionary landing at departure airport.",
1990756,202304,1801-2400,ZZZZ.Airport,FO,,,,3000,,VMC,Cloudy,,Night,,,Center ZZZ,Air Carrier,B737 Undifferentiated or Other Model,,2,Part 121,IFR,,,Final Approach,,Class A ZZZ,,,,,,,,,,,,,,,,,,,,,,,,,,,,,,,,,,,,,,,,,,,,,,,,,,,,,,,,,,,,,,,Aircraft X,Flight Deck,Air Carrier,Captain; Pilot Flying,Flight Crew Multiengine; Flight Crew Instrument; Flight Crew Air Transport Pilot (ATP),Flight Crew Last 90 Days 126; Flight Crew Total 562; Flight Crew Type 562,,Troubleshooting; Situational Awareness; Confusion,,,1990756,Aircraft X,Flight Deck,Air Carrier,Pilot Not Flying; First Officer,Flight Crew Air Transport Pilot (ATP); Flight Crew Instrument; Flight Crew Multiengine,Flight Crew Last 90 Days 64; Flight Crew Total 5396; Flight Crew Type 602,,Fatigue; Situational Awareness; Troubleshooting,,,1990734,Ground Event / Encounter Ground Equipment Issue; Inflight Event / Encounter Unstabilized Approach; Inflight Event / Encounter Loss Of Aircraft Control,,,Person Flight Crew,In-flight,Flight Crew Became Reoriented; Flight Crew Regained Aircraft Control,Environment - Non Weather Related; Airport; Human Factors,Environment - Non Weather Related,"At approximately 25 minutes prior to the scheduled departure of Aircraft X ZZZZ1-ZZZZ; I initiated contact with the Dispatcher in an effort to accommodate more payload without adjusting the fuel that had already been loaded on the aircraft. The Dispatcher was able to accommodate approximately 600 pounds more fuel. The flight departed ZZZZ1 approximately 30 minutes late due to passenger and loading complications. The flight departed and climbed to the cruising altitude uneventfully. The FO and I had already discussed the possibility of an overweight landing in ZZZZ and were actively monitoring fuel burn/ weight of the aircraft to ensure a landing under the structural limit. Upon reaching the cruising altitude of FL310; I applied speed brakes to increase the fuel burn to ensure we would not land over weight. I had the First Officer (FO) request our cruise clearance to ZZZZ via CPDLC with ZZZ [Center] shortly after reaching our cruise altitude since we had not received it yet and our cruise segment of the flight was short. As we approached the top of descent; I had the FO call ZZZ ARINC to request the cruise clearance to ZZZZ since we still had not received one via CPDLC. After making the request with ZZZ ARINC; we finally received the cruise clearance to ZZZZ via CPDLC and immediately initiated a descent. At this point we were well above the descent path; and I discussed the measures I would take (configure early) to correct to the descent path in addition to the full speed brakes that had been deployed at cruise altitude.Approaching the final approach fix (ZZZZZ) on the RNAV X approach; fully configured with the landing checklist complete; we were visual with the runway; but were still too high on the path. I disconnected the Autopilot and auto throttles to take over manually. I decided that we were still too high and told the FO I would initiate a 360 degree turn and re-intercept the final approach course. During the descending turn; we entered in and out of clouds in the pitch-black night and I became disoriented. The aircraft exceeded 45 degrees of bank momentarily and the airspeed decayed below VREF speed. I initiated an upset recovery to return the aircraft to the desired state. I followed the upset recovery with a go-around procedure to clean up the aircraft. Once the go-around was complete; I reengaged the Autopilot and auto throttles and called for the after-takeoff checklist. We set up the FMC with a direct to ZZZZZ1 to commence the RNAV X approach again. After configuring the aircraft and completing the landing checklist; we realized there was no VNAV glide path from the FAF to Runway X. The PAPIs were also out of service for Runway X; so we had no glide path guidance. We were visual with the runway; and the FO and I agreed it was the best course of action to continue the approach. The FO backed me up with 300:1 guidance to ensure we remained on a safe glide path. The landing and taxi-in were uneventful.",,"Flight from ZZZZ to ZZZZ departed approximately 30+ minutes late due to coordination with Dispatch/load planning in an attempt to accommodate more payload. I mention this because had we departed on time; we would have arrived at sunset; versus arriving at night. I was the PM for this leg. We leveled off at FL310 and attempted to obtain our cruise clearance for descent. Eventually the clearance was received via radio approximately 10 minutes after our initial request and well beyond our VNAV computed descent point. The Pilot flying (PF) attempted to recapture VNAV path via a combination of speed brake; and early extension of the landing gear and flaps; the autopilot and auto throttles were disconnected once the runway was clearly visible. Roughly a few miles prior to the FAF the airport and runway environment were clearly visible. Still short of the FAF; the PF elected to accomplish a 360 turn versus continuing a steep descent close in to the airport. During the maneuver the PF was mainly outside and I was mainly inside giving guidance via heading select and calling out altitudes. 180 degrees into the turn the PF had rolled wings level and began a slight turn back in the other direction. I continued to try and guide him in the direction of the initial turn as well as call out altitudes and speeds. At one point we did get 5-10 kts. slow. The aircraft got one 'bank angle' alert. It was at this point that the PF realized we were in an Undesired Aircraft State (UAS). They stated and accomplished the procedures for an upset recovery; followed shortly by a called go-around. At this time the aircraft was still going 180 degrees to the approach path. Autopilot and auto throttles were re-engaged and the aircraft was turned back onto the approach course via LNAV. After passing the FAF in VMC and the runway in sight; it was discovered that we had no vertical guidance to the runway. The PF discussed accomplishing another go around; but eventually elected to continue the approach and get the aircraft on the ground. PAPI/VASI at the airfield are inop. I provided the PF with distance from inside the FAF until touchdown. Aircraft landed uneventfully.",,"B737 flight crew reported an unstable approach at night with no vertical or ground guidance resulting in an unusual attitude situation. Flight crew regained aircraft control with upset recovery procedures.",
1991526,202304,1201-1800,ZJX.ARTCC,FL,,,,35000,,,,,,,,Center ZJX,Air Carrier,Commercial Fixed Wing,,2,Part 121,IFR,Passenger,,Descent,Vectors,Class A ZJX,,,,,,,,,,,,,,,,,,,,,,,,,,,,Center ZJX,Air Carrier,Commercial Fixed Wing,,2,Part 121,IFR,Passenger,,Cruise,,Class A ZJX,,,,,,,,,,,,,,,,,,,,,,,,Facility ZJX.ARTCC,,Government,Enroute,Air Traffic Control Fully Certified,Air Traffic Control Time Certified In Pos 1 (mon) 6; Air Traffic Control Time Certified In Pos 1 (yrs) 4,,Situational Awareness; Time Pressure; Workload; Fatigue,,,1991526,,,,,,,,,,,,ATC Issue All Types; Conflict Airborne Conflict; Deviation / Discrepancy - Procedural Published Material / Policy,,,Person Air Traffic Control,In-flight,,Human Factors; Environment - Non Weather Related; Procedure; Company Policy,Company Policy,"Worked sector with d-side staffed prior to incoming volume. Miles in trail for PBI was 30; miles in trail for MCO was 10. Multiple MCO arrivals on vectors descending through and around overflights and PBI aircraft that also needed vectors to achieve spacing. Due to complexity and volume; PBI in-trail mileage was not fully accomplished; and in some cases abandoned altogether. Attempted to use a vector of 195 degrees to move Aircraft X between a southbound Aircraft Z at 31000 ft. And the northbound Aircraft Y at 34000 ft. But under-judged the rate at which the Aircraft X turned to that heading.A descent was issued to 29000 ft. To Aircraft X with the heading. Upon realizing the Aircraft X was turning faster and descending slower than anticipated; adjustments to the heading were issued to 175 degrees; then 155 degrees; and a rate of descent restriction was issued to Aircraft X. At closest point; aircraft 1 and 2 were estimated around 4.5nm and 700 ft.; with separation increasing due to a westerly vector issued to Aircraft Y and a more easterly vector to Aircraft X. Unfortunately; the Aircraft X could only be vectored so far before also conflicting with the Aircraft Z flight that was southbound (which was the original traffic I was trying to miss while meeting the FL290 restriction to the next sector for MCO arrivals).D-side did not notice the conflict until after I did due to their workload trying to help get aircraft incoming to the sector at safe altitudes and on headings to facilitate the miles in trail restrictions we had to meet. I should have judged the turn for the Aircraft X better and not relied on anticipated performance for the turn with the current wind conditions. With that said; what caused this situation is a systemic and all-too-often occurring issue at ZJX. Long 'times-on-position' and high workload occur on a daily basis. Complexity increases with weather; and thus; fatigue can set in quickly in the middle of a shift or even a busy session.Traffic Management Unit (TMU) needed to do a better job of passing back miles in trail; which they failed. MCO arrivals should have been moved to other routings to prevent vectors and descents through a red sector; which ultimately was what resulted in this loss of standard separation event. The attitude of 'just working through it' is a detriment to aviation safety; and tossing a d-side on a red sector is too often the magic fix for management to declare the red sector's risks mitigated or handled. This is the second day in a row that I have witnessed a loss of separation at this sector due to overloading and lack of a coherent plan by management or TMU to handle traffic with aviation safety as the priority; not the movement of aircraft; and certainly not the satisfaction of the 'users.' the safety culture of FAA management is poor and results in overwhelmed controllers and overloaded sectors; and ultimately; these events occurring more and more often.",,,,"A ZJX Controller reported they vectored and descended an aircraft in an attempt to avoid a conflict but the heading and descent placed the aircraft into conflict with a third aircraft. The reporter was working a sector containing more aircraft than guidelines deem operationally safe.",
1993020,202304,0001-0600,SYR.Tower,NY,,,,900,,VMC,,,Night,,,Tower SYR,Air Carrier,Commercial Fixed Wing,,2,Part 121,IFR,Passenger,,Initial Approach,,Class C SYR,,,,,,,,,,,,,,,,,,,,,,,,,,,,,,,,,,,,,,,,,,,,,,,,,,,,,,,,,,,,,,,Aircraft X,Flight Deck,Air Carrier,Pilot Not Flying; Captain,Flight Crew Multiengine; Flight Crew Air Transport Pilot (ATP); Flight Crew Instrument,,,Workload; Confusion; Situational Awareness; Human-Machine Interface,,,1993020,Aircraft X,Flight Deck,Air Carrier,First Officer; Pilot Flying,Flight Crew Air Transport Pilot (ATP); Flight Crew Instrument; Flight Crew Multiengine,,,Fatigue; Confusion; Situational Awareness,,,1992697,ATC Issue All Types; Deviation - Altitude Overshoot; Deviation / Discrepancy - Procedural Published Material / Policy; Inflight Event / Encounter CFTT / CFIT,,,Automation Air Traffic Control; Person Air Traffic Control,In-flight,Air Traffic Control Issued Advisory / Alert; Air Traffic Control Provided Assistance; Flight Crew Requested ATC Assistance / Clarification; Flight Crew Became Reoriented,Chart Or Publication; Airspace Structure; ATC Equipment / Nav Facility / Buildings; Procedure; Human Factors; Environment - Non Weather Related,Procedure,"We were on a left downwind for runway 28. With the airport in sight; we were cleared for the visual. The flying pilot (First Officer); set 2100 ft; minimum crossing altitude at TILLE; in the altitude window and initiated an open descent while turning base. Once level; the tower mentioned they got a low altitude alert and asked if we were stable. I said we were and noticed the radio altimeter read approximately 900 ft. due to the rising terrain to the south of the airport. We did not receive any GPWS warnings. We continued on the visual; backed up by the ILS to runway 28 and landed without incident.The flight was 4 hours late and SYR is an unfamiliar airport. I think I have been there one other time.I definitely think there needs to be some additional information in the company pages alerting crews to the terrain to the south when conducting visual approaches. Reference ZZZ company general page; very similar situation there.  Also; I very often see pilots enter a bottom altitude such as a FAF altitude when cleared for a visual and initiate an open descent even when we are below a descent path that would keep us at a higher altitude. Example is descending to a FAF altitude when below a glide path. The reason minimum class B altitudes are busted at ZZZ1.  My personal opinion is this is not an ideal 'technique' even though it may be safe and legal. I also recommend the use of managed automation 100% of the time if possible and the use of charted flight paths when not on a vector. I think more time should be devoted to visual approaches in recurrent training.",,"We were vectored for the visual 28 backed up by the ILS at night. I was PF (Pilot Flying). Cleared the visual; I descended to 2100 ft; 1700 ft. above field level outside of TILLE on left base. I was referencing the plan view of the ILS 28 for obstacles. Looking back; I should have stayed at either the MSA (Minimum Safe Altitude) or the vectoring altitude. I don't recall possibly 3;000 ft. until established on the localizer or at least getting the PAPI in sight. We were landing at XA30L which is near the primary window of circadian low. I will do a better job of briefing the MSA; descent plan and terrain especially at night.",,"Flight crew reported ATC issued a low altitude alert while they were on base leg for a visual approach.",
1999496,202304,0001-0600,ZZZ.Airport,US,,,0,,,Mixed,Rain,,Night,,,,Air Carrier,A320,,2,Part 121,IFR,Passenger,,Takeoff / Launch,,,,,,,,,,,,,,,,,,,,,,,,,,,,,,,,,,,,,,,,,,,,,,,,,,,,,,,,,,,,,,,,,Aircraft X,Flight Deck,Air Carrier,Captain; Pilot Flying,Flight Crew Instrument; Flight Crew Multiengine; Flight Crew Air Transport Pilot (ATP),,,Situational Awareness; Time Pressure; Fatigue; Human-Machine Interface,,,1999496,,,,,,,,,,,,Deviation / Discrepancy - Procedural Clearance; Ground Event / Encounter Weather / Turbulence; Ground Event / Encounter Loss Of Aircraft Control,,N,Person Flight Crew,In-flight,Air Traffic Control Provided Assistance; Flight Crew Returned To Gate; Flight Crew Requested ATC Assistance / Clarification; Flight Crew Rejected Takeoff; General Flight Cancelled / Delayed; General Maintenance Action,Aircraft,Aircraft,"We were in ZZZ to ZZZ1 taxing out it was raining and overcast 1;700 ft. and rain. After three reroutes we then was cleared for position and hold. We aligned on Runway X be ready for immediate departure traffic 2 miles out. Aligned; I held the brakes powered up the engines to approximately 40% N1 FF approximately 1400 pounds; feeling the aircraft rumble/ shake engines stabilized are ready to go. Once cleared for Takeoff I then stood up engines throttles to the 12 o'clock position stable released brakes with aircraft moving then smoothly advanced to FLEX detent. Once in detent with engines powered up I could not keep aircraft on center line and was veering quickly to the right. Giving the engines No 2 sec more to catch up; veering uncontrollably to the right off center line. I rejected the takeoff; full reverse manual brakes and placing my hand on the tiller to align back to center line. This exacerbated the loss of nose control; nose wheel skidding on the wet runway left then right then to a slight left. I then once again hit the brakes to a quick total stop. All then cooled down on runway with reversers stowed. We then taxied off on the second left taxiway. This event on the runway was approximately 850 ft. total airspeed was not even alive for the First Officer (FO) 'call' We both examined all engine gauges all was normal and sat for a moment to review what just went on called the flight staff on all call. They were all OK and passengers too then several passengers wanted to get off jet as we were think if it would it be prudent to go to gate for maintenance review. This was then with no hesitation of us to go back to the gate and deplane jet and allow maintenance to figure out what was the cause of engine issue.The use of the tiller exacerbated the loss of control of aircraft steering below VMC ground on a wet runway. The use of the brakes to a stop is when we truly regained total control of the Jet. Once we returned to gate is when we then realized the event and how my adrenaline was running. The station manager even noticed how our demeanor was and asked how we felt. I was reluctant to say then it hit me I need to wind the clock and slow down I then called myself off of the flight; fatigued not safe. I as Captain felt not safe to continue flying this day. Take the event in to adjust there was no hull loss nor any soul lost and the next day I flew as Captain ZZZ to ZZZ2 with no further issues.",,,,"A320 Captain reported a loss of directional control resulted in a rejected takeoff. The flight crew elected to return to the gate for maintenance action and to deplane several passengers who did not want to continue on the flight.",
2002849,202305,1801-2400,ZZZ.ARTCC,US,,,,39000,,VMC,,,Night,,,,Air Carrier,B787-800,,2,Part 121,IFR,Passenger,,Cruise,Vectors,,,,,,,,,,,,,,,,,,,,,,,,,Powerplant Lubrication System,,X,Malfunctioning,,,,,,,,,,,,,,,,,,,,,,,,,,,,,,,,,,,,Aircraft X,Flight Deck,Air Carrier,First Officer; Pilot Flying,Flight Crew Air Transport Pilot (ATP); Flight Crew Multiengine; Flight Crew Instrument,,,Fatigue; Communication Breakdown,Party1 Flight Crew; Party2 Other,,2002849,Aircraft X,Flight Deck,Air Carrier,Captain; Pilot Not Flying,Flight Crew Air Transport Pilot (ATP); Flight Crew Instrument; Flight Crew Multiengine,,,Communication Breakdown; Fatigue,Party1 Flight Crew; Party2 Other,,2002217,Aircraft Equipment Problem Critical; Deviation / Discrepancy - Procedural Clearance; Deviation / Discrepancy - Procedural Published Material / Policy,,N,Automation Aircraft Other Automation; Person Flight Crew,In-flight,Air Traffic Control Provided Assistance; Flight Crew Requested ATC Assistance / Clarification; Flight Crew Landed in Emergency Condition; Flight Crew Inflight Shutdown; Flight Crew Diverted; General Flight Cancelled / Delayed; General Maintenance Action,Aircraft; Human Factors; Procedure,Aircraft,"At approximately 2.5 hours into Flight from ZZZ to ZZZ1; while en route and past our critical point; the right engine experienced a sudden loss of oil pressure; necessitating the activation of the appropriate checklist procedures. Consequently; the affected engine was promptly shut down in accordance with Standard operating procedures.Following the engine shutdown; the flight crew determined that the safest course of action would be to divert to ZZZ2. The flight proceeded to ZZZ2; where an uneventful single-engine landing was executed successfully; mitigating any potential risks associated with the in-flight engine failure.Upon arrival at ZZZ2; the Maintenance Team conducted a thorough inspection of the right engine to ascertain the root cause of the oil pressure loss. Initial findings indicate excessive contaminates in the engine chip detector resulting in total oil pressure loss in the right engine.As a consequence of the inflight [problem] and the subsequent stress endured by the crew; a decision was made to preventatively address crew fatigue. Considering the incident and the need for additional rest and recuperation; the crew was deemed unable to continue the flight to ZZZ1. This decision was taken in accordance with safety regulations and in the best interest of the crew and passengers. Unfortunately; upon landing the crew desk ordered us to continue to fly to ZZZ1 after this incident. Conclusion: Flight experienced a right engine oil pressure loss approximately 2.5 hours into the flight. The crew successfully executed the appropriate shutdown procedures; ensuring the safety of all onboard. An uneventful single-engine landing was accomplished at ZZZ2. The investigation into the root cause of the engine failure is underway. The crew's inability to continue the flight to ZZZ due to the stress and fatigue resulting from the inflight situation was a necessary precaution taken to prioritize safety.",,"Engine failure over Ocean. Diversion to ZZZ2. At ZZZ2 this flight crew was scheduled to quick turn with different aircraft and continue flying to ZZZ1. Crew desk did not understand why we would not want to do this. The crew desk then asked if I wanted to call in fatigued and I agreed. Flight Operations Duty Manager agreed that we should not fly to ZZZ1; and to let the crew desk know what time we would be rested and available; which I did.",,"B787 flight crew reported calling out for fatigue after loss of oil pressure in the right engine. The flight crew performed an in flight shut down of the affected engine and diverted to make a precautionary landing.",
2006676,202306,1801-2400,DCA.Airport,DC,060,5,,2000,,VMC,,,Night,,,TRACON PCT,Air Carrier,Commercial Fixed Wing,,2,Part 121,IFR,Passenger,,Initial Approach,,Class B DCA,,,,,,,,,,,,,,,,,,,,,,,,,,,,,,,,,,,,,,,,,,,,,,,,,,,,,,,,,,,,,,,Aircraft X,Flight Deck,Air Carrier,Approach; Captain; Pilot Flying,Flight Crew Instrument; Flight Crew Air Transport Pilot (ATP); Flight Crew Multiengine,Flight Crew Last 90 Days 70; Flight Crew Type 16000,,Workload; Time Pressure; Situational Awareness; Human-Machine Interface; Confusion; Communication Breakdown; Fatigue,Party1 ATC; Party2 Flight Crew,,2006676,Aircraft X,Flight Deck,Air Carrier,Approach; Pilot Not Flying; First Officer,Flight Crew Air Transport Pilot (ATP); Flight Crew Instrument; Flight Crew Multiengine,Flight Crew Last 90 Days 137; Flight Crew Type 868,,Communication Breakdown; Situational Awareness; Workload,Party1 Flight Crew; Party2 Flight Crew,,2005931,Deviation / Discrepancy - Procedural Published Material / Policy; Inflight Event / Encounter Unstabilized Approach; Inflight Event / Encounter CFTT / CFIT,,,Automation Aircraft Terrain Warning; Person Flight Crew,In-flight,Flight Crew Regained Aircraft Control,Airspace Structure; Human Factors; Procedure; Software and Automation,Human Factors,"During the approach phase of flight to the river visual approach to [Runway] 19 at DCA; ATC issued a vector to intercept the approach in the vicinity of the GRAYZ intersection on the LNAV approach overlay. We had briefed the approach to include landing data and runway exit strategy and agreed that a flaps 40 setting would be the most effective. This leg was the third and final flight leg of the day. Prior flight legs had included significant weather mitigation and planning on our part as a crew; and I was; by this time; moderately fatigued. The altitude was approximately 2;000 [ft.] MSL; as I remember; which was issued to us by ATC. The aircraft was being operated using the autopilot; auto-throttles; and ATC had slowed us to 160 KTS for spacing. Because of the issued speed; the aircraft was configured with the landing gear down; flaps 15 for the speed; and subsequent approach.As we began to approach the intercept point; I realized that the intercept angle to capture was going to cause an overshoot; a subsequent overfly of the river to the opposite side; and in proximity of the restricted airspace. I dis-engaged the autopilot and manually flew a course to intercept the LNAV overlay of the river; ensuring no overflight of restrictive airspace. Once on the LNAV course and in the center of the river; I reached over and re-engaged the autopilot; or thus I thought I had. My hands were on the control column and when I selected the autopilot; it felt as the autopilot had engaged. The Pilot Monitoring did not alert me to the fact that the autopilot had not engaged. I was feeling time-compressed to get all the required tasks completed before landing and wanted the flight path to continue a descent using VNAV on the arrival. I reached up and set a lower altitude on the MCP panel. I felt the aircraft start a left descending turn; which I expected as we were following a left turn in the river.As the pitch attitude of the aircraft decreased; we received a GPWS Obstacle Alert (probably the Washington Monument in the distance). I immediately responded by manually correcting the flight path and then realized that automation had not been activated. I stabilized the flight profile and began using the river terrain features and requested flaps 30 and Landing Checklist. The aircraft was still in the center of the river; but now not on vertical profile slightly high. The time and approach compression was significant.As I began to turn final and line up on the runway; approximately 800 [ft.] MSL; the Pilot Monitoring queried me if I wanted flaps 40. I said yes; and flaps 40 was selected. I was above the PAPI and used normal maneuvering to re-align myself to a normal landing profile. I landed well within calculated Touchdown Zone and taxied to the gate. At no time were any aircraft limitations exceeded nor any airspace vertically or laterally exceeded; nor ATC clearances exceeded.",,"Captain was PF (Pilot Flying) into DCA on the River Visual Runway 19. ATC gave us a heading 130 to fly and then clearance for the River Visual Runway 19. With the heading we were given; we agreed to go direct GREYZ. Because of that heading; 130; it was evident that the autopilot probably was not going to anticipate the turn enough; leading to a possible overshoot of the runway and getting close to the Prohibited Area; P56B. The Captain chose to disconnect the autopilot to lead the turn. He then tried to reengage the autopilot; while I thought he was still hand flying. The autopilot did not actually engage; and our descent rate increased. Right as I was about to call out; 'sink rate;' the GPWS called out; 'sink rate;' instead. The Captain realized the autopilot was not engaged and corrected the flight path. At that point; we were descending at about 2;000 FPM and about 1;500 [ft.] AGL. He recovered nicely; However; it put us below stabilized criteria and we selected flaps 40 below 1;000 [ft.] AGL. We should have gone around due to the unstabilized approach. We ended up running the Before Landing Checklist late as well. We landed normally and continued to the gate. It was a quick set of events; and we were both busy getting the aircraft back where we wanted it; but ultimately; we should have gone around.",,"Air carrier flight crew reported flying an unstabilized approach on a charted visual approach and elected to continue to land rather than go around.",
2008451,202306,1801-2400,ZZZ.Airport,US,,,,1000,,,Turbulence,,Dusk,,,Tower ZZZ,Air Carrier,B737-700,,2,Part 121,IFR,Passenger,,Takeoff / Launch,,Class B ZZZ,,,,,,,,,,,,,,,,,,,,,,,,,,,,,,,,,,,,,,,,,,,,,,,,,,,,,,,,,,,,,,,Aircraft X,Flight Deck,Air Carrier,First Officer; Pilot Flying,Flight Crew Multiengine; Flight Crew Air Transport Pilot (ATP); Flight Crew Instrument,Flight Crew Last 90 Days 160; Flight Crew Type 260,,Fatigue; Situational Awareness; Distraction,,,2008451,,,,,,,,,,,,Deviation / Discrepancy - Procedural Published Material / Policy; Inflight Event / Encounter Loss Of Aircraft Control,,,Person Flight Crew,In-flight,Flight Crew Regained Aircraft Control,Human Factors,Human Factors,"We were operating leg 3 of 4. I was on day 4 of a busy 4 day Pilot Monitoring (PM) trip; while the Captain had just joined the trip after some time off. While taxiing out in ZZZ we were asked to load performance numbers for an intersection departure. With the aircraft at a stop; I loaded the new intersection; and we ran the Departure Plan Checklist; verifying the flaps were set in the correct position (Flaps 1). We then lined up on the runway and started our takeoff role; with me acting as Pilot Flying (PF). there was a strong gusty crosswind and turbulent conditions in ZZZ. After rotation; I called for 'landing gear up' and the Captain responded with 'positive rate - Landing gear up'. I then noticed an unexpected change in performance and the aircraft's handling; and that the low-speed awareness ques where rising and I had lost my Flap 1 maneuvering que and my V2 + 15 'shark tooth'.I lowered the nose to gain airspeed and said; 'something doesn't feel right'. at around 1;000 ft. AGL we noticed that the landing gear was still down; and the Captain had accidentally retracted the flaps instead of the landing gear. We correctly configured the aircraft and continued to climb without any further incident; and never exceeded any structural limitations. While discussing this later; the Captain believed he had been so focused on setting the right flap setting during the Departure Plan Checklist that he sub-consciously grabbed the flap lever instead of the landing gear.I could have been more attentive as to the configuration of the aircraft. Also; we were both starting to feel tired; on top of a long taxi out with multiple changes. I had also been flying a MAX for most of the trip; and assumed the extra noise with the gear down was just because the -700 is a lot louder than the MAX.",,,,"B737-700 flight crew reported improper clean up sequence during departure climb resulting in momentary aircraft performance issues.",
2013646,202306,1801-2400,CVG.Airport,KY,,,0,,,,Rain,,Night,,,Ground CVG,Air Carrier,Medium Large Transport; Low Wing; 2 Turbojet Eng,,2,Part 121,IFR,Passenger,,Taxi,,,,,,,,,,,,,,,,,,,,,,,,,,,,,,,,,,,,,,,,,,,,,,,,,,,,,,,,,,,,,,,,,Aircraft X,Flight Deck,Air Carrier,Pilot Flying; Captain,Flight Crew Air Transport Pilot (ATP); Flight Crew Multiengine; Flight Crew Instrument,,,Confusion; Situational Awareness; Fatigue; Distraction,,,2013646,Aircraft X,Flight Deck,Air Carrier,First Officer; Pilot Not Flying,Flight Crew Air Transport Pilot (ATP); Flight Crew Instrument; Flight Crew Multiengine,,,Communication Breakdown; Distraction,Party1 Flight Crew; Party2 Flight Crew,,2013644,Deviation / Discrepancy - Procedural Published Material / Policy; Ground Event / Encounter Weather / Turbulence; Ground Excursion Taxiway; Ground Incursion Ramp,,,Person Flight Crew,Taxi,Flight Crew Became Reoriented,Environment - Non Weather Related; Human Factors; Airport,Human Factors,"I was unable to see or locate taxi lane 2N markings and mistakenly crossed a single row of blue taxi lights onto remote parking apron 2 prior to reaching Taxiway H. I mistakenly believed that the 2N line was on the north side of the single line of taxi lights due to a quick look at the FD Pro Ownship presentation on the AMM (Airport Moving Map) display and the lag sometimes present; and that the lights were flush mounted in the surface.Dark; rain; poor surface markings; tired. Stop and get certain of position if not certain; use more aircraft lights to find markings; better more visible markings; standard markings taxi lights are normally each side of a taxiway not a single row.",,"After landing in CVG; we were cleared via spot 9 north line into gate X. In order to get to the gate a turn on H is necessary to make the transition to the gate. However there is a row of taxiway edge lights around that area; as the Captain was making the turn to join H he got so close to the those lights. I pointed the lights out several times to him to make sure he avoids them. He reacted at the last minute narrowly missing the lights. There was no damage to the airplane or lights. After we safely parked at the gate the Captain did the post flight walk around and thoroughly inspected the airplane; no damage was found.It was close to midnight and raining off and on making the ramp lines a bit hard to see with the ramp being wet. Gate X requires some maneuvering from the north line. I had pointed out the lights several times before the Captain reacted. I suggest when it's dark and rainy maybe we should consider turning all available lights for more visibility of our surroundings.",,"Air carrier flight crew reported a taxiway excursion after failing to recognize the correct taxi line and inadvertently crossed into a parking apron. The taxi line was difficult to see at night; in the rain; with poor markings.",
2014154,202307,1801-2400,ZZZ.ARTCC,US,,,,10000,,VMC,,,,,,TRACON ZZZ,Air Carrier,B737 Undifferentiated or Other Model,,2,Part 121,IFR,Passenger,,Climb,,Class B ZZZ,,,,,,,,,,,,,,,,,,,,,,,,Autoflight System,,X,Malfunctioning,,,,,,,,,,,,,,,,,,,,,,,,,,,,,,,,,,,,Aircraft X,Flight Deck,Air Carrier,First Officer; Pilot Not Flying,Flight Crew Air Transport Pilot (ATP); Flight Crew Instrument; Flight Crew Multiengine,Flight Crew Last 90 Days 171; Flight Crew Type 906,,Fatigue,,,2014154,Aircraft X,Flight Deck,Air Carrier,Pilot Flying; Captain,Flight Crew Instrument; Flight Crew Multiengine; Flight Crew Air Transport Pilot (ATP),Flight Crew Last 90 Days 170; Flight Crew Type 3800,,Fatigue,,,2014176,Aircraft Equipment Problem Critical; Deviation / Discrepancy - Procedural Clearance,,,Person Flight Crew,In-flight,Air Traffic Control Issued New Clearance; Flight Crew Landed in Emergency Condition; Flight Crew Returned To Departure Airport,Aircraft,Aircraft,"Today was an incredibly long day. I had just finished a two-day the previous day out of ZZZ; where we were delayed getting back into ZZZ by almost 5 hours due to weather. So I was hoping for a simple day trip to ZZZZ today. That simply was not the case. I arrived at the airport for our report time at XA:50. I was able to meet with the CA (Captain) and discuss the upcoming day and flight. We met the previous crew of our aircraft on the jet bridge who went into great detail about the current MEL items on that specific aircraft. After discussing the situation with the crew and Dispatch; the CA and I both felt that it was the best course to not take this aircraft to ZZZZ due to the MEL items on the aircraft. We then waited another 3 or so hours for the next aircraft to become available. The CA and I boarded the new aircraft to find that there was an inbound write-up on the aircraft in regards to the brake pressure accumulator not being able to hold pressure and had lost about 800 psi in about 30 minutes. Maintenance personnel then boarded that flight and performed a test on the aircraft to see what the issue was and if it could be deferred or if the issue was more complex. The test took roughly 45 minutes to see if the brake pressure would hold or not. Maintenance informed the CA and I that the aircraft did not pass the test and would need to be taken out of service. The time now is roughly XG:30. The CA and I have been at the airport roughly 6 hours and are now looking for our 3rd aircraft to take to ZZZZ. However duty period was now an issue. We later received a phone call from Scheduling who informed us that we will now be going to ZZZ1 because we would not be legal to operate the previous flight to ZZZZ and back to ZZZ2.The CA and I again boarded our new flight to ZZZ1. We got everything ready to only have the Ramp close for about 30 minutes due to the storms in the area. Once the storms cleared we were able to push back from gate. However; due to the construction behind the gate; the Tow Driver needed to tow us in a specific area to clear the construction. We informed the driver of where to go but he was very confused and it was clear that he may not have gotten the proper training for towing in this area with the construction. Due to this confusion we ended up breaking the shear pin on the push. So we had to get Maintenance to come out and verify everything was ok before continuing on with the pushback. Once given the ok to go from Maintenance; we were able to push back to the proper area and commence the flight.The time now is roughly XJ:15 and we were on our way for departure after 8.5 hours of delays and changes. There were still so many storms in the direction of which we were going but ZZZ2 was clear. We departed with no issues. We performed the after-takeoff check and continued our climb to 10;000 ft. It was around 8;000 ft. that the CA decided to put the autopilot on by pressing Command A. The autopilot engaged. I was the pilot monitoring and received a clearance to continue climb to 18;000 ft. At that moment within 30 - 60 seconds of the autopilot being on; there was a sudden violent jolt and pitch down of the aircraft. The autopilot remained engaged. The CA and I looked at each other trying to understand what just happened. The aircraft then did the same jolt and pitch down. The CA then clicked off the autopilot. We told ATC that we want to remain at 10;000 ft. and that we had a flight control issue. The CA and I then tried Command B autopilot. It appeared to be working normally. We then tried Command A autopilot and again within 30 - 60 seconds the jolt and nose down pitch occurred. We then saw the stab out of trim light appear. We ran through the checklist and decided that it was best to go back to ZZZ2 at that time. We advised ATC and got vectors back to ZZZ2. We notified Dispatch; the FAs (Flight Attendant); and customers. We did a great job using CRM to really divide and conquer at this time. We wouldmeet back and regroup with each other. We ran the overweight checklist and proceeded to land at ZZZ2 with no issues. ARFF (Airport Rescue and Firefighting) verified the aircraft was ok on the taxiway before proceeding to the gate.",,"Our showtime for the original pairing was XA:50. We were assigned an aircraft that was removed from ETOPS operations due to an APU issue. I discussed this with Dispatch and requested either an airplane with an APU that was not degraded and certified to operate over water or in ETOPS or a route of flight that was mainly over land and closer to acceptable divert airports. Even though this flight was not ETOPS I do not operate our aircraft over water more than a distance that would provide for a safe and quick diversion in the event of system failures. The Dispatcher agreed to re-route our flight. Soon after discussing this aircraft and flight plan; we were assigned another aircraft. We were not told why this decision was made. The next aircraft was wrought with even more serious issues. In addition to having a cowl anti-ice valve wired in the open position; which required reference to flight manual procedures and information; it led to another MEL item that further complicated the flight crew duties including more referencing of the flight manual and MEL procedures. Bleed air and minimum power settings. as well as split throttle positions; on an approach are serious systems that require lots of attention. Had this flight been further complicated by other system failures not anticipated; we would have been up against an enormous amount of work just to get the aircraft on the ground safely. In addition to that; there were numerous areas of thunderstorm activity on and around our route of flight. We refused the aircraft. The next aircraft they gave us came in with a write-up of brake accumulator pressure bleeding down rapidly while parked. AMTs performed a required test on the brake system and it failed. This evolution took about an hour and further delayed our operation and the aircraft was eventually taken out of service. Following this evolution; the crew desk advised us that we would not be able to complete our one-day trip without going over our Part 117 limits of a 14-hour duty day. Thus; as is allowed by the [agreement] for irregular operations; we were reassigned to a two-day trip that was about to depart. That crew was reassigned to take our two-leg turn to ZZZZ. We spoke briefly with the swap crew on the jet bridge and began setting up the cockpit for our one-leg; first-day flight to ZZZ. The second day would have us flying a leg ZZZ - ZZZ1 followed by a deadhead back to ZZZ2; flying into our day off. This was the first time we had released the parking brake on what was a very long day. During the pushback; we received instructions to position the aircraft away from construction on the ramp with the jet facing north toward the concourse. The push crew was not familiar with these instructions and had not been trained on the pushback necessary for the construction being done south of the concourse on Taxiway 1. The Tug Driver removed the tow bar pin after we set the brake; but the Ramp Controller informed us that we were not positioned correctly. We then had the Tug Driver hook up the tow bar again to reposition us correctly. This led to the shear pin being broken when the tow bar was reattached and we released the parking brake for repositioning. Following SOP; we were informed that the nose gear had to be inspected. The ground crew then reattached another tow bar and repositioned the aircraft at the gate and station maintenance personnel performed a successful inspection. We pushed back successfully and taxied for takeoff on Runway XX at ZZZ2. After an uneventful departure; we were climbing through about 8;000 ft. to level off at our assigned altitude of 10;000 ft. I engaged autopilot A/CMD and we experienced an abrupt jolt of the control column followed by two more. I immediately disengaged the autopilot and we began to look for an indication of any system malfunction. There were no abnormal signs or indications; including hydraulic pressure or fluid. We discussed the possibility that we had flown through another aircraft's wake and I engaged the autopilot again; followed by the same abrupt jolts. I disengaged the autopilot again and hand-flew the jet; leveling off at 10;000 ft. This time I noticed a flash of the STAB OUT OF TRIM light on the forward instrument panel. We also noticed lots of autotrimming of the trim wheel. The trimming was not indicative of a runaway trim condition. Autopilot B was engaged and it operated normally. The First Officer immediately referenced the flight manual for the associated light. We reviewed the checklist and performed the steps called for. We discussed our options and decided to return to ZZZ2 as the safest and most prudent course of action. We also decided to advise ATC as an extra precaution and to obtain priority handling from ATC. Dispatch was notified; crew and passengers were briefed; and we made a slow approach back toward ZZZ2 about 30 minutes after takeoff. Landing performance data was requested and received from Dispatch. We reviewed the overweight landing checklist; briefed; and flew an uneventful approach and landing to Runway XY at ZZZ2. We were followed by numerous emergency vehicles on rollout. We spoke with the Fire Commander via VHF radio and he informed us that there were no external signs of damage or overheating of the brakes. We taxied back to the gate; shut down normally; performed all checklists; and debriefed thoroughly. We sent write-ups for the system malfunction as well as the overweight landing. Together we also debriefed the Chief Pilot. He called us again a short time later and we answered questions for a human factors review. He called one last time later and informed us that we were released from duty for the remainder of the day and night.",,"B737 flight crew reported experiencing an abrupt pitch down event when engaging the autopilot system; resulting in an immediate return to the departure airport.",
2014543,202307,0601-1200,ZZZ.Airport,US,,,0,,,,,,,,,,Air Carrier,A321,,2,Part 121,IFR,Passenger,,Parked,,,,,,,,,,,,,,,,,,,,,,,,,,,,,,,,,,,,,,,,,,,,,,,,,,,,,,,,,,,,,,,,,Hangar / Base,,Air Carrier,Ramp,,,,Fatigue; Other / Unknown; Time Pressure; Workload,,,2014543,,,,,,,,,,,,Deviation / Discrepancy - Procedural Hazardous Material Violation; Deviation / Discrepancy - Procedural Published Material / Policy,,,Person Ground Personnel,,General None Reported / Taken,Human Factors; Procedure; Staffing,Staffing,"Working turn on Aircraft X. As soon as Load Planner released trip; gate crew began to load aircraft for outbound trip; 1 hour before departure. Expecting 200 bags with gate checks and at that time no support given to accomplish task; thus earliest start with load plan. After forward belly loaded with 99 bags; gate crew was sent to assist on outbound after their lunch period. At that time half the trip was loaded and no assist was needed - plenty of time on clock. Gate crew continued to load aft belly. No sense having 8 clerks jam bags into one belly. Near end of loading aft I noticed Company bringing non-power wheelchairs to base of jet bridge and was told to expect at least ten wheelchairs; aft load was adjusted by me to accommodate. Was made aware shortly after by Ramp Manager; they received word to expect 2 power wheelchairs; 400 and 200 pounds each and they recalled gate crew to help again. Made room in forward cargo to accommodate. After receiving 13 wheelchairs for aft cargo late and 3 power wheelchairs after departure time for forward cargo; totaling 1140 pounds for three pieces. Flight left taking about 1 hour delay; while working gate crew for 2 hours in [summer] heat; nonstop.Always happens here in ZZZ and no managers are fixing issue after it is known to them. I fear for flight safety because of management/headquarters lack of concern; spoke cities feeding ZZZ also send power wheelchairs to us the same way. Also lack of man power here in ZZZ is pushing ground crew to extremes. Big safety concern when we cant focus on job at hand.Event is power wheelchairs not being marked proper or at all battery type on tag. Causing big delays and safety issue of flight if wheelchairs with lithium batteries energize in flight causing fire in cargo hold. Customers do no know battery type; passenger service does not know because lack of checking; and Company have no clue on airline procedures. This leaves me to look out for flight safety. A few weeks ago; against my recommendations; passenger service / Passenger Manager on Duty and flight deck crew pilot; lead acid batteries [were] taken to cabin for flight - of course no battery boxes available for loading in cargo hold. Too many times this has happened on my tour. Also no one; I have to say 'no one;' disconnects power supply as per regulations. Not to mention today event telling me 'no batteries' in device; so I showed Ramp Manager how the power was mysteriously still powering wheelchair. The event is also; not only the company allowed gate crew to work constant; but added another quick turn trip to gate with no support and very little cool off period. And push for crew to resume without adequate cooldown after 2-hour task.Power supply traced and discounted on two of the wheelchairs. Third had to be dismantled removing positive and negative lead to batteries. Ramp Manager got Phillips screwdriver from Facilities Maintenance. Lengthy delay happened.Event with power wheelchairs is being overly complicated by training in headquarters by too much info. Wet batteries go in boxes down below; if it's dry; gel or sealed; stays in equipment - preferably upright - also power supply 'disconnected' and taped. Pretty easy. Being adequately staffed for gate support also an issue. After this turn; another on the ground flight with no support pushing me and my crew to physical and mental exhaustion. Me not even realizing that we where working international flight till almost departure because of constant push and prodding to get back out there and not having any support nor cooldown period 10 minutes only. Tail to tail bags did not connect. Can not focus on task if workload is pushed at this pace. Not to mention opening company up to injury or worse of employees.",,,,"A321 Ramp Agent reported being heavily overworked in exhausting work conditions due to staffing issues. Battery-powered wheelchairs being loaded into cargo without proper tagging and information also caused delays and safety issues due to the potential risk of fire from the lithium batteries in the cargo hold.",
2017012,202307,1801-2400,ZZZ.Tower,US,,,,2000,,VMC,Thunderstorm,,Night,,,Tower ZZZ,Air Carrier,Regional Jet 900 (CRJ900),,2,Part 121,IFR,Passenger,,Initial Approach,Visual Approach,,,,,,,,,,,,,,,,,,,,,,,,,,,,,,,,,,,,,,,,,,,,,,,,,,,,,,,,,,,,,,,,Aircraft X,Flight Deck,Air Carrier,Captain,Flight Crew Multiengine; Flight Crew Instrument; Flight Crew Air Transport Pilot (ATP),,,Fatigue; Time Pressure; Situational Awareness; Confusion; Communication Breakdown,Party1 Flight Crew; Party2 ATC,,2017012,Aircraft X,Flight Deck,Air Carrier,First Officer,Flight Crew Instrument; Flight Crew Multiengine; Flight Crew Air Transport Pilot (ATP),,,Confusion; Time Pressure; Fatigue; Situational Awareness,,,2017013,ATC Issue All Types; Deviation / Discrepancy - Procedural Published Material / Policy; Inflight Event / Encounter CFTT / CFIT; Inflight Event / Encounter Unstabilized Approach; Inflight Event / Encounter Weather / Turbulence,,,Automation Aircraft Terrain Warning; Person Flight Crew,In-flight,Flight Crew FLC complied w / Automation / Advisory,Software and Automation; Procedure; Human Factors; Weather,Procedure,"On Day 0; at approximately XA:50 we were in a right base for the visual approach to Runway XX into ZZZ. Due to heavy thunderstorm activity; just off to the north end of the approach course we briefed the approach deciding that we were going to intercept the approach course inside the final approach fix. We were clear down to 3;000 feet initially been told cleared for the visual. Then the First Officer (FO) and I determined if we went down to 2;000 feet; it would keep us clear of the weather after the north; and at the correct altitude inside the marker for a stable approach. As the Pilot Monitoring (PM) I asked the Tower If we could come down to 2;000 feet and he said that we could that there was no obstacles or terrain. We were visual; so I could see there was nothing between us; and where we were going to intercept. As we leveled off at 2;000 feet shortly after that; we received a caution obstacle and climbed slightly for situational awareness and due to our training. I went back and reviewed the VFR low altitude charts. There were a couple of towers; but they were off to the north of us. There was a much smaller tower in front of us; but we were well above it to my understanding. We continued and shot the approach landing without further incident.Suggestions - Moving forward I will stay at the altitude until I we are established inbound on the final approach course. I believe the weather caused us to deviate slightly to ensure a safe approach. Other factors that played out here was fatigue setting in from a very long day after commuting.",,"Operating Aircraft X ZZZ1-ZZZ Day 0. I was Pilot Flying (PF). Coming into ZZZ just before nightfall; we were worried about a line of severe storms just north of the FAF for the RNAV XX. With the crossing runway closure; we would have to fly north of the field towards the storm line; then turn south for the approach. Conditions were visual with ~12 kts winds out of the southeast. When about 5 miles WNW of the field; we decided to intercept the final approach course by pointing the aircraft at the FAF and then turning final just inside of it. We had already been cleared the visual; and ATC had last instructed us to maintain 3;100 ft. We decided to descend in order to ensure that we were properly stable and did not wind up high when turning final. We checked our approach charts and saw no obstacles charted between our location and the final approach course. We also did not see any obstacles visually. I had terrain mode on my side and it appeared safe on the MFD. We then asked ZZZ tower if there were any uncharted obstacles and if it was safe to descend to 2;000 ft. at our current location. He said that was safe and reiterated that we were cleared the visual. Upon reaching 2;000 ft.; we received an obstacle caution. I immediately disconnected the autopilot and climbed back to 3;100 ft. The landing and approach from that point on was normal.Cause - This was classic get-there-itis on my part. The desire to maintain distance from the storm created an external pressure to get in to ZZZ before the storm arrived at the field and led to a poor decision on my part to descend. While we did check with ATC to ensure what we were doing provided adequate obstacle clearance; we should have stayed at 3;000 ft. until intercepting the final approach course. An additional factor that was not a cause but certainly did not contribute to good decision-making was that it was leg 4 at XA:30 and the van the day before in ZZZ2 departed at XB:00; so there was certainly some minor fatigue; although I did not feel that it impaired my flying abilities in any way that was unsafe.Suggestions - I'm not sure there is any further training that could be done to prevent this from happening. It just boils down to a poor decision on my part due to external pressures. The flight was already delayed due to a plane swap in ZZZ1 after the radar altimeter glitched on the previous leg in from ZZZ3. With storms rolling into the route; we were forced to pick our way through the storms and race along the front side of them into ZZZ. The flight would have been uneventful but for the decision to descend early when intercepting the approach; and after the caution was received; we reacted promptly and correctly; then debriefed it on the ground.",,"CRJ-900 air carrier crew reported a terrain obstacle alert on a visual approach at night when they descended to FAF altitude on a non-published portion of the approach. The flight crew climbed to correct altitude and continued the approach to a landing.",
2025353,202308,0601-1200,ZZZ.Airport,US,,,,15000,,IMC,Icing; Turbulence,,,,,TRACON ZZZ,Air Carrier,MD-11,,2,Part 121,,Cargo / Freight / Delivery,,Descent,,Class E ZZZ,,,,,,,,,,,,,,,,,,,,,,,,Pitot-Static System,,X,Malfunctioning,,,,,,,,,,,,,,,,,,,,,,,,,,,,,,,,,,,,Aircraft X,Flight Deck,Air Carrier,First Officer; Pilot Not Flying,Flight Crew Instrument; Flight Crew Air Transport Pilot (ATP); Flight Crew Multiengine,,,Fatigue; Confusion; Human-Machine Interface; Workload; Troubleshooting; Training / Qualification,,,2025353,Aircraft X,Flight Deck,Air Carrier,Captain; Pilot Flying,Flight Crew Instrument; Flight Crew Multiengine; Flight Crew Air Transport Pilot (ATP),,,Situational Awareness,,,2025035,Aircraft Equipment Problem Critical; Inflight Event / Encounter Weather / Turbulence,,,Person Flight Crew,In-flight,Flight Crew Overcame Equipment Problem; Flight Crew Diverted,Aircraft; Human Factors; Weather,Human Factors,"On Descent into ZZZ on our 6 hour ZZZ1-ZZZ flight; Captain's airspeed became unreliable causing multiple systems to fail. Due to severe weather at ZZZ airport our arrival was changed by ATC while we were already on it descending through 15000 feet with intended ILS approach to runway XXR. During this change the Captain's Airspeed Indicator failure occurred. Captain  flying; I (First Officer) executed QRH for Airspeed Unreliable. After failing to restore captain's airspeed indicator we diverted to ZZZ2 where the weather was VMC. Executed ILS approach in visual conditions to runway XXL; landed and taxiied to parking where maintenance determined that there was significant water in the Captains pitot-static system.  On descent into ZZZ we were assigned the ZZZZZ RNAV arrival and rwy XXR. We setup and briefed an approach to that runway via that arrival. Captain entered ILS XXL in secondary flight plan. We had been tracking a major weather system that was moving West to East and that was forecast to be over ZZZ at the time of our arrival. We had briefed this weather prior to the flight and noted our alternate fuel plus 10000 lbs contingency gave us options even beyond our filed alternate of ZZZ2. Captain suggested ZZZ3; for example. Also; this plane had autoland -MEL'd.; so we were even more prepared to divert if conditions required.  During the last hour of flight we skirted severe turbulence and precipitation that was associated with this weather system; and at top of descent we planned for an anti-ice on descent through the weather; which was now painting large swaths of yellow and red; between us and the field; with some magenta on the weather radar display. During our initial descent we were advised of heavy precipitation on the arrival and asked if we needed a deviation. We declined at that time. Further into the descent (approximately 30 miles from the field and descending through 15000 feet; we observed large areas of red between us and the field. The controller suggested that previous aircraft had changed from the ZZZZZ or other arrivals to the ZZZZZ1 RNAV arrival. We asked for that and were assigned direct ZZZZZ2. We put ZZZZZ2 in the fix page and Captain turned towards it. We were advised we could divert as far left of our track to ZZZZZ2 as was required to avoid weather; so Captain chose a heading to the North and East of the weather that kept us clear of the red areas on our radar display. As I was head down programming the arrival; the autopilot disconnected. I looked up and observed several amber Level 2 alerts on the system display. Select Elevator Feel Manual; etc. I had not completed the reroute; so prior to acting on the alerts I inserted direct ZZZZZ2 in the Control Display Panel. At that point I was not aware of the unreliable airspeed. I pulled out the QRH and began looking at flight control checklists when Captain said 'Airspeed Unreliable.' I turned to that checklist and began reading and acting on it. As we did that we entered some light to moderate turbulence. We were advised that the ZZZZZ1 arrival was not available to us. I [advised ATC] that we had some failed instruments. They queried if we were [requesting priority handling] and needed assistance. I said 'negative; just advisory; we have a failed airspeed indicator.'We were assigned 10000 feet; and we descended and maintained that altitude with Captain flying.I worked through the Airspeed Unreliable checklist; but omitted an important step that would have restored the captain's instrument display. The captain asked for me to ask for a left 360; present position to give us time to work through the checklist. The radio was quite busy; and I was unable to make this request before the captain looked left (East) towards ZZZ2 and observed VMC conditions to the horizon. Captain asked to proceed to ZZZ2; and advised ATC that we were required to maintain VFR conditions and requested direct to ZZZ2.There were many other planes in the ZZZ vicinity; and the weather was changing rapidly and unpredictably; with runway assignments changing as well. We turned towards ZZZ2; asked for direct ZZZZZ3 on the ILS XXL approach; executed the approach and landing; and taxiied to the gate.As the PM it was my duty to accurately execute the QRH. I omitted a critical step on page X of the QRH. This would have restored the captain's instruments and allowed us to proceed to our filed destination.  I believe I followed the wrong thread; or I confused the Static Air Switch items on pages Y and X. I was task saturated with ATC; helping captain maintain a course and airspeed; and with reading the checklist. My own inexperience with the plane was a factor; as well.In the moment; the following were contributing factors (in no particular order): (1) the startle factor. I believe that the Captain thought I had disengaged the autopilot somehow. Because; very coincidentally; as I was reprogramming the arrival; his airspeed indication failed. (2) We were pre-determined to divert to ZZZ2 based on our knowledge of the incoming weather. (3) I am new to the airplane and my systems knowledge is not completely consolidated. (4) I was not assertive enough: I should have asserted that I take the controls so that the captain could review my QRH work. (5) The Airspeed Unreliable checklist is very long with many branches that require the pilot monitoring to effectively render the flying pilot as a 'single pilot'; man-handling a defective airplane with ambiguous instruments; in IMC; while the PM chases wordy and complex decision threads with many wordy notes and references to rarely used switches. (6) Our aircraft does not have AUX CADC switch(es) installed. So that portion of the checklist that refers to them is a time-consuming distraction. (7) Negative training in the sim: At my airline and at previous carriers that I recently flew at; we were never allowed to restore the inoperative system until we had executed the memory item: 4/10 degrees pitch up; 90% N1; etc. Often the exercise was terminated prior to successful restoration of the instruments; leaving me with an ambiguity as to how the situation would resolve. (8) Fatigue. We started work at XA:00 and this was 7 hours after that. (9) rapidly changing ATC instructions when we were already task saturated with maintaining the flight path and completing the QRH. (10) Weather. It appeared to be deteriorating from bad to worse. (11) This plane had autoland -MEL'd.; so we were already prepared to divert if conditions required.Suggestions: (1) Captains should delegate flying to the FO when situation awareness and systems knowledge are critical to the outcome of the flight. (2) The QRH checklists with multiple threads / decision trees should be color coded. Each thread/ branch with its own color.  Important steps should be in bold to separate them from the various notes that are relevant; but not essential to the safe outcome of the flight.Diverting to ZZZ2 was an avoidable consequence; my inexperience; combined with the other major factors noted above resulted in the diversion. On the other hand; in the moment; we justifiably concluded that it was the safest course to proceed to our filed alternate; which was not far away. I did not advocate further troubleshooting for the reasons discussed above: (1) much traffic in ZZZ airspace; (2) deteriorating weather; (3) ambiguous system failure; (4) QRH directive to maintain VMC; (5) captain's very justifiable decision to divert to our previously briefed; nearby filed alternate.(1) Instrument failure due to water in the pitot static system. (2) Incorrect application/ execution of QRH resulting in avoidable diversion. (3) Overly complex QRH procedure requiring too much attention from crew to execute correctly and in a timely manner when faced with other primary attention requirements (flight path/ weather/ ATC).",,"On descent to 10;000 feet; passing approximately 16000 ft; the F/O (First Officer) (PM) was heads down inputting our second cleared arrival for ZZZ.  The auto pilot clicked off.  The Captain (Pilot Flying) attempted to re engage the auto pilot to no avail.  It was then I noticed the IAS (airspeed comparison alert) and scanned my airspeed; the standby and the FO's airspeeds; noticing that mine was 20-25 knots slower than the other two.  The FO was done with the arrival and looking up to get situated again (he's been on the line for about X months).  I called for the Airspeed Unreliable checklist; which with everything going on he didn't hear right away.  He opened his QRH and started to go into the checklist for some of the alerts that were being displayed.  I ran the first 4 steps of the checklist (as displayed) and then again got his attention and directed him to the proper checklist.  That checklist is very convoluted just reading it in the crew room later; but with the arrival; weather; and inexperience in the plane; he missed some steps on the checklist.  One of the notes in the checklist was to if possible find VMC.  Looking east; towards our alternate of ZZZ2; it was VMC the whole way; so with the nasty weather still in ZZZ; we decided to proceed to the alternate.Somehow the Captain's pitot static system had water introduced into it which affected the system.  I've flown through heavy rain plenty of times before and not had this happen.  And we flew normally for the first 5 1/2 hours of the flight.  It was a normal descent; but somehow under that descent angle; that heavy rain; and those winds; the water got into the Captain's system.I don't know that the water in the system could have been prevented; but the mis read checklist could have been prevented by me giving the plane to the FO to fly; while I; with more experience in the plane; accomplished the checklist.",,"Air carrier flight crew reported unreliable airspeed indicator during descent in severe weather. Diverted to alternate airport in VMC and landed uneventfully.",
2029683,202308,0601-1200,ZZZ.Airport,US,,,0,,,,,,,,,Ground ZZZ,Air Carrier,A319,,2,Part 121,IFR,Passenger,,Taxi,,,,,,,,,,,,,,,,,,,,,,,,,,Parking Brake,,X,Malfunctioning,,,,,,,,,,,,,,,,,,,,,,,,,,,,,,,,,,,,Aircraft X,Flight Deck,Air Carrier,Captain; Pilot Flying,Flight Crew Instrument; Flight Crew Multiengine; Flight Crew Air Transport Pilot (ATP),,,Communication Breakdown; Troubleshooting; Situational Awareness; Fatigue,Party1 Flight Crew; Party2 Flight Crew,,2029683,,,,,,,,,,,,Aircraft Equipment Problem Critical; Deviation / Discrepancy - Procedural Published Material / Policy,,,Automation Aircraft Other Automation; Person Flight Crew,Taxi,Flight Crew Returned To Gate; General Flight Cancelled / Delayed; General Maintenance Action,Procedure; Aircraft; Human Factors,Aircraft,"Pushed out and got an ADR2 fault. Reset off gate with maintenance control. Continued taxi. Number X for Runway XXR; I set the parking brake and watched the triple indicator cycle. Looked at FO (First Officer) and felt the jet lurch forward and stop at slow speed. I check parking brake and ECAM. I then cycled the parking brake a few times and noticed that the time from my actuation of the switch to parking brake on ECAM was 8 seconds (about 4 times longer than usual). I repeated this several times and opted to return to a gate for maintenance to evaluate. I requested a tow in as I was unsure if the entire brake system was compromised and in their interest of safety went with the most conservative course of action. We blocked in and were met by three technicians and a supervisor. I was able duplicate the gripe for all of them. The jet was taken out of service.I have no theories as to why this happened. I do know that my poor night's sleep and fatigue level caused me to be slower to notice the trend in regards to a creep forward of the jet after the parking brake switch was engaged but prior to the actuators grabbing. I have filed a fatigue report as I called in fatigued after gate return.I do not have a solution or way to mitigate this type of systems failure.",,,,"Airbus 319 Captain reported a malfunction of the parking brake during taxi. The aircraft failed to stop when the parking brake was set. The Captain returned to the gate and the aircraft was taken out of service.",
2032683,202309,0601-1200,ZZZZ.Tower,FO,,,,,,Marginal,Wind,,,,,Tower ZZZZ,Air Carrier,B777-200,,4,Part 121,IFR,Passenger,,Final Approach,,,,,,,,,,,,,,,,,,,,,,,,,,Autothrottle/Speed Control,,X,Improperly Operated,,,,,,,,,,,,,,,,,,,,,,,,,,,,,,,,,,,,Aircraft X,Flight Deck,Air Carrier,First Officer; Relief Pilot,Flight Crew Instrument; Flight Crew Multiengine; Flight Crew Air Transport Pilot (ATP),,,Confusion; Communication Breakdown; Fatigue; Situational Awareness; Time Pressure,Party1 Flight Crew; Party2 Flight Crew,,2032683,Aircraft X,Flight Deck,Air Carrier,Relief Pilot; First Officer,Flight Crew Instrument; Flight Crew Air Transport Pilot (ATP); Flight Crew Multiengine,,,Fatigue; Situational Awareness; Confusion; Physiological - Other; Time Pressure; Communication Breakdown,Party1 Flight Crew; Party2 Flight Crew,,2032684,Aircraft Equipment Problem Critical; Deviation - Speed All Types; Deviation - Track / Heading All Types; Deviation / Discrepancy - Procedural Published Material / Policy; Flight Deck / Cabin / Aircraft Event Other / Unknown; Inflight Event / Encounter Unstabilized Approach,,,Person Flight Crew,In-flight,Flight Crew Executed Go Around / Missed Approach; Flight Crew Overcame Equipment Problem,Aircraft; Human Factors,Human Factors,"I was the RFO (Relief Flight Officer) in the center seat. The Captain was PF (Pilot Flying) and FO (First Officer) was PM (Pilot Monitoring). We were slightly high on base during vectors. PM stated "Captain we will need boards and flaps to get down". PF complied. We intercepted LOC and PM called it out. However; we never captured GS. As RFO I articulated "we are high; no GS" this was echoed by RFO2 stating "you're in ALT". The PM was also aware and told the Captain "if we are not going to be stable at 1k; we will need to go around." PF said "ok" and with AP (Autopilot) already off; decreased pitch slightly as an attempted capture GS. At that point no action was taken for several seconds except that slight descent and we were well above GS unable to make a safe landing (4 white PAPI and well above GS). The PM directed a go around around moments later at 1300ft. TOGA was not pushed and no words were spoken by PF. But the aircraft pitched up as Captain flying said something quietly. At this point the PM noticed the PF seemed to be low SA (Situational Awareness) after making callouts for the Captain that he missed. A moment later the FO stated "I have the aircraft" and started to execute the go around. This was the right call since we had hardly climbed and there were no commands from the Captain. I began filling in additional missed call outs as well as the FO. No thrust set call was made because TOGA had not been pushed. The FO was now doing double duty essentially. I did not see the thrust ref FMA or magenta reference on n1; so I began to fixate on the throttle position and speed. We got slow and I said "we are slow; add power." The FO turned off FDs at some point. A few seconds later RFO 2 said set climb attitude since the aircraft was now at 5NL. Next; we worked as a team to confirm heading and ALT by ATC. I noticed we were off and told FO " 20 right for heading." He has his hands full from the non standard go around; but immediately corrected the heading deviation. The Captain wanted to fly but we agreed the FO keep the aircraft and make the landing. At some point TOGA was pushed. The Captain believes he hit it at some point he admitted in debrief. I don't know when; but I believe this is what caused the 5NL attitude because of when we expected the go around and what we had set in the MCP. That is why I believe the FO had to turn off the FDs.Cause: Breakdown in crew communication (captain to FO).Solution: Brief go around procedures.",,"Captain and FO (First Officer) had the last rest. The other RFO and I swapped out with the flying crew to go change in the supernumerary at approximately top of descent; after having briefed the change over. We had loaded the ZZZZZ arrival and ILS YYR. The other RFO and I returned to the flying crew half way down the arrival. The FO mentioned a runway change back to XXL. On vectors to final and descending through approximate 8-10000; the FO verbalized to the CA (Captain) that we were high and suggest speed brakes to help descend. The CA was noticeably flustered; nervous; and seemed to shake slightly. We were at about 4;000 ft. on a base leg for about a 7-8 NM final. The CA disconnected the AP (Autopilot) and continued a descent to join final and cross the final approach fix a few hundred feet high. The vertical FMA went to ALT and the CA leveled at 1;800 ft. We were at 3 white and a red on the PAPI; but leveling at 1800 ft. resulted in the G/S indicator rapidly indicating we were again high. I announced that "we are in ALT mode and not descending". The CA again initiated a descent. The FO at that time announced "if we are not stable by 1;000 ft.; we are going around." At 1;300 ft. and still high/unstable; the FO announced "let's go around." The CA mostly leveled the airplane; but I did not notice the TO/GA button pushed and 10-15 seconds into the GA (Go Around); we were not climbing significantly. The FO was coaching the CA through GA call outs to get the aircraft flight path under control; getting flaps to 20 and calling positive rate. Without significant response by the CA; the FO declared; "I have the airplane" and took the controls. The FO had his hands full with a slow airplane from being level at 1;300 ft. The other RFO called "Push the throttle up!" The CA may have pushed the TOGA button after the FO took the controls; causing more confusion. At the same time I noticed our attitude 5 deg nose low and banked slightly left. I called "Set a climb attitude!" And the FO immediately pitched to resume a climb. The Tower assigned a climb to 4;000 ft. Our heading on departed drifted left 15-20 degree; the other RFO called this out for a correction; and the FO corrected. After stabilizing at 4;000 ft.; I called for getting the AP on and in proper FMA's; which the FO did. Approach gave us vectors for the approach. On downwind; the CA said "Okay; I'll take the airplane back." The FO stated "I think I should take this landing." The CA did not argue the point. The FO made an uneventful landing and the CA taxied back to the gate.Cause: The captain had mentioned he had not slept well on the flight and had not eaten much on the flight. It's possible that or some other medical issue could have played a factor in this crew member's breakdown in performance. He didn't seem the same as he was on departure. Solution: Good CRM can bring things back under control when things get undesirable in the flight deck. Sim training for go around at 1;000 ft. would be a huge help to the pilot group. We are most likely to GA at or above 1;000 ft. and those becoming a handful quickly.",,"Air carrier B777 flight crew reported lack of response from flying pilot on unstable approach resulted in Pilot Monitoring taking control of the aircraft for a go around and subsequent landing.",
2032850,202309,,ZZZ.TRACON,US,,,,,,VMC,,,,,,TRACON ZZZ,Air Carrier,B737 Undifferentiated or Other Model,,2,Part 121,IFR,Passenger,,Climb,,Class B ZZZ,,,,,,,,,,,,,,,,,,,,,,,,,,,,,,,,,,,,,,,,,,,,,,,,,,,,,,,,,,,,,,,Aircraft X,Flight Deck,Air Carrier,Captain; Pilot Not Flying,Flight Crew Air Transport Pilot (ATP); Flight Crew Instrument; Flight Crew Multiengine,Flight Crew Last 90 Days 170.8; Flight Crew Total 7; Flight Crew Type 1286.97,,Fatigue; Human-Machine Interface; Situational Awareness,,,2032850,,,,,,,,,,,,Deviation / Discrepancy - Procedural Published Material / Policy; Inflight Event / Encounter Loss Of Aircraft Control,,,Automation Aircraft Other Automation,In-flight,Flight Crew Regained Aircraft Control,Human Factors,Human Factors,"Bank angle. On departure out of ZZZ; Departure control gave us a right turn to heading 360 with the autopilot off. The PF banked to somewhere around 30 degrees and triggered the bank angle GPWS. The PF immediately recovered. Fatigue was a factor on the last leg of a long day.",,,,"B737 Captain reported during departure the pilot flying exceeded allowable bank angle triggering a bank angle warning. Flight crew returned to normal bank.",
2039272,202309,1201-1800,ZZZ.Airport,US,,,,,,VMC,10,,,CLR,,Tower ZZZ,Air Carrier,Regional Jet 900 (CRJ900),,2,Part 121,IFR,Passenger,,Initial Approach,Visual Approach,,,,,,,,,,,,,,,,,,,,,,,,,,,,,,,,,,,,,,,,,,,,,,,,,,,,,,,,,,,,,,,,Aircraft X,Flight Deck,Air Carrier,Captain,Flight Crew Instrument; Flight Crew Multiengine; Flight Crew Air Transport Pilot (ATP),Flight Crew Type 6000,,Communication Breakdown; Fatigue; Situational Awareness,Party1 Flight Crew; Party2 ATC,,2039272,,,,,,,,,,,,ATC Issue All Types; Deviation - Altitude Overshoot; Deviation / Discrepancy - Procedural Published Material / Policy; Inflight Event / Encounter CFTT / CFIT,,,Automation Air Traffic Control; Person Air Traffic Control,In-flight,Air Traffic Control Issued Advisory / Alert; Flight Crew Took Evasive Action,Human Factors; Procedure,Procedure,"Upon making visual contact with ZZZ airport; we were cleared for a visual approach and told to remain within 5 miles of the field. During the base leg; the aircraft altitude became less than normal; but was immediately leveled off and a normal approach and landing was made without incident. The Tower issued a low altitude alert while we were on the base leg which led me to write this report. Fatigue may have been a factor. As well since it was the fourth leg and we had earlier maintenance delays.We briefed that final would be about 7 miles but we were issued instructions to stay within 5 miles of the field. So I configured during base turn and allowed the aircraft to descend a little too early. After receipt the altitude alert from Tower; I leveled off. The airport was in sight by both pilots and we decided a safe and stable approach could be made.I should have refused the request for an early base turn; within 5 miles of the field when I had briefed a 7 mile final.",,,,"CRJ-900 Captain reported receiving a low altitude alert from ATC while conducting a visual approach. The Captain indicated the aircraft was vectored closer to the airport and upon receipt of the ATC low altitude alert; leveled the aircraft; stabilized; and landed safely.",
2043406,202310,1201-1800,ZZZ.Tower,US,,,,1900,,VMC,,,Daylight,,,Tower ZZZ,Air Carrier,Regional Jet 700 ER/LR (CRJ700),,2,Part 121,IFR,Passenger,,Initial Approach,Visual Approach,Class D ZZZ,,,,,,,,,,,,,,,,,,,,,,,,,,,,,,,,,,,,,,,,,,,,,,,,,,,,,,,,,,,,,,,Aircraft X,Flight Deck,Air Carrier,Captain; Pilot Flying,Flight Crew Air Transport Pilot (ATP); Flight Crew Multiengine; Flight Crew Instrument,,,Situational Awareness; Confusion,,,2043406,Aircraft X,Flight Deck,Air Carrier,Pilot Not Flying,Flight Crew Instrument; Flight Crew Multiengine; Flight Crew Air Transport Pilot (ATP),,,Confusion; Fatigue; Situational Awareness,,,2043267,Deviation - Altitude Overshoot; Deviation / Discrepancy - Procedural Published Material / Policy; Ground Event / Encounter Ground Equipment Issue; Inflight Event / Encounter CFTT / CFIT,,,Automation Aircraft Other Automation; Person Air Traffic Control; Person Flight Crew,In-flight,Air Traffic Control Issued Advisory / Alert; Flight Crew Requested ATC Assistance / Clarification; Flight Crew Became Reoriented,Software and Automation; Human Factors; Chart Or Publication; Procedure,Procedure,"I was the Pilot flying and this was my first time into ZZZ. We were cleared direct to ZZZZZ for the GPS XXC approach; but then when on with Tower we were cleared for the visual. Weather was VFR and wind was down the runway. We were to cross ZZZZZ1 at 3000 ft. and once captured I selected 2300 ft. We descended down to 2300 ft. by ZZZZZ1. I rolled the altitude up to 2700 ft. I saw our VNAV vertical guidance 'snow flake' start to go below us and selected VS and started a descent down. Then noticed we were not even to ZZZZZ2 yet and outside we were low. I disconnected the autopilot and shared my mental model that I had made a mistake and we were low and started to adjust the altitude back up to 2300 ft. to intercept a glide path. The tower gave us a Low Altitude Alert right at this time. We were at flaps 20 and about 180 knots; was slowing to VREF straight in speed to continue to get configured. The snow flake adjusted around this time and bounced back up above us. Cause: Poor airmanship. We were on a visual approach; but I was using guidance from the approach to help with my situational awareness. Acted without verifying the position of the aircraft and in managing the correct flight path. The 4.6 miles at 2300 ft. between two fixes is also not something you see very often. The snow flake was moving below us though and it was a muscle memory V/S and role the wheel down. Suggestions: Cross check the situation; as soon as I hit V/S; I knew it was wrong; but hesitated because of what I was seeing with the snow flake. Needed to not have pushed the V/S; unit verifying our position. I also immediately went to setting the altitude for a missed approach which cost me a few moments of time as well.",,"On approach to Runway XXC in VMC conditions we were at 2;300 ft; Pilot flying set 2500 ft. as the go around altitude. Crossing ZZZZZ1 the VNAV snowflake indicated we were high and since we were on a visual started to descend to follow it. When we got to 1900 ft the gear horn sounded and the autopilot was disconnected and we initiated a climb. ATC then advised us to check altitude at which point we returned to 2300 ft. The rest of the approach and landing was uneventful. There were several factors that contributed to the confusion of when we could descend. the first being the indication from the VNAV snowflake saying we were high. The second was a lack of ability to see the PAPI; the PAPI was very faint and we could not see it properly until a short final. The third factor was fatigue on my part; having woke up at 4am; fatigue contributed to my ability to catch we were getting too low. Even though the approach was conducted in VMC conditions; we still should follow the approach profile and altitudes; this will ensure that the aircraft is at a proper altitude for the distance away it is. Also briefing threats such as fatigue can help make both pilots aware of each others cognitive states. Briefing the approach profile can also be beneficial to make ourselves aware of different altitudes and distances from the runway",,"Air carrier flight crew reported they were on a visual approach and descended below terrain minimums. They received a low altitude alert from the Tower.",
2054827,202311,0001-0600,ZZZ.Airport,US,,,0,,,VMC,,,Daylight,,,TRACON ZZZ,Air Carrier,Regional Jet 200 ER/LR (CRJ200),,2,Part 121,IFR,Passenger,,Takeoff / Launch,,Class E ZZZ,,,,,,,,,,,,,,,,,,,,,,,,,,,,CTAF ZZZ,,Any Unknown or Unlisted Aircraft Manufacturer,,,,,,,Final Approach,,Class E ZZZ,,,,,,,,,,,,,,,,,,,,,,,,Aircraft X,Flight Deck,Air Carrier,Pilot Flying; Captain,Flight Crew Air Transport Pilot (ATP); Flight Crew Multiengine; Flight Crew Instrument,,,Time Pressure; Communication Breakdown; Situational Awareness; Troubleshooting,Party1 Flight Crew; Party2 Flight Crew,,2054827,Aircraft X,Flight Deck,Air Carrier,Pilot Not Flying; Check Pilot,Flight Crew Air Transport Pilot (ATP); Flight Crew Multiengine; Flight Crew Instrument,,,Distraction; Communication Breakdown; Situational Awareness; Time Pressure; Troubleshooting; Workload; Fatigue,Party1 Flight Crew; Party2 Flight Crew,,2054574,Conflict Ground Conflict; Critical; Deviation / Discrepancy - Procedural Published Material / Policy; Ground Incursion Runway,,,Person Flight Crew,Taxi,Flight Crew Took Evasive Action,Environment - Non Weather Related; Human Factors,Human Factors,"While holding short of the runway at an uncontrolled airport; we saw no plane on final while listing to the CTAF and monitoring the TCAS. we weren't able to identify any aircraft on short final. After making a radio call and rolling past the hold short line an aircraft made a radio call that they were executing a go around. we immediately stopped before entering the runway but were already past the hold short line. The pilot that executed the go around voiced that his radio hasn't been working great and was possible it wasn't transmitted that he was coming in to land.Cause: Inadequate communication from pilot on short final and unable to see the traffic on final before rolling past hold short line.Suggestions: ATC when issuing a clearance from a non towered airport advising any traffic that might be going into the airport to land.",,"We stopped in ZZZ for fuel and to wait for low visibility in ZZZ1 to come up before departing. We had a wheels up time from ATC we were trying to meet. One IFR Aircraft landed and ZZZ1 gave us our clearance. We broadcasted taxi/runway intentions on CTAF also while listening for ZZZ1 ATC to give the final release following the IFR landing in ZZZ. That aircraft broadcast clear of the runway the contacted ATC to close their flight. ZZZ1 then gave us the immediate departure clearance. Before take off check list was done above and below the line; a CTAF broadcast was made for Runway XX; I checked final and it appeared clear. Note; the sun was partially in our eyes looking south. I also did not notice anyone on final approach on TCAS. As we entered the runway I heard the other aircraft say they were on final. I stopped forward movement and at that time I noticed the aircraft. I was not on the runway but had crossed over the hold short line. The aircraft on approach advised they were on final and would go around. I told them via CTAF that I did not hear or see them prior to taking the runway and thanked them for their broadcast and for going around. They said they had some issues with their radio and tried com 2 after that and I could hear them. Note ATC also did not mention any other arriving aircraft to the ZZZ airport when we received our clearance. We were up very early that day for a XA:00 central time zone show time. We had deteriorating weather in ZZZ1; did a CATII; RVR dropped below mins prior to FAP (Final Approach Point) and we went missed. Held for a short time and calculated fuel while monitoring ZZZ1 weather. Diverted; sat for approximately 90 min and departed with some sense of urgency from ATC. I checked final and did not see or hear anyone on the radio; (I was also monitoring multiple frequencies) see anyone on final; see anyone on TCAS or advised by ATC of any IFR arrivals or VFR targets in the area. I probably allowed the rush of ATC for a wheels up time lure me into working items quicker than I normally do. I was also acting as a Line Check Airmen for a CRJ 200 check out. I should have focused on one frequency rather than listen to both due to a new hire pilot running the radios.",,"Air carrier pilots reported a critical ground conflict at a non-towered airport. After receiving takeoff clearance from ATC and crossing the hold line; an unseen and unheard aircraft announced a go around.",
2056687,202311,,ABQ.Airport,NM,,,900,,,VMC,Rain; Turbulence,,,,,TRACON ABQ,Air Carrier,Commercial Fixed Wing,,2,Part 121,IFR,Passenger,,Final Approach,,Class C ABQ,,,,,,,,,,,,,,,,,,,,,,,,GPWS,,X,Malfunctioning,,,,,,,,,,,,,,,,,,,,,,,,,,,,,,,,,,,,Aircraft X,Flight Deck,Air Carrier,Pilot Flying,Flight Crew Instrument; Flight Crew Multiengine; Flight Crew Air Transport Pilot (ATP),,,Fatigue; Workload,,,2056687,,,,,,,,,,,,Aircraft Equipment Problem Less Severe; Deviation - Speed All Types; Deviation / Discrepancy - Procedural Published Material / Policy; Inflight Event / Encounter CFTT / CFIT; Inflight Event / Encounter Unstabilized Approach; Inflight Event / Encounter Weather / Turbulence,,,Automation Aircraft Terrain Warning; Person Flight Crew,In-flight,Flight Crew Overcame Equipment Problem,Aircraft; Human Factors; Weather,Aircraft,"Inside the final approach point on the RNAV (RNP) Z Runway 08 at ABQ airport at approximately 900 feet AGL; the autopilot was disengaged. The crew then experienced a gust of wind that increased indicated airspeed approximately 13 knots from the target speed of 166 knots. This exceeded the 30 flap placard airspeed of 175 knots; engaging the flap load relief function. Immediately after; the GPWS warning "Too Low; Terrain" sounded but the crew was able to visually verify terrain clearance from cultural lighting; then confirmed the aircraft was on the GPS glide path as well as having a good VASI (red over white) indication. These indications remained for the duration of the approach to touchdown.  Power was reduced; the speed was brought back and the crew was able to recapture and verify stabilized approach criteria by 500 feet. The landing and ground operations were uneventful.  A maintenance entry was made for the flap over-speed. Before descent; the approach had been thoroughly briefed and Runway 8 was specifically requested since the winds were directly down the runway (winds 070/20; gust 30).  Decision points about wind shear and both ROW and ELP divert plans were briefed.  The flaps 30 setting was deliberately chosen because gusty winds were a consideration. Cause: Fatigue. ABQ; final for Runway 8 inside 1;000 feet.",,,,"Air carrier pilot reported fatigue; gusts; flap overspeed and GPWS warning resulted in a CFTT event. Pilot reported during GPWS alert all terrain in sight and aircraft on glidepath.",
2060416,202312,1801-2400,ZZZ.TRACON,US,,,,3000,,VMC,10,,Night,CLR,,TRACON ZZZ,Air Carrier,EMB ERJ 170/175 ER/LR,,2,Part 121,IFR,Passenger,Localizer/Glideslope/ILS ILS XX,Initial Approach,,Class B ZZZ,,,,,,,,,,,,,,,,,,,,,,,,,,,,,,,,,,,,,,,,,,,,,,,,,,,,,,,,,,,,,,,Aircraft X,Flight Deck,Air Carrier,Captain; Pilot Flying,Flight Crew Air Transport Pilot (ATP); Flight Crew Multiengine; Flight Crew Instrument,,,Situational Awareness; Communication Breakdown; Fatigue,Party1 Flight Crew; Party2 Flight Crew,,2060416,Aircraft X,Flight Deck,Air Carrier,First Officer; Pilot Not Flying,Flight Crew Air Transport Pilot (ATP); Flight Crew Instrument; Flight Crew Multiengine,,,Communication Breakdown; Distraction; Situational Awareness,Party1 Flight Crew; Party2 Flight Crew,,2060415,ATC Issue All Types; Deviation / Discrepancy - Procedural Published Material / Policy; Inflight Event / Encounter CFTT / CFIT; Inflight Event / Encounter Unstabilized Approach,,,Automation Aircraft Terrain Warning; Person Flight Crew,In-flight,Flight Crew FLC complied w / Automation / Advisory,Human Factors; Procedure,Procedure,"For this flight I had accepted an extension of my flight duty period since I had already timed out coming into ZZZ1 from ZZZZ. I had 14 hours of duty time already but when I accepted the extension I assess myself to see if I was fit for duty at that moment and I was feeling fine; therefore I accepted to continue and extend. Now after 2 hours and 20 mins into flight; we were Northeast of the airport on our approach to ZZZ to do the ILS XXL; we were at 3000 ft as assigned and on a heading of 220 to intercept the localizer. Since it was VMC and we had the field insight; ATC cleared us for the visual Runway XXL. The heading that it was giving to us of 220 gave a weird intercept angle right on the FAF ZZZZZ. We noticed we were going to be high by the time we were going to intercept and we were too close to the FAF; so me as the pilot flying decided to finish configuring and start my descent early to 2700 ft to comply for the FAF altitude. As we intercepted the localizer and already being fully configured; I was surprised that the GS never captured so I continued my descent thinking that I was still high and I was basically looking outside as we were in visual conditions at nighttime; but unfortunately I didn't pay close attention to my altitude. Because of this I was 150 ft lower that I should've been between ZZZZZ and the second fix ZZZZZ1 and that is why I wasn't able to capture the glide slope. Naturally; the plane noticed it; and gave us the GPWS aural "Glide slope" twice. That's when I stopped my descent and since it was visual conditions; not in IMC and was confident on my skill to correct and land safely; I stated "continuing". It was a successful landing with no damage to the aircraft or passenger/crew injuries.Suggestions: Because of how long of a day it was for me of work/duty; at the end of the flight I started to feel tired earlier than anticipated; therefore my lack of situational awareness and decision making decreased and unfortunately the event happened. What I could've done to prevent this from happening again was before accepting the extension; I should've assessed myself at that precise moment AND assessed myself on how would my body and mind feel to fly AFTER one; two; or three hours of flight time has passed. This could've possibly prevented myself to accept the Flight Duty Period (FDP) extension. Also; during the approach and after the GPWS aural came on; I should've done a go-around and try again. My First Officer should've also helped me out in monitoring my altitude and say something about it and that could've also helped prevent me going lower than I should've. I should've also looked inside more at the instruments and trust them since it was nighttime and I was more susceptible of having night optical illusions making me feel that I was higher than I was. Definitely this was a learning experience for both me and the First Officer and this will help us reduce/eliminate the risk of safety.",,"On Day 0 I was stationed as ready reserve at ZZZ1 from XA:00pm until XW:00am. At approximately XF:30pm; I was notified that I will be working Aircraft X from ZZZ1 to ZZZ. This flight was delayed prior due to a scheduling conflict. After a second crew swap; an inbound flight was assigned to fly Aircraft X. At approximately XI:40pm the flight had finally departed.During the approach phase of the flight; we transitioned from the "ZZZZZ Arrival" into the Visual Runway XXL approach. As a crew we had briefed the approach and backed up the approach with the ILS. After being vectored to a heading of 220 we were cleared for the "Visual Runway XXL". Upon initiating the turn; the approach mode button was activated. However; the initial heading directed by ATC had brought us slightly past the FAF which didn't allow the plane to capture the glide slope. Since the lower altitude was not reset; the Pilot flying (PF) had false information which caused us to trend 150 ft lower. On short final the plane received two Enhanced Ground Proximity Warning System (EGPWS) alerts. The plane landed without a non-event.Suggestions: The error that I had made as PM was that I didn't make the appropriate callouts on the Flight Mode Annunciator (FMA) at the right times. I could have lessened my distraction by staying inside and providing better guidance to my pilot flying. Ultimately; to correct this error from happening again. I should have been more alert from the altitude deviation and have been more assertive in calling out the deviation. Last but not least I could called for a go-around. From this flight; I have learned plenty lessons and have learned ways to become a better pilot monitor.",,"Embraer 175 crew reported an unstabilized approach at night with below glide slope warnings. The Captain made pitch corrections; then landed safely.",
2061250,202312,,ZZZZ.Airport,FO,,,0,,,,Snow,Temperature - Extreme,Dawn,,,Ramp ZZZZ,Air Carrier,Commercial Fixed Wing,,2,Part 121,IFR,Passenger,,Parked; Taxi,,,,,,,,,,,,,,,,,,,,,,,,,,Turbine Engine,,X,Malfunctioning,,,,,,,,,,,,,,,,,,,,,,,,,,,,,,,,,,,,Aircraft X,Flight Deck,Air Carrier,Pilot Flying,Flight Crew Air Transport Pilot (ATP); Flight Crew Instrument; Flight Crew Multiengine,,,Fatigue; Confusion; Situational Awareness; Workload; Time Pressure,,,2061250,,,,,,,,,,,,Aircraft Equipment Problem Less Severe; Deviation / Discrepancy - Procedural Published Material / Policy; Ground Event / Encounter Ground Equipment Issue; Ground Event / Encounter Loss Of Aircraft Control; Ground Event / Encounter Vehicle; Ground Event / Encounter Weather / Turbulence,,,Person Flight Crew,Aircraft In Service At Gate; Taxi,General Flight Cancelled / Delayed,Aircraft; Human Factors; Weather,Weather,"Prior to this event; operations were normal and rest was managed well on this trip pairing. Today we experienced problem after problem that constantly developed threats that we had to tirelessly mitigate; which caused a great amount of mental exhaustion along with physical. I started the day at XA00 local time to be report for our XB04 local time transport to the airport. While completing my preflight duties; I observed zero items with the aircraft logbook that were of concern or could cause a delay. Upon reaching [the] departure gate; the Gate Agent stated something completely out of the ordinary; which put the Captain and I on alert. The Gate Agent stated "you should do a thorough walk-around because the previous crew from the night before reported a hard landing." I was confused as to why we were hearing this from a Customer Service Representative. Regardless; there was nothing in the logbook; but given the report we had to investigate by contacting Maintenance that then required a maintenance inspection. This station utilizes contract maintenance that is only available after XC00 local time. Due to the snow storm that ZZZZ was experiencing that reported it would take about 30 minutes for contract maintenance to reach our aircraft. Just this started our delay. Upon reaching the aircraft visually; I observed that the flaps were left extended overnight; all tires appeared to have low tire pressure; one of our hydraulics quantities was at Refill (RF); both engines had multiple inches of snow and ice blocking the intakes; as well as both N1 fans being frozen completely and unable to move. While experiencing coordinating more maintenance this required multiple trips to and from the flight deck to the outside of the aircraft in sub-zero temperatures; falling snow; and a snow covered icy ramp. After waiting over 1.5 hours; maintenance was complete; then it took an additional 30 minutes roughly to obtain our Maintenance Release. After this; we were ready to push; but the ground had left and there was not a tug connected to the aircraft that caused even further delay. After some time; we acquired a push that was only able to push about 3/4 of the way due to the tug slipping with the aircraft connected. We set the parking brake as instructed and completed the push in the position we stopped in. Both engines were then started and given the snow storm conditions; the de ice pad became full which caused us to wait even longer. All of the constant changes and trapping of potential threats was becoming mentally fatiguing. Finally; we were cleared to the de ice pad and expected to then make a normal departure. Towards the end of the final application of anti-ice fluid; ground personnel called us to notify that one of their trucks slowly collided with the aircraft. Due to this; we had to return to the gate for another maintenance inspection. Now we hit the Long Tarmac Delay point; required more fuel; and the Ground Crew took a while to direct us into the gate. At this point; multiple hours had elapsed with high workload. We prepared the aircraft again; pushed back and the tug had to stop again due to braking action. After starting both engines; with the parking brake set; we began to slide on the apron. Due to this; we shut down in position and waited about 20 minutes for snow removal equipment to clear a safe path for us to then taxi to de-ice that added even more time to the multi hour delay. Following this we made a slow taxi across the airport and made a normal departure and operated the flight to ZZZ. By the end of all of this it was my best judgment to call fatigued due to the multiple hours at a high workload.",,,,"Air carrier pilot reported during push back the tug slid temporarily out of control on an icy ramp. Later on at the deicer pad a deicing truck collided with the aircraft.",
2069056,202401,0601-1200,ZZZ.Airport,US,,,,,,,,,,,,TRACON ZZZ,Air Carrier,Regional Jet 900 (CRJ900),,2,Part 121,,Passenger,,Initial Approach,,Class B ZZZ,,,,,,,,,,,,,,,,,,,,,,,,,,,,,,,,,,,,,,,,,,,,,,,,,,,,,,,,,,,,,,,Aircraft X,Flight Deck,Air Carrier,Captain; Pilot Not Flying,Flight Crew Multiengine; Flight Crew Instrument; Flight Crew Air Transport Pilot (ATP),Flight Crew Type 1700,,Workload; Time Pressure; Fatigue; Situational Awareness,,,2069056,,,,,,,,,,,,Deviation - Track / Heading All Types; Deviation / Discrepancy - Procedural Published Material / Policy; Inflight Event / Encounter CFTT / CFIT; Inflight Event / Encounter Unstabilized Approach,,,Automation Aircraft Terrain Warning; Person Flight Crew; Person Air Traffic Control,In-flight,Flight Crew Returned To Clearance; Flight Crew Became Reoriented; Flight Crew FLC complied w / Automation / Advisory,Human Factors,Human Factors,"On flight from ZZZ1 to ZZZ; I was pilot monitoring and the First Officer was pilot flying. The flight went well until the approach. We flew the ZZZZZ arrival with transition to XXL. The weather was perfect. We had flaps set to 20 and ZZZ gave us a left turn for a base. He finished configuring; and I recall telling him to be careful with his airspeed; as he slowed down; he set REF+5 a bit early. ATC asked if we had the airport in sight and we did. They cleared us to turn left to a certain heading and cleared us for the visual approach. We were at 3000ft and close to ZZZZZ1. I saw the glide slope go by and we were too high. Things went extremely fast and a lot was going on; I cannot remember very much of what happened in what order. But because he was high; I told the First Officer "I recommend you hand-fly; we are high"; so he did. He disconnected the autopilot and flew manually. He might have been in a bit of a turn from the final intercept heading; I am not sure. To avoid him descending too fast; I gave him VS 1000 fpm since we were inside the FAF. Between that and switching to tower/running landing checklist; I was heads down. I looked up and all of a sudden see that he's about to line up with XXR instead of XXL. I told him that; and he was a bit slow to correct; so I momentarily grabbed the yoke and encouraged the left turn. He corrected. Between focusing on the runway alignment outside and still trying to run the checklist; check in with tower; I did not notice he was getting low. We got the "glide slope" aural warning and he corrected. Then ATC also gave us a "low altitude alert" a little bit later; as we were correcting altitude. This all happened very quickly; because I remember being back on glide slope and all being normal between 700 and 500ft AGL. It is beyond me why I did not call for a go-around. It all went so fast; so much happened in such a short amount of time; I don't remember at what altitudes things happened. Our day started really poorly; with a late inbound and isle chair waiting to deplane. We had to move quickly; I tried to slow things down; not to feel rushed. But quickly; I felt pressure to move faster after push; for an inbound mainline that we were blocking. I think it kind of set the tone for the rest of the turn. On another note; I keep getting switched from late nights to early mornings back and forth; and having started very early; my focus was probably not the best. I should have been paying more attention during the localizer capture moment; and when things went wrong; I should have either called for a go-around or taken the controls. We debriefed it once at the gate. I should have asked for a go around. I think I got caught in the moment. I normally have no issues calling for one or executing one. I could have also taken control of the aircraft and done the go-around myself; when I noticed the wrong runway alignment or the glide slope.",,,,"Air carrier Captain reported low altitude alert on approach. Flight crew corrected and continued approach.",
2073810,202401,1801-2400,ZZZ.Airport,US,,,0,,,,,Temperature - Extreme,,,,,Air Carrier,Commercial Fixed Wing,,,Part 121,,Passenger,,Parked,,,,,,,Scheduled Maintenance,,,,,,,,,,,,,,,,,,,Generator Drive,,X,Failed; Improperly Operated,,,,,,,,,,,,,,,,,,,,,,,,,,,,,,,,,,,,Hangar / Base,,Air Carrier,Technician,Maintenance Powerplant; Maintenance Airframe,,,Situational Awareness; Training / Qualification; Physiological - Other,,,2073810,Hangar / Base,,Air Carrier,Technician,Maintenance Airframe; Maintenance Powerplant,,,Situational Awareness; Physiological - Other; Fatigue,,,2073807,Aircraft Equipment Problem Critical; Deviation / Discrepancy - Procedural Maintenance; Deviation / Discrepancy - Procedural Published Material / Policy,,,,Aircraft In Service At Gate,Aircraft Aircraft Damaged,Aircraft; Human Factors; Procedure; Weather,Human Factors,"On Day 0 I was assigned a PS check on Aircraft X. Part of my task was to check and service both engine IDG's. They were both found low so I serviced as required per the Aircraft Maintenance Manual. I grabbed the oil bowser and completed the task while fighting the cold weather of -30 windchill. I had co-worker  assist me in opening engine cowls as well as pumping the bowser a few times as I warmed my hands. I was made aware on Day 1 that the aircraft had both IDG's overheat and fail at ZZZ. Maintenance at ZZZ also reported the oil having a redish color to it.",,"On 3rd shift of the Day 1; I assisted in the servicing of IDGs on Aircraft X by holding open the engine cowling and pumping the bowser a few times after the other mechanic's hands froze. Maintenance was performed outside in harsh weather conditions (-30F wind chill).",,"Aircraft technician reported using incorrect lubricating oil when servicing IDG's.",
2076359,202401,0001-0600,DCA.Airport,DC,,,,800,,IMC,Cloudy,,,,,Tower DCA,Air Carrier,Commercial Fixed Wing,,2,Part 121,IFR,Passenger,Localizer/Glideslope/ILS LDA Z,Initial Approach,,Class B DCA,,,,,,,,,,,,,,,,,,,,,,,,,,,,,,,,,,,,,,,,,,,,,,,,,,,,,,,,,,,,,,,Aircraft X,Flight Deck,Air Carrier,Pilot Not Flying; Captain,Flight Crew Multiengine; Flight Crew Instrument; Flight Crew Air Transport Pilot (ATP),Flight Crew Type 1500,,Distraction; Human-Machine Interface; Situational Awareness; Workload; Fatigue,,,2076359,Aircraft X,Flight Deck,Air Carrier,First Officer; Pilot Flying,Flight Crew Multiengine; Flight Crew Instrument; Flight Crew Air Transport Pilot (ATP),Flight Crew Type 600,,Situational Awareness,,,2076360,Deviation - Altitude Crossing Restriction Not Met; Deviation - Track / Heading All Types; Inflight Event / Encounter CFTT / CFIT; Inflight Event / Encounter Weather / Turbulence,,,Automation Air Traffic Control; Automation Aircraft Terrain Warning,In-flight,Flight Crew Took Evasive Action; Flight Crew FLC complied w / Automation / Advisory,Human Factors; Environment - Non Weather Related,Ambiguous,"On the approach into DCA we received a ' Caution obstacle' aural. The visibility was improving  from 1/4NM  to 7; but the ceiling was still  BKN 00 according to the ATIS; which required the use of the LDA Z. FO (First Officer) was flying and briefed the approach; during the briefing we set 720 as the MDA; unfortunately I did not verify this as I was task saturated due to the early morning; fatigue; a significant tail wind and some late approach briefing.  Once cleared for the approach we were given direct to FERGI; 3K until established cleared for the LDA.  During the approach we had a significant x-wind of roughly 47 knots from the right; roughly 180; which put us left of the 147 degree approach course. I noticed that we were quite far to the left of course and was focused on correcting this. FO switched to white needles to try and get the auto pilot to recapture the Localizer course which helped a bit; but I felt that we were still too far left of course and in danger of encroaching on PLVIA. FO started descending just after FERGI and was using the direct intercept page as his vertical guidance. Unfortunately a combination of task saturation; my target fixation and lack of situational awareness lead to us being right around 800 ft right over WEVPU. We broke out at roughly 1000 ft which is when I saw the buildings we were descending near. Once I heard the aural as well as the tower's advisory;  I asked the FO to turn off the auto pilot and start following the river so as to avoid any further conflict; we had the runway and PAPIs in sight at this time. We continued following the river and landed without further incident.  Cause: This was a combination of situational awareness; task saturation; fatigue and target fixation. The low Ceilings were a concern and I was fixated on the thought that we were going to have to go around or divert to ZZZ. Once we got to the approach I was further fixated on the fact that the plane was not following the localizer course very accurately and in fact putting us in line with a restricted area.  I have been crediting an average of 100 hrs a month and can certainly feel the fatigue; the early morning combined with my commute further exacerbates this issue.  Suggestion: More details for this approach in the company pages would be very helpful. Due to a lack of glide-slope as well as the runway not on the approach a procedure to set the field altitude; much like a localizer approach; would be helpful. I debriefed with the FO how we needed to utilize the special procedures manual for an approach such as this; which we do very infrequently.",,"We followed the LDA Z 19 in DCA and received an obstacle alert. We set 800 ft and the autopilot followed the vertical speed set by the PF to comply with the altitude restrictions set forth in the procedure. Just before leveling off at 800 ft the aircraft issued an obstacle alert. The autopilot leveled at 800 ft and the PF disengaged the autopilot; turned away from the building; and followed the river to land uneventfully from a stabilized descent.Cause: The procedure has us descend directly toward a building on the approach course. The altitude selection is to be set at 800 ft and the building has a height of 470 ft.",,"Air carrier flight crew reported receiving an aural alert tower advisory for an obstacle during approach in IMC. Flight crew entered visual conditions and continued to a landing.",
2076486,202401,1801-2400,ZZZ.Airport,US,,,,1700,,VMC,,,Night,,,TRACON ZZZ,Air Carrier,EMB ERJ 170/175 ER/LR,,2,Part 121,IFR,Passenger,,Initial Approach,,Class C ZZZ,,,,,,,,,,,,,,,,,,,,,,,,,,,,,,,,,,,,,,,,,,,,,,,,,,,,,,,,,,,,,,,Aircraft X,Flight Deck,Air Carrier,Pilot Not Flying; First Officer,Flight Crew Air Transport Pilot (ATP); Flight Crew Instrument; Flight Crew Multiengine,,,Workload; Human-Machine Interface; Fatigue; Distraction; Confusion; Situational Awareness,,,2076486,Aircraft X,Flight Deck,Air Carrier,Pilot Flying; Captain,Flight Crew Instrument; Flight Crew Air Transport Pilot (ATP); Flight Crew Multiengine,,,Fatigue; Situational Awareness; Human-Machine Interface,,,2076487,Deviation - Altitude Overshoot; Deviation - Altitude Crossing Restriction Not Met; Deviation / Discrepancy - Procedural Clearance; Deviation / Discrepancy - Procedural Published Material / Policy; Inflight Event / Encounter CFTT / CFIT,,,Person Air Traffic Control,In-flight,Air Traffic Control Provided Assistance; Air Traffic Control Issued New Clearance; Flight Crew Became Reoriented; Flight Crew FLC complied w / Automation / Advisory; Flight Crew Requested ATC Assistance / Clarification,Chart Or Publication; Software and Automation; Human Factors; Procedure,Human Factors,"Cleared for the RNAV [Runway] XX cross ZZZZZ (IAF) at 2000 ft. Captain set the altitude bug to 100 ft. and descended in green FLCH with GP armed. We both thought that VNAV was armed and missed the fact that the vertical mode was green. We descended below 2000 ft. to 1700 ft. and quickly corrected back up to 2000 ft. The Captain began correcting when Tower gave us a low altitude warning. Landed uneventfully afterwards. At the time I was focused on ensuring we had the correct approach loaded; as ATC gave us a different IAF that made us reprogram the approach. I should have verified the FMA was set correctly once the FMS was fixed. Being tired after a 12 hour 4 leg day with thunderstorms and a delay was a factor in why this slip up occurred.",,"Cleared for RNAV [Runway] XX. LNAV engaged; APP armed. Altitude selected to minimums (first mistake). We were in green FLCH when I thought I had engaged VNAV which would have caught our final altitude of 2000 ft. (second mistake). Since we weren't in VNAV the aircraft descended below 2000 ft. We arrested the descent at 1700 ft. and immediately corrected back to 2000 ft. about the time we received a low altitude warning from Tower. After correcting we landed without incident. These mistakes on my part were due entirely to the fact that I was tired after almost 12 hours of duty; four legs of flying; dealing with thunderstorms and other issues. I was not as sharp as I needed to be.",,"An Air Carrier Flight Crew reported they descended below glide path on approach and received a low altitude warning from ATC.",
2078444,202309,1801-2400,ZZZ.Airport,US,,,,400,,,Icing,,Night,,,Tower ZZZ,Air Carrier,EMB ERJ 170/175 ER/LR,,2,Part 121,IFR,Passenger,FMS Or FMC; GPS,Climb,SID ZZZZZ,Class B ZZZ,,,,,,,,,,,,,,,,,,,,,,,,,,,,,,,,,,,,,,,,,,,,,,,,,,,,,,,,,,,,,,,Aircraft X,Flight Deck,Air Carrier,First Officer; Pilot Flying,Flight Crew Multiengine; Flight Crew Instrument; Flight Crew Air Transport Pilot (ATP),,,Workload; Fatigue; Distraction; Communication Breakdown; Time Pressure,Party1 Flight Crew; Party2 Flight Crew,,2078444,Aircraft X,Flight Deck,Air Carrier,Captain; Pilot Not Flying,Flight Crew Air Transport Pilot (ATP); Flight Crew Instrument; Flight Crew Multiengine,,,Time Pressure; Workload; Troubleshooting; Situational Awareness; Physiological - Other; Fatigue; Communication Breakdown; Distraction,Party1 Flight Crew; Party2 Flight Crew,,2078471,Deviation - Track / Heading All Types; Deviation / Discrepancy - Procedural Clearance; Deviation / Discrepancy - Procedural Published Material / Policy; Flight Deck / Cabin / Aircraft Event Other / Unknown; Inflight Event / Encounter CFTT / CFIT,,,Automation Aircraft Terrain Warning; Person Flight Crew,In-flight,Air Traffic Control Issued New Clearance; Air Traffic Control Provided Assistance; Flight Crew Overrode Automation; Flight Crew Became Reoriented; Flight Crew Requested ATC Assistance / Clarification,Human Factors,Human Factors,"It was the go home leg of a three day trip. I was PF and originally entered the flight plan departing runway XXR and the ZZZZZ departure. As we taxied to the runway we were cleared to runway XXL instead as a new ATIS was released and construction work began on XXR. While the CA taxied I updated the departure to runway XXL; but in a rush to reset the flight plan I did not re-enter the ZZZZZ RNAV SID. Once reaching XXL we were cleared for takeoff.  On climb out I called FMS NAV at 400 feet and instead of indicating a left turn to 139 degrees the flight director started indicated a right turn direct towards ZZZZZ intersection farther along our cleared route. As the FD started indicating the right turn we had a brief terrain caution alert and we realized our mistake. The CA advised ATC immediately and they gave us a vector to correct the situation. Fortunately there was no conflicting traffic; we were light and had setup a no flex takeoff making for a rapid climb.Suggestions: Don't ever let yourself feel rushed. Always confirm your flight partner acknowledges changes made in the MCDU. Don't be afraid to call out fatigued.",,"Departing ZZZ at night; we expected [Runway] XXR for departure; but on taxi out changed to XXL because of construction. I was taxiing and heads up because of the multiple runway crossings while FO changed the runway in the MCDU. I saw XXL as the runway but did not check to see that the SID was still there. It must not have been inputted again. We ran the change items and were ready to line up and wait immediately. During takeoff I was pilot monitoring. The FO called "FMS NAV" at the appropriate time and I selected NAV; however the SID (ZZZZZ off XXL) was not in the box. It should have been a left turn but our course was pointed towards ZZZZZ which was right. The FO began I right turn. I realized something was wrong but not what. I said fly straight and then turn left while I was trying to put the ZZZZZ [SID] in the box. I then checked on with departure and told them we made a mistake but were in a left turn. They gave us a 090 heading to fly and then direct to ZZZZZ1. ATC asked us if we needed assistance. I explained that the SID dropped out and we turned the wrong way. At some point during the confusion we got a GPWS terrain caution "terrain terrain" along with a "appch 2 not avail" EICAS message. It stopped before we could respond; I think as we were turning back left. I don't know how close we were to buildings or terrain. The flight continued without further incident.I need to make sure during a runway change on taxi out that the SID is still entered in the mcdu. It is easy to forget to input again when changing runways; and easy to forget to verify when I'm busy taxiing. Contributing to this was my fatigue. The night before I was reassigned to a deadhead that arrived in ZZZ1 at XA:30AM. I was sent to 2 different hotels that did not actually have rooms for me; then scheduling told me to take a rideshare to a hotel 25 minutes away and that I had to put it on my own credit card. I did not get into bed until after XD:30AM. I thought I got enough rest but I was most likely stressed and fatigued. In hindsight it might have been prudent for me to call in fatigued.",,"Air carrier pilot crew reported a track deviation; clearance deviation; caution terrain warning and improper loading of the SID in the FMC. The pilots both reported several runway changes and fatigue as contributing.",
2078449,202309,0001-0600,CLE.Airport,OH,,,,400,,VMC,,,Night,CLR,,Tower CLE,Air Carrier,Commercial Fixed Wing,,2,Part 121,IFR,Passenger,,Initial Approach,Visual Approach,,,,,,,,,,,,,,,,,,,,,,,,,,,,,,,,,,,,,,,,,,,,,,,,,,,,,,,,,,,,,,,,Aircraft X,Flight Deck,Air Carrier,First Officer; Pilot Not Flying,Flight Crew Multiengine; Flight Crew Instrument; Flight Crew Air Transport Pilot (ATP),,,Situational Awareness; Communication Breakdown; Fatigue,Party1 Flight Crew; Party2 Flight Crew,,2078449,Aircraft X,Flight Deck,Air Carrier,Pilot Flying; Instructor,Flight Crew Multiengine; Flight Crew Air Transport Pilot (ATP); Flight Crew Instrument,,,Situational Awareness; Communication Breakdown; Fatigue,Party1 Flight Crew; Party2 Flight Crew,,2078469,Deviation / Discrepancy - Procedural Published Material / Policy; Inflight Event / Encounter Unstabilized Approach; Inflight Event / Encounter CFTT / CFIT,,,Automation Aircraft Other Automation; Person Flight Crew,In-flight,Flight Crew Took Evasive Action,Chart Or Publication; Software and Automation; Procedure; Human Factors; Environment - Non Weather Related,Procedure,"After a long day of delays into and out of ZZZ; we were on approach at approximately XA00am for runway 6L into CLE. PIC was PF and I was PM. PF loaded and briefed the ILS 6L. I recall when PF briefed company page taking note of the second caution about unusually low fix altitudes as he read it as I had never seen that before. This was my first flight into CLE with about 160 hours in the plane mostly in the northeast.About 20 nm east of the field approach cleared us for the visual approach to 6L. PF turned us onto a downwind and continued a descent to 3000 that had been previously set from a clearance. He activated vectors to final and began calling for flaps 1; then flaps 2. PF turned right base and in the turn bugged 2000 for the FAF BOEEE and began a descent in FLCH while calling for flaps 3. While manipulating the flaps approach handed me off to tower and I made the appropriate radio calls. While talking to ATC; I believe the combination of the moment resulting from the flaps 3 change while FLCH descent was beginning led to more of a descent rate than expected. PF noticed this; and I believe selected FPA (Flight Path Angle) to adjust descent but the combination of descent rate and proximity to a tower led to an obstacle alert. There are numerous towers around that area. Looking at the track; we were actually on track to intercept around FUZED which has a segment leading up to it with an MSA of 3800 ft. and after a segment with MSA of 2900 ft. due to a tower around FUZED at 1649 ft. which is likely the tower eliciting the caution. I don't think either of us realized we were that far out due to the FMS having vectors to final loaded and degradation in our situational awareness.Once I audibly called "tower straight ahead" and pointed PF disconnected autopilot; reduced the descent rate; leveled off around 2300-2400; and turned further right away from the tower and to intercept final approach course while calling for gear down; flaps 5; speed Vapp; and landing checklist. Tower also at that time offered 6R instead of 6L and PF requested we accept. I queried if PF wanted me to load anything in and he said he was okay to fly visual.As we approached final approach course I confirmed he was landing on 6R as I was concerned workload and lack of an approach could lead to further problems. He confirmed; and then asked me to load it in for him which I quickly did for lateral and vertical guidance. We were initially around I think a 1 1/4 dots low on GS once loaded in and upon looking outside had I believe 3 red on the VGSI. I called out "low" and PF responded "correcting;" and quickly did so requiring no further action. We were configured at 1000 ft. and stable at 500 ft. without any excessive inputs but due to task saturation of loading the approach late I was distracted and missed the 1000 ft. call out and I think due to fatigue made the 500 ft. stable call out late (~400) but was monitoring the approach closely at that point as I recognized our slips in situational awareness on the approach and was ready to call go around if PF had not corrected and maintained lateral and vertical guidance.Suggestions: I need to constantly be vigilant assessing my fitness for duty and not allow external factors to impact my decision. Again; I did think I was FFD (fit for duty) at outset; but in hindsight maybe I wasn't. I am still learning at what point I need to call it.I need to grow in my confidence in speaking up; and challenge any decisions being made or actions requested of me that I think increase risk.I need to be more vigilant reviewing approach charts at unfamiliar airports; and take more time to understand why for example a caution note may be in the company pages. While the caution didn't directly speak to this situation; it could have clued me into looking more closely.Operations might consider adding to the caution note something regarding multiple intermediate segments in unusually close proximity to FAF with significantlyhigher MSAs due to towers in the area.Scheduling might consider the long-term ramifications of excessive hold times and issues with hotels; and implementing alternate strategies to ensure lower wait times and better assistance to crews during IROPS (Irregular Operations). Again; my responsibility to assess FFD and not let this influence me; but can still subconsciously impact decision making I think.",,"It was XA00 am and we were on approach into Cleveland cleared visual 6L. We were pretty tired due to the delays and both the FO (First Officer) and I agreed we were tired but focused on the approach. We were on a base to final turn just outside the final approach fix. When we received our visual clearance; we were at 3000 ft. The chart page states that we needed to configure early due to the low terrain. We were at flaps 2 at started descending 2000 ft. As stated we were outside the final approach fix which is at 2000 ft. I selected flaps 3 gear down. At this time the plane started to descend pretty steeply. I TCS'd it and increased power while trying to select altitude to level off. That is when we got a prox terrain caution. I immediately kicked off the autopilot and leveled off and increased power. There didn't seem to be a tower or anything out there that triggered it but we leveled off. ATC didn't say anything either. We think it had to do with the excessive descent rate that triggered the caution as the plane started a pretty steep descent. We continued the approach and received a side step to 6R. The flight concluded without any issues. Looking back the fix before the final showed 2300 ft. We were an out 2500 ft when the caution went off.Looking back; we could have stayed higher on the approach; however I was focused on configuring and making sure we were stable as it was a tight intercept. Fatigue was definitely a large factor to this. As stated we fixed the issue and maintained a safe and stable approach. Next time I will configure once we're established on the  approach.",,"Air carrier flight crew reported a terrain obstacle alert while descending on the initial approach at night on a visual approach. The crew leveled out; then stabilized late on the approach; and continued the visual approach to landing.",
2082209,202402,1201-1800,LAX.Airport,CA,,,0,,,,,,,,,Tower LAX,Air Carrier,Commercial Fixed Wing,,2,Part 121,IFR,Passenger,,Taxi,,,,,,,,,,,,,,,,,,,,,,,,,,,,,,,,,,,,,,,,,,,,,,,,,,,,,,,,,,,,,,,,,Aircraft X,Flight Deck,Air Carrier,Pilot Not Flying; First Officer,Flight Crew Multiengine; Flight Crew Instrument; Flight Crew Air Transport Pilot (ATP),,,Workload; Situational Awareness; Confusion,,,2082209,Aircraft X,Flight Deck,Air Carrier,Pilot Flying; Captain,Flight Crew Multiengine; Flight Crew Instrument; Flight Crew Air Transport Pilot (ATP),,,Situational Awareness; Fatigue,,,2085378,Ground Event / Encounter Weather / Turbulence; Ground Excursion Taxiway,,,Person Flight Crew,Taxi,Flight Crew Became Reoriented,Airport; Human Factors; Weather,Airport,"We began taxiing from lane X of the ramp to Runway 25R with a clearance of [lane] X with a left turn on Taxiway B. The route had our cross over a parallel taxiway and a service vehicle road before turning left on Taxiway B. This is the route we expected to be issued in our departure briefing. I was the First Officer and was clearing the right of the aircraft of any other aircraft and service vehicles from the very busy service road between the parallel taxiways. Additionally; it was dark and moderately raining. The Captain turned left onto Taxiway B and stated that he believed that he thought he hit a taxiway edge light with the left main landing gear. The rate of turn was equal or less than 5 knots and we did not go off the surface from my perspective. I immediately asked the Captain if he wanted me to contact Ground Control to verify the condition of the light and return to the gate to have the aircraft inspected by Maintenance. We returned to our original gate and contacted Maintenance; Dispatch; and company. We received information the LAX Airport Operations did not report any damage to the taxiway lighting system and that maintenance did not find any damage to the aircraft. Operations cleared us to take another aircraft to our destination and we continued to our destination without any issues. I believe that the lack of green taxi centerline lights and poor centerline reflectivity while at night in the rain contributed to the event. We had briefed the taxi and the threat of the weather in our departure briefing. I remained heads-up with my taxi diagram and AMM (Airport Moving Map) visible while clearing the right side of the aircraft. LAX Operations need to improve centerline reflectivity and install green centerline lights on the east side of B Taxiway. On the west side of B Taxiway green taxiway centerline lights are installed and it is apparent where the centerline is. Additionally; the vehicle traffic that runs between the two parallel taxiways is a threat since they do not respect the right away of aircraft.",,"While taxiing from the ramp taxilane making a left turn to Taxiway B. It was at night and was raining after passing the service vehicle road. I started my left turn; but I made it to sharp as not the cross over the wigwag lights at the high speed Taxiway B7. I believed I had taxied over a taxiway light of the left hand side of the aircraft. I stated what I thought I had done and informed my First Officer; and she reported it to ATC. We informed the company and returned to the gate to have the aircraft inspected for damage. Upon arrival at gate and with Maintenance Personnel we inspected the nose wheel area; the left engine; and the left main gear. No damage or indication taxiway light debris was present. LAX Ground Operations inspected the taxiway area of the taxilane and Taxiway B and found no damage of any taxiway lights. Maintenance needed to do more inspections of the wheels on left main gear; and found no damage to aircraft; or tires. I was given a new airplane and continued the mission and flew to ZZZ.Cause: Night time operations with rain covered pavement. Poor lighting on taxiway (no green centerline taxi lights) as Taxiway B has later on the way to Runway 25R. Glare from service vehicles stopped waiting to proceed on service road. We were delayed on the last leg of a 4 day trip; so fatigue was also a factor.Suggestions: Taxiway centerline lighting on all of Taxiway B; being that it is very close to Runway 25R.",,"Air carrier flight crew reported a taxiway excursion from Taxiway B at LAX at night in the rain. Reportedly; a lack of green taxi centerline lights and poor centerline reflectivity contributed to the event.",
2083422,202402,1201-1800,ZZZZ.ARTCC,FO,,,,,,VMC,,,,,,Center ZZZZ,Air Carrier,B777-200,,2,Part 121,IFR,Cargo / Freight / Delivery,,Cruise,Vectors,,,,,,,,,,,,,,,,,,,,,,,,,Communication Systems,,X,Failed,,,,,,,,,,,,,,,,,,,,,,,,,,,,,,,,,,,,Aircraft X,Flight Deck,Air Carrier,First Officer; Pilot Flying,Flight Crew Multiengine; Flight Crew Air Transport Pilot (ATP); Flight Crew Instrument,,,Workload; Time Pressure; Human-Machine Interface; Fatigue; Communication Breakdown; Troubleshooting,Party1 Flight Crew; Party2 Other,,2083422,Company,,Air Carrier,Dispatcher,,,,,,,2083426,Aircraft Equipment Problem Critical,,,Automation Aircraft Other Automation; Person Flight Crew,In-flight,Flight Crew Diverted; Flight Crew Landed in Emergency Condition; General Maintenance Action,Aircraft,Aircraft,"Aircraft X ZZZZ divert sequence of events: XA:16 block out; XA:32 takeoff; XD:38 oil quantity notification. Oil pressure deteriorated over 30 - 40 minutes. XE:38 approximate fuel jettison. XF:16 block in at ZZZZ.Captain's leg from ZZZZ1 to ZZZZ2. At about XD:38; the secondary engine display popped up on the MFD (Multi-function Flight Display). I first noticed that the right oil quantity was highlighted in a white box showing 3 while the left engine oil quantity showed 18. Oil temp and oil pressure were normal at this time. The crew discussed that this may be a sensor issue with no secondary indications and that we should call Maintenance Control. The crew attempted to make multiple satellite calls. None of the SATCOM calls would go through. Each time the display would read SAT-1 /2 FAIL: CONNECTION. We did not get any EICAS for SATVOICE LOST on any of the attempted SATCOM calls.While the crew monitored the secondary engine display indications; right oil quantity continued to drop to 0. About 5 minutes after secondary engine display right oil quantity displayed 0; right engine oil pressure started decreasing. First indication; was the right engine oil pressure was 57 psi; while left engine oil pressure was 69 psi. The crew continued to try SATCOM calls to Dispatch and Maintenance Control while they tried to troubleshoot SATCOM with no indication of a malfunction displayed in the EICAS. The crew considered making a phone patch to Dispatch; but the crew could not find HF coverage of this area in the FOM.The crew started discussing divert options in this area. At this point the aircraft was approaching ZZZZ from the southeast. We had just passed a few countries; both which were declined by the crew as good options for a divert. We discussed pressing across [a body of water] to reach a more suitable divert closer to our destination with better security outlook; but with the engine oil pressure decreasing; we felt it was not the best option. We discussed possibly holding over ZZZZ. The crew also identified the potential requirement to jettison gas to normal landing weight prior to a divert into ZZZZ. The crew opened the Loss of Oil Pressure Right Non-normal Checklist to review it in case we had to perform a precautionary shutdown. In an attempt to maintain the right engine oil pressure as long as possible; the Captain elected to exercise Captain's authority and disconnected the right autothrottle and slightly reduced the power to see if the right engine oil pressure would stabilize and stop decreasing. The right engine oil pressure continued to decrease over a period of approximately 30 minutes from 57 psi to 52 psi to 44 psi to 40 psi to 34 psi to 25 psi to 19 psi. Each time the oil pressure would decrease; then stabilize and increase slightly for a couple minutes; then it would decrease again.The crew directed the Jumpseat Loadmaster to the back of the airplane to visually inspect the engine nacelle for visual evidence of the leak. He was not able to visually confirm evidence of an engine oil leak on the right engine. The Captain transferred aircraft control to me while she troubleshot the SATCOM radios; looked for HF phone patch options; and conducted the radio relay with Aircraft Y. After the crew attempted several more SATCOM calls; the crew contacted Aircraft Y that was slightly ahead of us on a similar route to request a relay to Dispatch via their SATCOM. Aircraft Y relayed our situation of loss of engine oil quantity and decreasing engine oil pressure on the right engine; and intentions to likely divert into ZZZZ to Dispatch; and solicited Dispatch recommendations. We received a response back from Aircraft Y that Dispatch's recommendation was also a divert to ZZZZ. By this point; the aircraft was beginning to coast out over the [body of water]. The crew decided to turn back for a divert into ZZZZ. The Captain had to [advise ATC] to ZZZZ in order to break into very busy radio chatter in order to get ZZZZ Control's attention and receive priority handling.Once the crew turned back toward ZZZZ; ATC cleared them direct to ZZZ [VOR]. With the FO (First Officer) as the pilot flying and the Captain pilot monitoring and the right engine oil pressure in the yellow at 19 - 17 psi; the crew performed the Loss of Oil Pressure Right Checklist as a precautionary shutdown even though there was no EICAS warning. The crew completed the checklist and executed the VNAV Engine Out page and requested a drift-down descent to FL240. The crew also diverted the FMS to ZZZZ.The crew set up the aircraft to jettison fuel to the normal landing weight; approximately 23 - 25K; and received approval from ZZZZ to jettison fuel from ZZZ1 [VOR]. ATC then changed the approval to jettison fuel from ZZZ [VOR] at approximately FL220. The fuel dumping took about 5 - 6 minutes; and the crew completed the Fuel Jettison Checklist.The Captain requested vectors for the ILS XXC at ZZZZ; and we were told to expect that. ATC at ZZZZ responded that we would be given vectors for ILS XXL. The Captain set up the FMS; briefed the approach; and flaps 20 autoland for ILS XXL at ZZZZ. The Captain briefed via the QRH; including the non-normal landing data. While on vectors; the Captain [requested priority handling] and requested fire truck support on landing. The Captain took the controls back and flew the vectors for the ILS XXL approach. The crew received numerous heading changes and step-downs during vectors for the approach. The crew completed the Approach; and Before Landing Checklists while on vectors.The Captain executed an uneventful single-engine autoland to Runway XXL at ZZZZ. The wind was 280 at 9 kt. on landing. The Captain cleared the runway at high speed Taxiway 1. After the uneventful landing and roll-out; taxied to the assigned Gate XX. After the crew shut down the remaining engine at the gate and opened the crew door; chaos ensued with [people] and representatives asking numerous questions ranging from what happened and why we were there to what kind of cargo we were carrying. The Captain got on the phone with the Duty Officer to let the company know what had happened since we're unable to make contact via SATCOM; which still was not working on the ground. The Captain was giving the DO (Duty Officer) a situational report as well as determining our reporting requirements.Someone from the ground personnel requested that a crewmember come outside to look at the main gear. Upon arriving at the left main gear; the #5 main gear was smoking. I immediately cleared the area to the side of the gear and requested the authorities contact the fire trucks to respond. I directed that the Fire Department set up cooling fans on the smoking gear. As I went down to find the #5 brake was smoking; the EICAS for brake temperatures annunciated in the flight deck. The Captain sent a representative down to ensure everyone was clear of the hot brakes. The Captain came down; while on the phone with the DO; to check that aircraft was chocked so she could release the brakes. The Fire Department asked us if they could put water on the brakes to cool them. After consulting with Maintenance Control to confirm; we communicated that was not advisable. Two cooling fans were focused on the hot brakes; but the fuse plug melted on #5.The questions from the authorities continued with significant language barriers; i.e.; the meaning of corrosive and hazardous cargo; as well as requests for overfly permits; cargo airbills; etc. Calls continued to the DO; Dispatch; and Maintenance Control as we waited for the brakes to cool. Upon completion of answering most of the questions; the Captain powered down the airplane and we deplaned approximately 3 hours after landing. The crew went through Immigration; Customs; and out to the hotel. We met the Company Representative at the hotel. Crew debriefed after checking into the hotel.Cause: The malfunction was a mechanical failure; but both the Captain and I were fatigued due to trip revisions and swapping from night schedule to day schedule with two back-to-back min crew rest periods prior to the flight.Suggestions: The mechanical issue may or may not be preventable based upon what is determined to be the cause of the oil leak. The eventual outcome of a successful divert and single-engine landing was due to experienced pilots working together as team to bring the airplane in safely. Good crew coordination skills and training helped bring a successful result. Malfunctions like this without the ability to coordinate with Dispatch due to communication failure of the SATCOM require the teamwork of two experienced pilots to bring it to a successful conclusion.",,"Aircraft right engine oil showing 0 and pressure was decreasing. Crew [advised ATC] but did not take priority. Dumped 25K of fuel... diverted to ZZZZ. I was advised by the crew that [they advised ATC] and dumped fuel only after landing when Captain called Maintenance Control first.",,"B777 flight crew and Dispatcher reported failure of the SATCOM system and loss of engine oil quantity resulted in a diversion.",
2085730,202402,1801-2400,ZZZ.Airport,US,,,,2000,,,,,Night,,,Tower ZZZ,Air Carrier,B767-300 and 300 ER,,2,Part 121,IFR,Cargo / Freight / Delivery,INS,Final Approach,,Class D ZZZ,,,,,,,,,,,,,,,,,,,,,,,,,,,,,,,,,,,,,,,,,,,,,,,,,,,,,,,,,,,,,,,Aircraft X,Flight Deck,Air Carrier,Pilot Not Flying; Check Pilot,Flight Crew Instrument; Flight Crew Multiengine; Flight Crew Air Transport Pilot (ATP),,,Human-Machine Interface; Workload; Fatigue; Communication Breakdown; Distraction,Party1 Flight Crew; Party2 Flight Crew,,2085730,,,,,,,,,,,,Deviation - Altitude Excursion From Assigned Altitude; Deviation - Altitude Overshoot; Deviation / Discrepancy - Procedural Published Material / Policy; Deviation / Discrepancy - Procedural Clearance; Inflight Event / Encounter CFTT / CFIT; Inflight Event / Encounter Unstabilized Approach,,,Automation Aircraft Other Automation; Person Air Traffic Control; Person Flight Crew,In-flight,Air Traffic Control Issued Advisory / Alert; Flight Crew Executed Go Around / Missed Approach,Human Factors,Human Factors,"I was conducting OE with a new hire. We had briefed the go-around and talked about it again briefly on downwind. The FO (First Officer) did the RNAV XX. The missed approach altitude is 2;000 ft.; and we were in a light airplane. The approach was excellent but he floated the landing so I called go-around and initially everything was going great. At 1;000 ft.; he called FLCH set speed 190. It was a little disarming because until this point everything had gone so well. I looked down to switch us to Departure but before I made the call I looked up and saw we were at 1;500 ft.; and climbing at an extreme rate with rapidly increasing airspeed. I immediately took the aircraft went to flight idle and executed a smooth pushover. We peaked about 300 ft.; high. I established a slight descent; called for FLCH; flaps 5; climb thrust and called for the center Autopilot. I am keenly aware of the danger in handing the aircraft to the Autopilot out of trim but I must have. ZZZ Approach gave us 3;000 ft.; so my eyes went up to the MCP (Mode Control Panel) to set that and initiate the climb. By the time my eyes got back to the instruments we were 300 ft.; low and descending. I intervened again; the low point being almost 500 ft.; low; ZZZ advised us we were descending along with a clearance to climb. The rest of the missed approach went without incident.I opted to fly the second approach. The FO quickly setup the RNAV XX and I briefed it. The second missed approach was completely my fault and I did something I have never done before. The final approach fix is at 1;700 ft.; so we were configuring and slowing as the VNAV initiated the descent. At about 1;500 ft.; I rolled up the altitude to set the missed approach. I'm not sure what caused the aircraft to go into VNAV SPD. I may have rolled up the altitude too slowly and the VNAV caught and went to VNAV SPD or maybe it was failing to re-cruise the box. I quickly tried to reselect VNAV thinking it would grab the glide path only to look down and see that we were not only in VNAV SPD but the glidepath was completely absent from the scale. I immediately went around without incident. During the go-around; ZZZ advised us we were low. Thankfully we had ample fuel due to unused contingency fuel and this was briefed on all 3 approaches.As for the first missed approach; I was disarmed by the fact that it started so well and I assumed he had it under control. When he called for "FLCH; set speed" my mind transitioned to; the [problem] is over; I can start getting caught up on other things.As for how we got low; I believe it was a confluence of a little adrenaline causing me to not notice the aircraft was out of trim coupled with a massive thrust change and bringing the flaps up to 5. It was too much for the Autopilot. As for the second approach; I'm not sure if it was setting the missed to slowly or failure to re-cruise that caused the box to go to VNAV SPD. We had VNAV PATH heading into the final approach fix and it was doing a great job descending on the approach until that point. As for how I got low on that approach; it's not hard to see how the aircraft would have descended below the path if the thrust never came back up from the slowing to final speed When the VNAV logic flipped and it initially went unnoticed because large speed and pitch changes are very normal in that phase of flight. Also; my eyes were away from the flight instruments during this critical transition verifying the speed brake was armed and gear was down in addition to resetting the MCP.While I had rested optimally prior to starting my day; it was XA:30 and the second leg of the day so I think a little fatigue played a part here as well.I probably should have emphasized and pushed a new FO to visualize exactly how the missed would go; to include the need to proactively reduce thrust with a light aircraft and a low alt cap. That will be better emphasized in the future. This incident also highlights how a little adrenaline can influence my perception of things and cause me to miss things that I normally would be keenly aware of. I should have taken a deep breath before re-automating not after. It could have waited another 2 seconds in this scenario.I am wondering if it might be best to have the NFP (non-flying pilot) select the missed approach altitude so that the FP (flying pilot) can be completely on the flight instruments instead of having our attention divided at a time when we are low to the ground and headed down. Regardless of the cause and timing; I certainly would have noticed it sooner if my eyes were not on the MCP. I will also stop flying like a normal line pilot with new FO's. I need to be checklist complete before I hit the final fix; if at all possible.This series of events highlights the need for better FMA (flight mode annunciator) awareness; detailed briefing of cadence and the delicate balance of aviate; navigate and communicate. 3 times in 10 minutes-a quick glance away at the wrong time allowed deviations to be exacerbated.",,,,"B767-300 Check Airman reported on final approach the pilot flying and on an OE initiated a go-around and reporter took control of aircraft. On the second approach the aircraft was again unstable and the pilot flying did another go-around. The third approach and landing were successful.",
2089081,202402,1201-1800,ZZZ.TRACON,US,,,,,,IMC,5,,,800,,TRACON ZZZ,Air Carrier,Regional Jet 900 (CRJ900),,2,Part 121,IFR,Passenger,,Initial Approach,,Class B ZZZ,,,,,,,,,,,,,,,,,,,,,,,,,,,,,,,,,,,,,,,,,,,,,,,,,,,,,,,,,,,,,,,Aircraft X,Flight Deck,Air Carrier,Pilot Not Flying; Captain,Flight Crew Air Transport Pilot (ATP); Flight Crew Instrument; Flight Crew Multiengine,Flight Crew Type 1600,,Situational Awareness; Workload; Distraction,,,2089081,Aircraft X,Flight Deck,Air Carrier,Pilot Flying; First Officer,Flight Crew Instrument; Flight Crew Multiengine; Flight Crew Air Transport Pilot (ATP),Flight Crew Type 875,,Distraction; Fatigue; Situational Awareness,,,2089077,Deviation - Altitude Overshoot; Deviation - Track / Heading All Types; Deviation / Discrepancy - Procedural Published Material / Policy; Deviation / Discrepancy - Procedural Clearance; Inflight Event / Encounter CFTT / CFIT; Inflight Event / Encounter Unstabilized Approach,,,Automation Aircraft Other Automation; Person Flight Crew,In-flight,Flight Crew Became Reoriented,Human Factors,Human Factors,"While on the ZZZZZ arrival into ZZZ we were cleared for the ILS [Runway] XXR. The arrival leads directly into the ILS XXR. We flew the arrival in white [needles] (FO (First Officer) was PF (Pilot Flying); I was PM (Pilot Monitoring)) and once we intercepted the final approach course switched from FMS to HDG (Heading) mode; sequenced the approach and then switched to green needles and hit approach mode. We were in IMC (ceilings were at 800 ft. and vis was 5 miles) After a few seconds I realized that we must have gotten pushed by the wind when we switched to HDG mode and were no longer on the LOC; just paralleling it; I called it out and the FO adjusted our heading bug to better intercept the LOC. The GS had begun to come in so we started to descend (by hitting VS) to stay close to that until the LOC was captured. This was right around the final approach fix. We had already configured and gotten clearance to land. At this point the plane still hadn't officially captured the LOC so the FO turned off the autopilot and started to hand fly. I bugged 3;000 ft for our missed approach. We received a 'Glideslope' aural and I realized we had gone below the GS; I called that out and the FO began to level off to correct it. At this point our airspeed had started to bleed off. I called that out and the FO corrected. We then broke out around 700 or 800 ft. Right around this time the LOC started to deflect; the runway was in sight and off to our left. We corrected and landed normally. In hindsight I should have called a go-around. There were too many factors working against us and I shouldn't have allowed that approach to continue as it did. I also forgot to make the 500 ft call out because I was so distracted by everything else happening. Everything was going well until we didn't capture the LOC when switching from white to green needles; that started a chain reaction of us being behind the aircraft. I should have called a go-around when that happened.Suggestion: To always stay ahead of the aircraft and be extra cautious when switching from white to green needles. To call a go-around when things start to go wrong; especially that close to the ground in IMC. I should not have let that approach continue.",,"On approach into ZZZ on Day 0; when switching from white to green needles; the course didn't capture. Autopilot was disconnected; and restabalized by 700 feet on the course and GS. On approach; we had a direct crosswind. When we lined up with the final approach course and went to green needles VIA heading mode; we did not intercept the course. We realized when we tried to catch up with GS; as it did not capture and we became low on the GS after being high. I disconnected the autopilot; reintercepted course. We received a GS warning during which we leveled off until it became alive and we followed it back to the ground. We broke out of clouds around 800 feet and we're visually able to confirm we were aligned with the runway and had two red two white on the PAPI. During debrief; we said that either of us should have called a go-around; even if we did meet criteria that we had stabilized by 500 feet and had visually confirmed at 800 feet. Suggestions: When switching from white to green; visually ensure that the course has been intercepted. Don't assume that just because we were aligned in one mode; we will be aligned in another. When at the FAF; should decide to go around instead of trying to make an S turn to reintercept course.",,"CRJ-900 flight crew flew an unstabilized approach while in IMC.",
2093166,202403,0601-1200,ROA.Airport,VA,,,,4000,,,,,,,,Tower ROA,Air Carrier,Commercial Fixed Wing,,2,Part 121,IFR,Passenger,,Initial Approach,,Class C ROA,,,,,,,,,,,,,,,,,,,,,,,,,,,,,,,,,,,,,,,,,,,,,,,,,,,,,,,,,,,,,,,Aircraft X,Flight Deck,Air Carrier,Captain; Pilot Flying,Flight Crew Air Transport Pilot (ATP); Flight Crew Instrument; Flight Crew Multiengine,Flight Crew Type 3000,,Communication Breakdown; Distraction; Fatigue; Human-Machine Interface; Situational Awareness; Training / Qualification,Party1 Flight Crew; Party2 Flight Crew,,2093166,,,,,,,,,,,,Deviation / Discrepancy - Procedural Published Material / Policy; Inflight Event / Encounter CFTT / CFIT,,,Automation Aircraft Terrain Warning,In-flight,Flight Crew Became Reoriented; Flight Crew Took Evasive Action,Environment - Non Weather Related; Human Factors,Human Factors,"On approach into ROA; while turning base to final for a visual to runway 24; we got a Terrain Terrain aural (in full VMC) while descending out of 4;000 feet to intercept the inbound approach course. I Captain/ pilot flying had briefed in my briefing prior to descent about the company pages note saying not to descend below the lowest ATC cleared altitude until on a published portion of the approach. Due to operational complexity and (in looking back) a pretty fatiguing reserve schedule; I managed to forget to apply that note completely. Tower cleared us for 34; we said we needed 24 for performance reasons. They then cleared us to 5;000 feet and cleared us for the visual. They asked where we were going to turn base for planning for other traffic inbound. We told them we would be turning between HIBAN and PROSE; based on terrain considerations. I should've chosen to intercept outside PROSE based on the company note. I selected 4000 in the alt preselect based on discussion of terrain clearance and NOTAMS with my FO. I set 3700 in the altitude preselect for the inbound intercept and selected 300 fpm for my intercept turn on. Approaching the ridge just prior to course intercept we got Terrain Terrain. I clicked off the autopilot and climbed; FO and I acknowledged that in full VMC we had clearance on the terrain. Turning inbound for the intercept; I asked the FO (PM) to reengage the autopilot. I started down at 800 FPM; and we had to level off momentarily to miss 3 thermalling eagles on final; then I pitched over to get back on profile (acknowledging the change verbally). I touched down on-speed; just past the 1000 footers. I briefed the company notes (terrain considerations; not descending below cleared ATC mins-with care to discuss considerations at HIBAN and WUDAG) on the descent. WUDAG wasn't even on the approach so I added it in as a fix with a 1 mile ring to pay attention to crossing restriction. I did not apply the note correctly in spite of briefing it out loud. FO did not help me remember this either-we were both busy getting newest ATIS; rejecting the initial landing clearance; planning the visual. I was on day 4/4 on my 12th revision to my trip. I was tired; but I'm always tired on day 4; and do not believe I was more tired that normal (still believe that). Think it just got lost in the many changes we were handling on an approach into a new airport for me (FO had been in many times before). I did my math wrong for intercept; and its my responsibility to get that correct. Me thinking that I was cleared for the approach and able to do my own descent planning ran counter to the company note. FO did not contradict me/remember the company notes when I said where I planned to come in for the intercept.It would be helpful to add this to section Y as well; it was section X (and I briefed it); but really its on both of us that it was briefed and not applied correctly.",,,,"Air carrier Captain reported receiving a terrain alert during descent on visual approach. Captain climbed to safe altitude and continued approach.",
2093442,202403,0601-1200,SCT.TRACON,CA,,,,,,,,,,,,TRACON SCT,Air Carrier,A321,,2,Part 121,IFR,Passenger,,Initial Climb; Climb,,Class B SCT,,,,,,,,,,,,,,,,,,,,,,,,,,,,TRACON SCT,Air Carrier,B737 Next Generation Undifferentiated,,2,Part 121,IFR,Passenger,,Climb,,Class B SCT,,,,,,,,,,,,,,,,,,,,,,,,Aircraft X,Flight Deck,Air Carrier,First Officer; Pilot Flying,Flight Crew Instrument; Flight Crew Multiengine; Flight Crew Air Transport Pilot (ATP),,,Situational Awareness; Fatigue; Distraction; Human-Machine Interface,,,2093442,Aircraft X,Flight Deck,Air Carrier,Captain; Pilot Not Flying,Flight Crew Air Transport Pilot (ATP); Flight Crew Instrument; Flight Crew Multiengine,,,Situational Awareness,,,2093445,Deviation - Track / Heading All Types; Deviation / Discrepancy - Procedural Clearance; Deviation / Discrepancy - Procedural Published Material / Policy; Inflight Event / Encounter Wake Vortex Encounter,,,Person Flight Crew,In-flight,Flight Crew Became Reoriented; Flight Crew Returned To Clearance,Procedure; Environment - Non Weather Related; Human Factors,Procedure,"Departing 27 at SAN; assigned the ZZOOO3 RNAV departure. A B737NG took off right in front of us and Tower asked us if we could maintain visual with them. We said yes and was immediately issued takeoff clearance. Departed right behind them and was hitting their wake turbulence during climb out. Green dot was 240 knots for us while the departure showed restriction of 230 knots at ZZOOO. CA (Captain) asked ATC if we could maintain 250 knots in the climb. ATC said yes. I do not really remember reaching up to adjust speed but looking back I must have pulled HDG and selected 250 rather than pulling speed. We were still in wake turbulence from the B737NG aircraft. We overshot the turn for ZZOOO by a mile or so because we were now in HDG mode.  We realized this and I immediately turned off autopilot and started turning left towards ZZOOO. The CA asked ATC for vectors. We realized our mistake before ATC said anything to us. ATC cleared us direct GRIDR and told us to climb to FL230 and we complied. Last leg of a 4 day trip...Heavy aircraft with a published speed on SID well below green dot. In the future I will not accept 'maintain visual with departing aircraft' clearance at this airport....constant wake turbulence and looking out windshield to maintain visual with previous departure definitely contributed to this event.","Reporter stated the wake encounter was a definite distractor in this event.","ATC asked if we could visually follow a B737NG after departure. We said yes and were cleared for takeoff runway 27. During the climb out we encountered wake turbulence. We cleaned up the airplane and green dot was 240KTS. ZZOOO has a MAX 230KT speed. I asked ATC for 250KT climb. ATC approved the increase to 250KTS. FO (First Officer) pulled heading and selected heading 250 by mistake. I noticed we hadn't turned left toward ZZOOO. FO disconnected the autopilot and turned left toward ZZOOO. I notified ATC that we needed radar vectors and ATC gave us a heading and altitude. ATC then asked if we could go direct to GRIDR and continue climb to FL230. We went direct GRIDER and climbed to FL230. Rest of the flight was normal. In the future I will not accept a clearance to visually follow another airplane on takeoff. Most of our takeoffs are at high gross weights which makes certain speed restrictions on departure a challenge. Do not accept a takeoff clearance to follow another aircraft visually. Delete the speed restriction at ZZOOO.",,"A321 flight crew reported a track deviation occurred departing SAN; citing a wake turbulence encounter as contributing.",
2096625,202403,1801-2400,CYYZ.Airport,ON,,,,,,,Icing,,Night,,,TRACON CYYZ,Air Carrier,EMB ERJ 170/175 ER/LR,,,Part 121,IFR,Passenger,,Final Approach,,,,,,,,,,,,,,,,,,,,,,,,,,,,,,TRACON CYYZ,Air Carrier,EMB ERJ 190/195 ER/LR,,2,Part 121,IFR,Passenger,,Final Approach,,,,,,,,,,,,,,,,,,,,,,,,,,Aircraft X,Flight Deck,Air Carrier,Pilot Not Flying; Captain,Flight Crew Instrument; Flight Crew Multiengine; Flight Crew Air Transport Pilot (ATP),,,Fatigue; Situational Awareness; Distraction,,,2096625,,,,,,,,,,,,Deviation / Discrepancy - Procedural Landing Without Clearance; Deviation / Discrepancy - Procedural Published Material / Policy; Inflight Event / Encounter Wake Vortex Encounter,,,Person Flight Crew,In-flight,Flight Crew Became Reoriented,Procedure; Environment - Non Weather Related; Human Factors,Human Factors,"Fairly normal flight until cleared and established on ILS 24; was told to maintain 170 knots and contact Tower over KIREX. Experienced what we both thought could only be wake turbulence and queried approach maybe a mile before KIREX. Approach said we were only following an E190; and we both thought it weird. Shortly after called 1000 configured and 500 stable. Noticed how dark the runway in front of us looked and checked to see if the NLG landing light was switched on. When I noticed it was in the off position I immediately realized that we were on with Approach and had never made the switch to Tower to receive landing clearance. This was maybe at 30 feet. I made the decision that a go around at this point was futile; which I think was the wrong decision in hindsight. If I had called go around at 20-30 feet it would have been possible to avoid touchdown I believe and thereafter admit to Approach that we failed to receive landing clearance. Once we touched down I waited until 60 knots to call Tower and apologize for landing without clearance; to which Tower said it was fine this time but to check in in the future to avoid potential collision with vehicles. Weren't given a Brasher warning; although it would have been standard to receive one. My FO (First Officer) and I debriefed at the gate and noted that it was unfortunate situation; but that we could both learn from it and mitigate future incidents of the sort. In the future I think a go around would be the right call even at 20 feet. I'm not sure how to mitigate forgetting to switch to Tower in the first place; as usually with a two man crew that threat is mitigated by one of us remembering. I think at 500 feet when I called stable I should have not done so without landing clearance; as this triggers a "landing" response from PF (Pilot Flying). A go around would also have been wise I think. Calling fatigue might have also been prudent given how much I have been flying this month. Expectation bias was a huge factor here as well; as I've never landed without a clearance before. It's all routine at this point. With that in mind more attention to the "routine" aspects of flight might help mitigate this threat; or briefing.",,,,"Air Carrier ERJ-170 Captain reported landing without clearance at CYYZ following a wake turbulence encounter.",
2097491,202403,0601-1200,ZZZ.Airport,US,,,0,,,,,,Daylight,,,,Air Carrier,Commercial Fixed Wing,,2,Part 121,,Passenger,,Taxi,,,,,,,Unscheduled Maintenance,,,,,,,,,,,,,,,,,,,Hydraulic System,,X,Malfunctioning,,,,,,,,,,,,,,,,,,,,,,,,,,,,,,,,,,,,Aircraft X,Flight Deck,Air Carrier,Technician,Maintenance Powerplant; Maintenance Airframe,,,Fatigue; Time Pressure,,,2097491,Aircraft X,Flight Deck,Air Carrier,Technician,Maintenance Powerplant; Maintenance Airframe,,,Time Pressure,,,2097494,Aircraft Equipment Problem Critical; Deviation / Discrepancy - Procedural Published Material / Policy; Ground Event / Encounter Loss Of Aircraft Control; Ground Excursion Taxiway,,,Person Maintenance,Taxi,Flight Crew Took Evasive Action,Human Factors; Procedure; Aircraft,Procedure,"at around XA:20; we were assigned to repo the aircraft from Gate XX to the hangar. after given clearance to push from Gate and position into [spot] X on lane X; ground crew advised to set brakes which we did. after towbar and tractor was disconnected; the aircraft started rolling forward with no engines. both left seat and right seat applied pressure on the rudder pedals to try to stop the plane; but no response. i noticed that the brake accumulators were reading zero so i turned on the elec hyd pump and the plane came to a stop on the grass. Person A told me to 'call' so i called on the frequency i was on at the moment; which was ZZZ Ramp; and [requested priority handling]; but no readback. i looked at the ECAM and noticed that the engines started spooling up to idle. Person A started up the engines and he began taxing the plane out of the grass and into the taxiway. i switched frequencies to Ground and they eventually told us to stop and standby. next Ground finally told us to reenter the ramp and asked if we knew where we're going; i said yes; and they told us to switch frequencies and proceed to the hangar. Cause: aircraft was out of service due to hyd issuesSuggestions: tow the aircraft",,"On Day 0 Aircraft X was on Gate XX aircraft out of service for hyd leak. after trouble shooting management requested aircraft to be move to hangar for repairs. Once ground crew push back from gate XX to lane X spot X. ground crew then disconnected and gave clearance to start engines. Brake was set about to start engines when  aircraft started rolling i immediately asked right seat driver to apply brakes and call ZZZ to advise of aircraft problems and did not get response. Aircraft  then rolled on to Taxiway 1 into grass area once stopped i proceeded to start engines and taxied to lane Y then hangar line.Cause: Green system hydraulic failure.Suggestions: Have more qualified personnel for aircraft towing.",,"Technician reported aircraft rolled uncommanded during pushback from gate due to hydraulic system failure and subsequent loss of brake response.",
2101664,202403,0601-1200,ZZZZ.ARTCC,FO,,,,30000,,VMC,,,Daylight,,,Center ZZZZ,Air Carrier,MD-11,,2,Part 121,IFR,Cargo / Freight / Delivery,,Cruise,,,,,,,,,,,,,,,,,,,,,,,,,,Nacelle Fire/Overheat Warning,,X,Malfunctioning,,,,,,,,,,,,,,,,,,,,,,,,,,,,,,,,,,,,Aircraft X,Flight Deck,Air Carrier,Pilot Flying; Captain,Flight Crew Air Transport Pilot (ATP); Flight Crew Instrument; Flight Crew Multiengine,,,Communication Breakdown; Fatigue; Situational Awareness; Troubleshooting,Party1 Flight Crew; Party2 Dispatch,,2101664,,,,,,,,,,,,Aircraft Equipment Problem Critical; Flight Deck / Cabin / Aircraft Event Smoke / Fire / Fumes / Odor; Inflight Event / Encounter Fuel Issue,,,Automation Aircraft Other Automation; Person Flight Crew,In-flight,Air Traffic Control Provided Assistance; Flight Crew Returned To Departure Airport; General Maintenance Action,Human Factors; Procedure; Software and Automation; Aircraft,Aircraft,"Departed ZZZZ on Runway XX. Shortly after level off at FL 300 (about 30 minutes into flight - Approximately XB:45); the First Officer (FO) went to back to start his rest period. Captain was flying and relief pilot was operating radios in the right seat. About 2 minutes after FO went to back to rest; we received (time XB:47):the FIRE WARNING BELL; the TRI-TONE WARNING; and ENGINE FIRE ORAL WARNING accompanied by level 3 "ENIGINE FIRE" alerts on engines 1; 2; 3 and APU. Simultaneously on synoptic pages; we had level 2 "MSC AUTO FAIL" alert and level 1 "CAWS FAULT"; "ENGINE IGN MANUAL" ; "ENG FIRE AGENT LO" and "CARGO FIRE AGENT DISCH TIMING INOP" alerts.  #4 Display Unit (DU) had intermittent Blank screen and RED X.On overhead panel "BAT BUS OFF" light illuminated.ALSO; on the overhead Panel; the IGNITION SWITCHES Had no power and did not work.On the on the MCDU we had "SENSOR FAIL" message; "CLOCK 1 FAIL MESSAGE" and it appeared the Inertial Reference Units (IRUs) #1 and AUX were not working correctly. On the pedestal; All radio heads were dark with no power. The radios worked; but we could not see frequencies or change stations.All these issues occurred simultaneously. OUR RESPONSE:I silenced the Fire Bell; the TRI-TONE and ENGINE FIRE ORAL warnings. The relief pilot and I both scanned the alerts and messages. The was a moment of disbelief on my part that so many things could go wrong at one time. We decided to slow the response down till we figured out what the problem truly was.We scanned the Engine instruments; EGTs; N1; N2; EPRs; Fuel Flows; Oil temps and pressures. All instruments indicated in normal ranges. The was no vibration of aircraft and no sound changes. All flight controls appeared to be normal and Autopilot was still working. We looked at all the system pages to see their status. We discussed what we saw and agreed that it was unlikely that there was any true Fire on the engines. I elected not to do the engine fire and severe damage checklist at this time since that would lead us to shut down all three engines. Based on what we saw on the plane and not knowing what was working and what was not working; We decided that we would land. In a quick attempt to see if it was a small problem that could be resolved easily; we ran the checklist for level 2 "MSC AUTO FAIL" and looked "BAT BUS OFF" light. It was no help. I then tried to switch IRU (Captain on AUX). This did not help so I returned the IRU to normal position. We could not make any changes to radios and could not make a SAT COMM call to company. We sent ACARs message to Maintenance Control/Operations that we were going to have to return and land at ZZZZ and could they call us on SAT COMM. They sent us the weather for ZZZZ1. We resent message. Recalled FO to the front.We informed ATC (ZZZZ [Center]) that we would have to land and was [requesting priority handling]. We told him we would get back to him shortly.The FO came up front (approximately time XC:00). I gave a quick recap of what happened and asked him what he saw. He looked and agreed on what was being presented by the airplane.We got an ACARs message from company; unable SAT COMM call.We are now about 15 minutes into [problem].We (the 3 pilots) discussed landing options and what we thought was the real issues with the airplane. The closest airport was ZZZZ2. The FO ask we thought we were on fire and would we loose flying capability. We discussed it and felt it was safe enough to return to ZZZZ. The decision was made to land at ZZZZ. I made the statement that if anything else occurred; we would land immediately at ZZZZ2. We all were in agreement with this plan.We got clearance from ATC and started a right turn back towards ZZZZ. Then FO got into right seat. We start the fuel dump checklist using only 1 push on the fuel dump switch; so as to dump to max landing weight.I asked then FO to insert new destination (ZZZZ) in the MCDU and build an approach for ILS runway XX.The relief pilot started a written list of issues and responses. He said at one point he had counted 32 alerts and issues with airplane at one time.We began the fuel dump and started to descend from FL 300 to FL 250. The fuel dump started XC:08 and ended at XC:24 on heading 120 from about 50 miles southwest of ZZZZ2 till about 50 miles west of the coastline. All fuel dump was at or above FL250. We dumped 80;000 pounds of fuel. Our landing weight was 476;000 pounds.About half an hour into [problem]; after we had set course back to ZZZZ and after we started fuel dump; all alerts went away. The company then called us on SAT COMM. We gave quick brief of what happened and what we our intensions were to land ZZZZ. He asked us to call him on the ground.Captain flew the leg and landing. The winds were 270/14. I elected to an Autoland on Runway XX at ZZZZ with medium autobrakes and landing flaps 35. We configured early. It was gusty wind day and ALPHA was low. I had FO add 3 knots to approach speed. We had requested the fire department standby for our landing. After landing; we exited the runway on high-speed Taxiway (1) and had fire department inspect the airplane. The Fire Department did an addition inspection of airplane after we blocked in and shutdown engines. The Fire Department then released airplane to Maintenance.Once in blocks and engine shutdown; we briefed Maintenance and showed pictures of alerts before making any calls. We had been instructed by Tower to call a phone number which was the country's safety investigation department (or something like that) the phone number was XXX-XXX-XXXX. We called chief pilot first; then safety department. Next; I called Dispatch. Then assistant chief pilot called me. Then I made all the write ups. While this was happening; the country's version of the FAA was standing by cockpit door requesting a written statement. I had the relief pilot write the statement; I read it and signed it.Both the safety phone call and the gentleman requesting the written statement; stated the company needed to provide the country with written documentation of engineering evaluation and written reports of the maintenance records BEFORE the plane would be allowed to fly again. They asked me to email them all airplane records and reports. I told them I did not have the authority to email the records but that I would pass that information to the company. I reported this to the assistant chief pilot in a debrief phone call from hotel.We blocked out at XA:54 Day 0. We took off at XB:17. The [problem] started about XB:47. [Requested priority handling] about XC:00. We landed at XC:54. Canceled the [priority handling] about XD:00. We blocked in at XD:10.Due to the intense nature of dealing with a [problem] and in this case; for several hours; followed by the intensity of the debriefs; phone calls and reports on the ground; fatigue set in. In my judgement; it would have been a bad judgement to attempt to fly another leg. We felt most exhausted about 2 hours after blocking in. I personally feel that a minimum of 24 hours of rest should be given to pilots after an event like this. There is a lot to process and many calls to be made even after getting to hotel.This was an extremely challenging flight. This flight caused all 3 of us to rely on the systems knowledge and training we had received here at company and to think outside the box. The FO and relief pilot did an excellent job working the problems as they came. Due to time constraints; there were times when each of us had different objectives duties/checklist/radios/flying/etc that we each accomplished independently. After completing individual tasks; we would come back together as a team and check each other's work and communicate. We stayed on same page and thought process then entire time. The FO and relief pilot stayed engaged; did a job well done and should be commended.Cause: This was multiple malfunctions. Probably an electrical issue causing multiple system failures and possible indication failures. Suggestions: This could not be prevented from an operational crew point. Continue current training. All ended well on this flight.",,,,"MD-11 Captain reported 32 alerts and malfunctions; from various aircraft systems; after leveling at cruise. The crew returned to the departure airport; dumped fuel and landed safely.",
2102491,202403,0601-1200,,,,,,,,,,,,,,,Air Carrier,Commercial Fixed Wing,,2,Part 121,,Passenger,,Final Approach,,,,,,,,,,,,,,,,,,,,,,,,,,Landing Gear,,X,Malfunctioning,,,,,,,,,,,,,,,,,,,,,,,,,,,,,,,,,,,,Aircraft X,General Seating Area,Air Carrier,Off Duty,Flight Attendant Current,,,Communication Breakdown; Fatigue,Party1 Flight Attendant; Party2 Flight Attendant,,2102491,,,,,,,,,,,,Aircraft Equipment Problem Critical; Flight Deck / Cabin / Aircraft Event Other / Unknown,,,Person Flight Crew,In-flight,Flight Crew Landed in Emergency Condition,Aircraft; Human Factors,Human Factors,"The captain advised via PA that there was an issue with landing gear and instructed the crew to perform a Prep for Land Evacuation demonstration. At no time was the entertainment system switched off prior to; during or following the demonstration. Once the demonstration was complete I went to the aft galley; where only 3 FAs (Flight Attendants) sit; and offered to be a 4th FA and sit at jump seat  and assume FA #8. I was in uniform and willing to assist. A short while later the Purser came to the back galley and informed me that she only wanted "working" FAs to be involved and asked that I return to my seat in the cabin. As the aircraft approached the runway there was no command from the Flight Deck to assume the demonstrated brace positions which made something of a mockery of performing an evacuation demonstration. After landing and deplaning the DHD (Deadhead) FAs were then converted to work the sector departing some 5 hours later at XA50 landing in ZZZZ airport at XK33; meaning extreme fatigue ensued due to being awake for approx. 27 hours prior to landing. The operating Pilots and FAs were released from duty following the incident yet the DHD crew onboard were not afforded the same courtesy even though they had less hours available to them and had experienced the same situation.",,,,"An off-duty Flight Attendant reported while dead heading the aircraft had an issue with the landing gear and offered to assist with safety procedures but was denied.",
2106787,202404,1201-1800,ZZZ.ARTCC,US,,,,24000,,,,,,,,Center ZZZ,Air Carrier,EMB ERJ 145 ER/LR,,2,Part 121,IFR,Passenger,,Cruise,,Class A ZZZ,,,,,,,,,,,,,,,,,,,,,,,,Air Conditioning and Pressurization Pack,,X,Malfunctioning,,,,,,,,,,,,,,,,,,,,,,,,,,,,,,,,,,,,Aircraft X,Flight Deck,Air Carrier,Captain; Pilot Flying,Flight Crew Air Transport Pilot (ATP); Flight Crew Instrument; Flight Crew Multiengine,,,Communication Breakdown; Fatigue; Workload; Troubleshooting; Time Pressure,Party1 Flight Crew; Party2 Dispatch,,2106787,,,,,,,,,,,,Aircraft Equipment Problem Critical; Deviation / Discrepancy - Procedural Clearance; Flight Deck / Cabin / Aircraft Event Smoke / Fire / Fumes / Odor,,,Person Flight Crew,In-flight,Air Traffic Control Provided Assistance; Flight Crew Overcame Equipment Problem; Flight Crew Diverted; Flight Crew Requested ATC Assistance / Clarification; General Flight Cancelled / Delayed,Aircraft,Aircraft,"Operating ZZZ - ZZZ1; I was operating upgrade OE (Operating Experience) from the right seat; my student was in the left seat. Before the flight; we MEL'd Pack 2 due to it not putting out any airflow. We reached our cruising altitude of 24;000. A few minutes later; after completion of the Cruise Checklist; my student and I noticed a strong burning smell and immediately decided to divert. I requested he run the Smoke/Fire/Fumes QRH and I took the radios. I [requested priority handling] with ZZZ Center and requested immediate vectors to ZZZ2. The smell subsided after about 3 minutes; after my student turned off the gasper and recirculation fans. Our FA informed us he also smelled the smoke towards the flight deck but not in the cabin. We let Dispatch know of the [priority handling] and we alerted our passengers as well. We landed and continued to the gate without further incident for the flight. Afterwards; I spoke with Chief Pilot (CP) and Dispatch Supervisor to debrief and come up with a new plan. CP asked if we were fit for duty; after discussing with my crew we decided we were okay for now; but not if there was a large delay. I relayed this to the CP and he said he understood. Dispatch then let us know the plan was to MEL both packs and go unpressurized at 10;000 and no AC. I declined the aircraft due to the rising temperature inside the cabin and flight deck and told them I needed both packs operational to take the aircraft. They then let us know that we would have to wait for a plane from ZZZ3 due to arrive at XA:30. By this point an hour had passed and I relayed this to the crew. Adrenaline had worn off and we were all very tired; so I called the CP back and let him know we were no longer fit for duty. He said that because I initially said we were okay I can't go back on that and that it's a fatigue call. I let Scheduling know; and they gave us a new schedule to sit in ZZZ2 until a new crew arrived and we would deadhead to ZZZ1. We all agreed this was out of line after the day we had; and I called the CP again to request that we just go to the hotel in ZZZ2 after all this. He told me I should've called unfit for duty right away and that it's "turned into a [expletive] show" and was very upset about the request I made. He ended up telling me there was "nothing we can do" and that we had to sit for 5 hours total in ZZZ2. Scheduling ended up deadheading a crew from ZZZ; we deadheaded on their flight; we had a minimum rest overnight in ZZZ1; and then the other crew ended up deadheading back to ZZZ; so we essentially had two crews for one round trip.Root cause was Pack 1 - ACM (Air Cycle Machine) unit according to Maintenance - failing in flight and causing a burning smell. Maintenance needs to start fixing packs more rather than letting them run on one pack where they can overload and fail. Operations gave us no help after the fact either; between trying to get us to go unpressurized and then the unfit for duty situation. Crews should be able to call unfit for duty even if it's been an hour afterwards when adrenaline has worn off. Operations and the CP let us down after we successfully diverted during a [priority handling] situation.",,,,"ERJ 145 Captain reported a fumes event during cruise and diverted to another airport.",
2107563,202404,,ZZZ.Airport,US,,,,27000,,VMC,,,,,,Center ZZZ,Air Carrier,B737 Undifferentiated or Other Model,,2,Part 121,IFR,Passenger,,Descent,STAR ZZZZZ,Class A ZZZ,,,,,,,,,,,,,,,,,,,,,,,,Pressurization System,,X,Malfunctioning,,,,,,,,,,,,,,,,,,,,,,,,,,,,,,,,,,,,Aircraft X,Flight Deck,Air Carrier,Pilot Not Flying; Captain,Flight Crew Multiengine; Flight Crew Air Transport Pilot (ATP); Flight Crew Instrument,Flight Crew Last 90 Days 114.08; Flight Crew Type 507.93,,Workload; Fatigue; Time Pressure,,,2107563,,,,,,,,,,,,Aircraft Equipment Problem Critical,,,Person Flight Crew,In-flight,Air Traffic Control Issued New Clearance; Air Traffic Control Provided Assistance; Flight Crew Requested ATC Assistance / Clarification; Flight Crew Overcame Equipment Problem,Aircraft,Aircraft,"ATC had begun to descend us on the ZZZZZ arrival and had us level at FL270. A few minutes later the Cabin Altitude Horn began sounding and the Red Cabin Alt light was lit up as well. I quickly looked up at the cabin altitude indicator on the pressurization panel and it showed a cabin altitude of approximately 13;000ft. I announced Masks on and we put our masks on and began with our immediate action items followed by the QRC. After coming to the conclusion that the cabin altitude was not controllable; we proceeded with the QRH procedure for Cabin altitude warning or rapid depressurization/Emergency descent.I [requested priority handling] with ATC and they vectored us off the arrival towards lower terrain. Ultimately; we could not get to 10;000ft until we were coming over the front range. I asked ATC to please notify the company of our [situation] and intentions to continue to ZZZ. At some point on the emergency descent; we were able to regain cabin altitude. I was able to get the cabin alt below 10;000ft and we took our masks off and I was able to the communicate with the flight attendants and send Dispatch an ACARS message. I told the FAs (Flight Attendants) we had a pressurization issue and that we had descended to a lower altitude. I told them everything was under control but that we [requested priority handling] and would be on the ground in approximately 8 minutes and to make sure the cabin is prepared for landing and that it would be a normal landing. I made a PA to the passengers explaining we had a pressurization issue and we have descended to a lower altitude and everything was under control and we would be landing shortly.We joined the approach for [Runway] XXL and landed without further incident. ELB (Electronic Logbook) entry was made and I spoke with MX (Maintenance); Dispatch and Chief Pilot per FOM requirements.As far as the fatigue issue; this began on Day 0. I had picked up a XA00 that day. I took a good nap to be properly rested for a duty period that could be 14+hrs. Crew desk called me just over 6hrs into my short call and released me and gave me a XR:20 report the next morning for pairing XXXXXX. I got in bed at XI:30 and wasn't able to fall asleep until sometime after XL:00. I pretty much dozed off and on until my alarm went off around XP:00. Once I got to the hotel in ZZZ1 I grabbed lunch and tried to rest. The next morning; I had a XO:52 van pick up. By the time We got to ZZZ after the pressurization issue I was absolutely beat. I understand the crew desk gave me the proper rest time etc. for my short call ending and new trip starting but there needs to be some sort of procedure for when they essentially are swapping your sleep schedule. I am expected to be rested for a known duty period for my short call duration and I met that. But I can't simply just reset my body to wake up at XP:00 the next morning and expect to be well rested.",,,,"Air carrier Captain reported a pressurization system malfunction during arrival. Flight crew continued approach and landed safely.",
2108928,202404,1201-1800,ZZZ.Airport,US,,,,1600,,,Rain; 2,,Daylight,1100,,TRACON ZZZ,Air Carrier,Airbus Industrie Undifferentiated or Other Model,,2,Part 121,IFR,Passenger,,Final Approach,Vectors; STAR ZZZZZX,Class C ZZZ,,,,,,,,,,,,,,,,,,,,,,,,,,,,,,,,,,,,,,,,,,,,,,,,,,,,,,,,,,,,,,,Aircraft X,Flight Deck,Air Carrier,First Officer,Flight Crew Instrument; Flight Crew Multiengine; Flight Crew Flight Instructor; Flight Crew Air Transport Pilot (ATP),Flight Crew Last 90 Days 100; Flight Crew Total 5500; Flight Crew Type 1108,,Workload; Situational Awareness; Human-Machine Interface; Fatigue; Distraction,,,2108928,,,,,,,,,,,,Deviation - Altitude Overshoot; Deviation / Discrepancy - Procedural Clearance; Deviation / Discrepancy - Procedural Published Material / Policy; Inflight Event / Encounter CFTT / CFIT,Vertical 1000,,Automation Aircraft Other Automation,In-flight,Flight Crew Returned To Clearance; Flight Crew Took Evasive Action,Human Factors,Human Factors,"As we were on the ZZZZZX arrival we were given a vector to intercept the localizer for XXR; and we were cleared to decent to maintain 2500. I was on heading and decent mode not VPATH down to 2500; 210KTS. When I Heard we were cleared for the Approach; I mistakenly set the final approach fix altitude of 1600; thinking that there was a blocker altitude of 2500 that protected us as we continued our decent and intercepted the localizer. We were given 180 KTS or faster to a 5 mile final and I began slowing and asked for flaps 1; At the same time this was going queried the Captain to clean up the box so we would sequence properly on the approach; this caused us to be a bit task saturated with radio calls and FMS duties and configuration changes. We started to level off at 1600 ft outside of ZZZZZ1 and received the Landing Gear Aural Alert; when we realized what was going on; I set a higher altitude on the Altitude select window and commanded a climb using VS. at this point we were on the localizer inbound and started slowing down as well as fully configuring. We intercepted the glide-slope and continued to land.After we landed the Captain and I discussed the incident and realized the mistakes I had made. I should have not set the final approach fix altitude until I had verified that there was a VNAV protection Blocker altitude that was going to capture; in this case I dont believe that was the case since ZZZZZ1 was at 2800 and we were descending to 2500. In this case I should have ensured that I leveled off at 2500 VALT CAP before setting the final approach fix altitude. Secondly when we did receive the Landing gear aural alert; I should have initiated a go around instead of just setting a higher altitude and using VS to climb. Possible contributing factors; Expectation Bias of joining and intercepting the Localizer via ZZZZZ2; (IF) on the ILS XXR and ending point of the STAR. Having a bit better Guidance and less distractions setting up the FMS usually expecting they might clear us for the approach from that point. A bit of fatigue; I noticed I had hit a bit of a Circadian low about halfway through the flight with an XA:20 alarm early morning stormm deviations and a bit of a sit in ZZZ1.",,,,"Air carrier First Officer reported descending below glide slope during approach and receiving a landing gear aural alert. Flight crew climbed back to safe altitude and continued approach.",
2109934,202404,,,,,,,,,,,,,,,,Air Carrier,B737 Undifferentiated or Other Model,,2,Part 121,IFR,Passenger,,Taxi,,,,,,,,,,,,,,,,,,,,,,,,,,Aircraft Cooling System,,X,Malfunctioning,,,,,,,,,,,,,,,,,,,,,,,,,,,,,,,,,,,,Aircraft X,Flight Deck,Air Carrier,,Flight Crew Instrument; Flight Crew Multiengine; Flight Crew Air Transport Pilot (ATP),,,Situational Awareness; Communication Breakdown; Fatigue; Physiological - Other,Party1 Flight Crew; Party2 Ground Personnel,,2109934,,,,,,,,,,,,Aircraft Equipment Problem Critical; Deviation / Discrepancy - Procedural Published Material / Policy; Ground Event / Encounter Ground Equipment Issue; Ground Event / Encounter Weather / Turbulence,,,Person Flight Crew,Pre-flight,Flight Crew Returned To Gate,Aircraft; Equipment / Tooling; Weather; Procedure; Human Factors,Procedure,"APU was MEL'd. We arrived at aircraft at XA:05 for XA:40 departure. Temp on aircraft was already 80-83 degrees and pre-conditioned (PC) air was not hooked up. I did the walk around and spoke the ramp about needing air start and asked to have the PC air be hooked up. I returned to the flight deck. Temp on aircraft stayed very warm through the boarding process and feel that they never turned on the PC air after hooking it up. Boarding was finished and the main cabin door was shut at approximately XA:40. PC air felt like it came on for a few minutes then off again as they disconnected preparing for engine start. The first of 3 engine start attempts was at approximately XA:50. While sufficient pressure was there at the beginning of start the engine never reached appropriate RPM. I called Maintenance and they confirmed via cameras that wrong airstart cart was being used. I notified operations via radio to tell the ramp they needed another cart. They said one was coming. At this point; XB:00; the temp on the aircraft was to 88-90 degrees and told operations to have them hook the PC air. Operations said sorry but it would just have to be disconnected again and wouldn't be worth it. I started getting upset at this point and told them to hook it up explaining the hot temperature. It was hooked up a few minutes later and it began to cool. While still waiting for the correct airstart cart at XB:15 the ground power quit as well at the PC air and the plane went on battery power; which means no lights other than emergency exit; no gaspers or recirculating fans for airflow so it got hot fast. I notified operations telling them they needed to get the jetway back to the aircraft to deplane the people. I informed them of the urgency of the situation and that they needed to consider it a [priority]. I was told they were working on it numerous times and that they were dealing with other aircraft and to just wait. I got more upset at this point. After numerous times trying to convey the urgency of the situation to ops but to no avail I called the chief pilot and notified them of the situation and that I was going to refuse the aircraft when we did finally get the people off. I notified Dispatch of the refusal as well. The jetway did not get to the aircraft and main cabin door open until XB:45. After deplaning was finished I notified scheduling and the chief pilot that I was unfit to continue on duty for the rest of the day.",,,,"B737 air carrier pilot reported excessive cabin temperatures when the APU was inoperative and improper ground equipment was provided for external start procedures. The pilot returned to the gate and deplaned the passengers.",
2109965,202404,0001-0600,ZZZ.Airport,US,,,,1600,,IMC,,,Night,,,TRACON ZZZ,Air Carrier,A321,,2,Part 121,IFR,Passenger,,Initial Climb,SID ZZZZZ,Class B ZZZ,,,,,,,,,,,,,,,,,,,,,,,,,,,,,,,,,,,,,,,,,,,,,,,,,,,,,,,,,,,,,,,Aircraft X,Flight Deck,Air Carrier,Pilot Flying; First Officer,Flight Crew Multiengine; Flight Crew Instrument; Flight Crew Air Transport Pilot (ATP),,,Situational Awareness; Physiological - Other; Human-Machine Interface; Fatigue,,,2109965,Aircraft X,Flight Deck,Air Carrier,Captain; Pilot Not Flying,Flight Crew Instrument; Flight Crew Multiengine; Flight Crew Air Transport Pilot (ATP),,,Situational Awareness; Physiological - Other; Fatigue,,,2109971,Deviation - Track / Heading All Types; Deviation / Discrepancy - Procedural Clearance; Deviation / Discrepancy - Procedural Published Material / Policy; Inflight Event / Encounter CFTT / CFIT,,,Automation Air Traffic Control; Person Air Traffic Control,In-flight,Air Traffic Control Issued Advisory / Alert; Flight Crew Returned To Clearance,Human Factors; Software and Automation,Human Factors,"While departing Runway XXR on the ZZZZZ departure; the flight director commanded a left turn then a right turn I (First Officer (FO)) was still hand flying following the flight director. ATC issued a low altitude alert and gave us a heading of 340. We were over the bay in a normal climb. During preflight I entered the flight plan and followed company procedures with the Captain by reviewing and briefing the taxi; departure and route. ATC then advised for the pilot in command to call the TRACON after we landed in ZZZ.Cause: It was an early morning flight out of ZZZ; We were on the last day of a 4 day trip; flew 8 hrs the day prior and had an early van and very early wake up. We were given a reroute when given the clearance and were focused on that entering new data in the FMS. Captain was also busy with the gate agent and #1 Flight Attendant (FA) resolving an issue with a passenger that wanted to get off the flight. Very short taxi; night and unfamiliar airport for myself.Suggestions: Need to be aware how human factors can affect normal procedures.",,"Departing Runway XXR / departure track was straight out with a left turn to the first fix. First Officer's takeoff. Shortly after takeoff Flight Director commanded left turn followed by right turn. ATC issued a low altitude alert minimum altitude 1900 feet. We were climbing through 1600 feet at the time. ATC then gave heading 340. And we continued climb. Cause: Human factors associated with event ; end of a four day trip. Very early wake up. Given a revised clearance to enter in the FMC. Very short taxi. Night ; IMC Conditions after takeoff. I had previously flown a five day trip ending with a redeye; The day before I started my four-day trip. 9 consecutive days of flying. Suggestions: Be very aware of how human factors can affect standard operating procedures",,"Air carrier flight crew reported a low altitude alert from ATC during in the climb. The flight received ATC vectors on course and continued the climb.",
2111656,202404,1201-1800,ZZZ.Airport,US,,,,400,,VMC,Thunderstorm; Rain,,Night,,,Tower ZZZ,Air Carrier,B767 Undifferentiated or Other Model,,2,Part 121,IFR,Passenger,,Takeoff / Launch,,,,,,,,,,,,,,,,,,,,,,,,,,Horizontal Stabilizer Trim Motor,,X,Malfunctioning,,,,,,,,,,,,,,,,,,,,,,,,,,,,,,,,,,,,Aircraft X,Flight Deck,Air Carrier,First Officer; Pilot Not Flying,Flight Crew Instrument; Flight Crew Air Transport Pilot (ATP); Flight Crew Multiengine,Flight Crew Last 90 Days 107.35; Flight Crew Total 12360.93; Flight Crew Type 774.62,,Situational Awareness; Fatigue,,,2111656,Aircraft X,Flight Deck,Air Carrier,First Officer; Pilot Not Flying,Flight Crew Multiengine; Flight Crew Instrument; Flight Crew Air Transport Pilot (ATP),Flight Crew Last 90 Days 84.6; Flight Crew Total 6053.55; Flight Crew Type 2943.00,,,,,2111660,Aircraft Equipment Problem Critical; Deviation / Discrepancy - Procedural Published Material / Policy; Deviation / Discrepancy - Procedural Weight And Balance; Inflight Event / Encounter Weather / Turbulence,,,Automation Aircraft Other Automation; Person Flight Crew,In-flight,Flight Crew Diverted,Weather; Human Factors; Aircraft,Aircraft,"I was PM on a flight from ZZZ [airport] to ZZZZ [airport].  We had a couple of last minute maintenance items that needed to be taken care of that threw all three of us out of our routine.   We discussed that as a threat and ensured that we completed the ETOPS checklist to make sure everything was done.  Taxi out was busy due to construction and having to get new takeoff data.  At the gate; we did our new procedure for takeoff data but by the time we taxied the temperature had increased so I had to get new data.  We took off on runway XXR from taxiway 1.  Initially everything was normal but as the gear came up we got an amber Stab Trim EICAS.  The Relief Pilot also noted this on the aft overhead panel.  The Relief Pilot started looking up the procedure for that but we held off on executing the checklist because the CA and I were navigating around storms that were building in the area.  The checklist was ultimately completed.  The CA gave control of the airplane over to me so the CA could deal with the issue.  The stab trim light ended up going out after the flaps were up.  The autothrottles had also clicked off which was caught by FMA (Flight Mode Annunciator) monitoring.  We were able to reengage the auto throttles in FLCH during the climb.  The CA contacted dispatch and Maintenance Control via radio to discuss the situation.  I was now PF and handling all communications on comm 1 so I am not privy to what was said or discussed directly.  After the CA talked with Maintenance Control; they passed along the fact that this airplane had at least 1 history event of this happening on arrival in the last month.  We discussed this as a crew and it's possible effect on our arrival in ZZZZ in the middle of the night.  All three of us are experienced in the complexities of operating into and out of ZZZZ.   The forecast included 2000m and ground fog which in my experience has the tendency to quickly deteriorate into CAT (Category) 3 ops.  Considering our stab trim issue and the history of it happening on arrival combined with the complex arrival and emergency procedures as well as terrain in ZZZZ; the CA made the decision with the crew that we were not comfortable taking a plane in there with this unknown issue.  A divert to ZZZ1 was coordinated.  We had a lengthy discussion about landing weight; including reading the FOM as a crew.  We descended down to 12;000 ft and flew around at flaps 20 with the gear down for the last 15-20 minutes.  Ultimately; the CA decided to land slightly overweight by 6;000 lbs.  The landing was smooth and uneventful.  The overweight landing as well as break temp max of 5 for a couple minutes on the right truck were both written up.  The CA debriefed the FA's (Flight Attendants) after the flight and the 3 of us had a separate lengthy debrief as a recap and discussion.  Ultimately none of us passed the HF (Human Factors) checklist and were sent to a hotel and reassigned other flying the following day.",,"On departure the Stab Trim EICAS message and the stab trim annunciator light appeared.  Then the auto throttle automatically disconnected.  We talked to dispatch and maintenance control.  This had been written up one month and one day prior as well.Due to weather; mountainous terrain and other minor concerns at destination we elected to divert in the conus.  Dispatch preferred ZZZ1 [airport] so we went there.",,"B767 air carrier crew reported a stabilizer trim malfunction during initial climb which later cleared. The Captain was concerned about destination weather and the possibility of the malfunction returning so diverted to an alternate airport and landed overweight.",
2112289,202404,,ZZZ.Airport,US,,,0,,,VMC,,Temperature - Extreme,Daylight,,,,Air Carrier,B777 Undifferentiated or Other Model,,2,Part 121,,Passenger,,Parked,,,,,,,,,,,,,,,,,,,,,,,,,,Air Conditioning and Pressurization Pack,,X,Malfunctioning,,,,,,,,,,,,,,,,,,,,,,,,,,,,,,,,,,,,Aircraft X,Flight Deck,Air Carrier,Captain,Flight Crew Multiengine; Flight Crew Instrument; Flight Crew Air Transport Pilot (ATP),,,Fatigue; Physiological - Other,,,2112289,,,,,,,,,,,,Aircraft Equipment Problem Critical; Deviation / Discrepancy - Procedural Published Material / Policy; Deviation / Discrepancy - Procedural Maintenance; Flight Deck / Cabin / Aircraft Event Illness / Injury; Ground Event / Encounter Ground Equipment Issue; Ground Event / Encounter Weather / Turbulence,,,Person Flight Crew,Aircraft In Service At Gate,General Flight Cancelled / Delayed,Human Factors; Weather; Procedure; Company Policy; Aircraft,Procedure,"Cabin heated up severely in excess of 90F after boarding and one severely ill passenger was ultimately transported to ER by paramedics last night. Flight Attendants (FA's) and I were heat exhausted after 2 hours on the airplane. Told Chief Pilot why we were unable to operate and they agreed. Followed up with Chief Pilot call this morning and we all expected repair today. Maintenance did not repair. We saw aircraft out window parked adjacent to gate; with no air connected; for last 3 hours. Still unable to operate. Failed to note in last night's report and other report: this aircraft had 7 total MEL and a 9 page Maintenance Release last night.",,,,"B-777 Captain reported an aircraft refusal due to incomplete maintenance resulting in excessive cabin temperatures when no conditioned air was connected to the aircraft. The high cabin temperatures resulted in passenger illness and the Captain refusing the aircraft and cancelling the flight.",
2116270,202404,0001-0600,,,,,0,,,,,,,,,,Air Carrier,Commercial Fixed Wing,,3,Part 121,IFR,Passenger,,Taxi,,,,,,,,,,,,,,,,,,,,,,,,,,APU,,,Malfunctioning,,,,,,,,,,,,,,,,,,,,,,,,,,,,,,,,,,,,Aircraft X,General Seating Area,Air Carrier,Flight Attendant (On Duty),Flight Attendant Current,,Safety Related Duties,Situational Awareness; Workload; Fatigue,,,2116270,,,,,,,,,,,,Aircraft Equipment Problem Critical; Flight Deck / Cabin / Aircraft Event Smoke / Fire / Fumes / Odor; No Specific Anomaly Occurred Unwanted Situation,,,Automation Aircraft Other Automation; Person Flight Crew,Taxi,Flight Crew Returned To Gate; General Flight Cancelled / Delayed; General Maintenance Action,Aircraft,Aircraft,"When we were about to pushback for our original departure time the APU caught fire; we lost power and the emergency lights turned on. The plane extinguished the fire automatically and after the Captain provided the Brief information they brought back the jet bridge and were able to restore the power so the passengers could deplane. Thankfully an evacuation was not necessary since the plane extinguished the fire as it was supposed to. However; it was a real emergency and we still had to wait until another plane was found; get new pilots and begin the boarding process again. We ended up taking off around XA:47 and we were about to time out at XN:05. We worked our flight and got in super late but we were exhausted after being on duty for already almost 7 hours.",,,,"Flight Attendant reported a gate return and a change of aircraft due to an APU fire. The Flight Attendant stated the aircraft extinguished the APU fire.",
2119009,202405,1201-1800,CMH.Airport,OH,,,,,,Marginal,Cloudy,,Daylight,2700,,TRACON CMH,Air Carrier,Commercial Fixed Wing,,2,Part 121,IFR,Passenger,GPS,Final Approach,Other RNAV Y 10L,,,,,,,,,,,,,,,,,,,,,,,,,,,,,,,,,,,,,,,,,,,,,,,,,,,,,,,,,,,,,,,,Aircraft X,Flight Deck,Air Carrier,Captain; Pilot Flying,Flight Crew Instrument; Flight Crew Air Transport Pilot (ATP); Flight Crew Multiengine,,,Fatigue; Physiological - Other; Communication Breakdown; Situational Awareness,Party1 Flight Crew; Party2 ATC,,2119009,Aircraft X,Flight Deck,Air Carrier,First Officer; Pilot Not Flying,Flight Crew Instrument; Flight Crew Multiengine; Flight Crew Air Transport Pilot (ATP),,,Communication Breakdown; Situational Awareness,Party1 Flight Crew; Party2 ATC,,2119012,Deviation / Discrepancy - Procedural Published Material / Policy; Inflight Event / Encounter Unstabilized Approach; Inflight Event / Encounter CFTT / CFIT,,,Person Flight Crew,In-flight,Flight Crew Returned To Clearance,Weather; Human Factors,Human Factors,"On about a 4 mile final into CMH RNAV Y Runway 10L I broke out of the clouds and noticed a discrepancy in the Glide Path (GP) vs PAPI. I was showing on GP but 3 red on the PAPI. I then noticed we seemed low and that our altitude was not matching with what the RA should be. To rectify the situation I disconnected the Auto pilot (AP); leveled off the descent; and got myself back on two white; two red PAPI. Then I asked the First Officer (FO) to turn off my Flight Director (FD). We landed normally and I wondered if it was a wrong altimeter setting that might have caused the discrepancy. Sure enough; we had 29.98 set and the actual setting was 29.78.Suggestions: It was go home leg 3 of day 5 of a nearly 30 hr trip. We were tired and misheard/misread the altimeter setting from Approach and the ATIS. I knew the ceilings weren't too low in CMH so I wasn't too concerned at the time. I realize now how dangerous that situation could have been and need to be a much better judge of my own and my FO's potential fatigue and mental acuity. In the future I will be much more stringent in my Confirm; Activate; Monitor; Intervene (CAMI) and approach set up.",,"During initial descent into CMH; I was Pilot Monitoring (PM) and the Captain was Pilot Flying (PF). Center gave us a decent clearance and the altimeter setting at the field. During descent the Captain asked if the altimeter was 29.98 and I confirmed in the positive. I had misheard what ATC said and gave a false altimeter setting without verifying. In reality the altimeter setting was 29.78; this caused the plane to be indicating higher than actual altitude by approximately 200 ft. The field was overcast at 2;700 ft; once we broke out we saw the PAPIs indicating 3 red and one white and the plane appearing to be lower than the usual site picture. Once this was noticed the Captain took off auto-pilot and requested the flight director to be turned off. The plane landed without any further incidents.Suggestions: The best time to prevent this from happening in the future is during the decent checklist. In the future I'm going to make sure I have the most recent ATIS pulled up on the Multipurpose Control Display Unit (MCDU) while I read the altimeter verify line every time during the descent checklist; and not just verify that they are matching but ensure that the correct setting is being put in. I'm going to make a habit to point as well; similar to how I do when verifying that the landing data is set and when altitudes are set.",,"Air carrier crew reported an unstabilized approach where the flight was low on the final approach profile due to an incorrect altimeter setting. The Captain identified the low visual profile and regained the glide slope and landed normally.",
2121927,202405,1801-2400,ZZZ.Airport,US,,,,1300,,VMC,,,,,,Tower ZZZ,Air Carrier,B737 Undifferentiated or Other Model,,2,Part 121,IFR,Passenger,,Final Approach,,Class B ZZZ,,,,,,,,,,,,,,,,,,,,,,,,,,,,,,,,,,,,,,,,,,,,,,,,,,,,,,,,,,,,,,,Aircraft X,Flight Deck,Air Carrier,Pilot Flying; Captain,Flight Crew Instrument; Flight Crew Multiengine; Flight Crew Air Transport Pilot (ATP),Flight Crew Last 90 Days 146.55; Flight Crew Type 391.45,,Fatigue; Situational Awareness,,,2121927,,,,,,,,,,,,Deviation / Discrepancy - Procedural Published Material / Policy; Inflight Event / Encounter CFTT / CFIT; Inflight Event / Encounter Weather / Turbulence,,,Person Air Traffic Control,In-flight,Flight Crew Returned To Clearance; Flight Crew Took Evasive Action; Flight Crew Became Reoriented,Human Factors; Weather,Human Factors,"Received a vector outside of ZZZZZ that appeared to give us a short final (for the visual) to Runway XXR. The winds were 20 kts stronger above 1500 feet and; unrecognized from me; pushed us to intercept the final course just outside the FAF. While worrying about working to correct the potential to be too high and the ability to get lower and configure in time; I over corrected and drove an approach in from 1300 feet AGL to approximately 1000 feet AGL from the vicinity of the FAF. As we were picking up the PAPIs tower came to our aid and informed us of our low approach. At this time (approximately 1300 AGL and fully configured) I disconnected the autopilot and auto throttle and flew the rest of the approach off the PAPIs / visual.Additional Details:  Multiple delays and rescheduling of events in and around ZZZ added an element of fatigue to the crew. These delays also caused the flight crew to miss previously coordinated / scheduled meals.",,,,"B737 Captain reported receiving a low altitude from ATC during visual approach when the flight descended too low. Captain corrected and continued approach with visual reference to PAPIs.",
2122401,202405,1201-1800,ZZZ.Airport,US,,,,2000,,VMC,,,,,,Tower ZZZ,Air Carrier,B787-800,,3,Part 121,IFR,Passenger,,Initial Approach,Visual Approach,Class B ZZZ,,,,,,,,,,,,,,,,,,,,,,,,,,,,,,,,,,,,,,,,,,,,,,,,,,,,,,,,,,,,,,,Aircraft X,Flight Deck,Air Carrier,Pilot Not Flying; Captain,Flight Crew Air Transport Pilot (ATP); Flight Crew Instrument; Flight Crew Multiengine,,,Situational Awareness; Fatigue,,,2122401,Aircraft X,Flight Deck,Air Carrier,First Officer; Pilot Flying,Flight Crew Multiengine; Flight Crew Instrument; Flight Crew Air Transport Pilot (ATP),,,Situational Awareness; Training / Qualification,,,2122402,Deviation / Discrepancy - Procedural Published Material / Policy; Inflight Event / Encounter CFTT / CFIT; Inflight Event / Encounter Unstabilized Approach,,,Automation Aircraft Terrain Warning,,Air Traffic Control Issued Advisory / Alert; Flight Crew Took Evasive Action; Flight Crew Became Reoriented; Flight Crew FLC complied w / Automation / Advisory,Human Factors,Human Factors,"First Officer (F/O) approach and landing. Cleared to 2000 ft to intercept and subsequently cleared visual Runway XXR. We were slightly high and fast. Speed brakes were deployed.  Flaps and gear were deployed as speed was attained. Flew below glide slope and received appropriate aural alert. Continued below and leveled off with speed brakes still deployed. Relief Pilot called 'speed brake' and it was stowed. Aircraft was level; intercepted glide slope from below approximately 700 feet. Continued to a normal landing. Approach was made entirely in visual conditions and both terrain and obstacles were visible at all times. Cause: End of a long international flight. Maybe a little fatigue on my part as I just returned from my rest period. Pilot flying had been off for approximately 3 weeks. I should have intervened earlier in the approach but gave him the opportunity to correct things before calling for a go around or taking the aircraft. Suggestions: Not assuming skills of flying pilot.",,"On approach into ZZZ Runway XXR went below glide slope and received a Ground Proximity Warning System (GPWS) alert.Cause: My first flight back after a couple of weeks being out of the airplane. Came in on a visual to XXR. Turned into final too high and a bit fast. Let the approach get away from me. Ended up using some speed brake to recover and forget to retract them after catching the glide slope. Ended up descending below glide slope resulting in a Enhanced Ground Proximity Warning System (EGPWS) warning. Corrected the error and stabilized the approach by 500 feet. Resulting landing within the touchdown zone and on speed.Suggestions: I will not let the visual procedure put me in a position that requires unusual effort to a satisfactory result.",,"B787 flight crew reported going below glide slope during approach and receiving a GPWS alert. Flight crew corrected and continued approach to landing.",
2123454,202405,0601-1200,ZZZ.Airport,US,,,0,,,,,,Daylight,,,Ramp ZZZ,Air Carrier,A321,,2,Part 121,IFR,Passenger,,Taxi,,,,,,,,,,,,,,,,,,,,,,,,,,Engine Air Starter,,X,Improperly Operated,,,,,,,,,,,,,,,,,,,,,,,,,,,,,,,,,,,,Aircraft X,Flight Deck,Air Carrier,Captain; Pilot Flying,Flight Crew Multiengine; Flight Crew Instrument; Flight Crew Air Transport Pilot (ATP),,,Confusion; Fatigue; Situational Awareness; Workload,,,2123454,,,,,,,,,,,,Aircraft Equipment Problem Less Severe; Conflict Ground Conflict; Critical; Deviation / Discrepancy - Procedural Published Material / Policy; Flight Deck / Cabin / Aircraft Event Illness / Injury; Ground Event / Encounter Loss Of Aircraft Control,,,Automation Aircraft Other Automation; Person Flight Crew,Taxi,Flight Crew Took Evasive Action,Software and Automation; Aircraft; Human Factors,Human Factors,"During pushback from [Gate] XX our ground crew gave me the clearance to start engines. I told my First Officer (FO) to start number one; as the engine accelerated we got an ECAM; ENG 1 START FAULT. THRUST LEVER NOT AT IDLE. THRUST LEVER…IDLE. I Momentarily followed the ECAM and moved the thrust levers to idle but then moved them both to the climb detent in a moment of confusion! Before I could gather my thoughts the engine began accelerating; I stepped on the brakes pulling both thrust levers back to idle and turned off engine 1 master switch. I immediately contacted the push crew and asked if everyone was okay; they responded that all personnel and equipment was fine. I then contacted the flight attendants and asked if they were okay; our number 1 informed me that he may have injured his back. After contacting Operations I asked for the aircraft to be towed to the gate. I made an entry in the logbook and asked Maintenance to inspect the aircraft for damage. I then contacted the union for guidance; the Dispatch duty manager and met with a flight attendant manager. We were later given the all clear from Maintenance; the number 1 was replaced and we continued to ZZZ1.Cause: We began our day in ZZZ2; after being picked up a few minutes late by our driver we encountered a multiple car collision on the highway. I contacted our Dispatcher and he informed us that he would pass the information on to ZZZ2 Operations. 45 minutes later we got to the gate just before departure time. Now we are running late and several weather deviations and re-routes later we get to ZZZ where we change aircraft. Our outbound aircraft was delayed and during boarding I was asked to comfort a teenager who was on her very first flight and was fearful of flying. I gave her a tour of the flight deck and did my best to assure her that this was the safest way to ZZZ1. We then met our two jump seaters and many interruptions later began our pre-flight checks. As I commenced my flows we noticed that fueling was still in progress so I asked the number 1 not to close the boarding door. My FO; later informed me that we had our required fuel and from his vantage point the fueler was nowhere insight. I then asked our jump seaters to exit the flight deck while I proceeded down the jetway to see why we had the refueling memo. After having the Fueler secure the fuel door; I was back in the cockpit drenched in sweat. Suggestions: Just taking hold of the entire situation; slowing down; giving myself more time to complete tasks; using SOPs; My FO is new to the Airline and equipment; although he was extremely helpful and competent.",,,,"A321 Captain reported an engine starter warning during push back and engine start. The Captain improperly responded to the ECAM and immediately applied braking and shut down the engine to regain control of the aircraft.",
2125715,202406,,,,,,,,,,,,,,,,Air Carrier,EMB ERJ 170/175 ER/LR,,2,Part 121,,Passenger,,Cruise,,,,,,,,,,,,,,,,,,,,,,,,,,Pressurization System,,X,Failed,,,,,,,,,,,,,,,,,,,,,,,,,,,,,,,,,,,,Aircraft X,Flight Deck,Air Carrier,First Officer; Pilot Not Flying,Flight Crew Multiengine; Flight Crew Instrument; Flight Crew Air Transport Pilot (ATP),,,Fatigue,,,2125715,Aircraft X,Flight Deck,Air Carrier,Captain; Pilot Flying,Flight Crew Multiengine; Flight Crew Instrument; Flight Crew Air Transport Pilot (ATP),,,Fatigue,,,2125719,Aircraft Equipment Problem Critical,,,Automation Aircraft Other Automation; Person Flight Crew,In-flight,Flight Crew FLC complied w / Automation / Advisory; Flight Crew Landed in Emergency Condition; Flight Crew Diverted,Aircraft; Human Factors,Aircraft,"We were operating Aircraft X from ZZZ to ZZZ1. The aircraft we were flying had a Bleed 1 MEL. At 31;000 feet; around 45 minutes into the flight; we got an EICAS message for BLEED 2 FAIL. The Captain called for the appropriate QRH procedure; and as PM; I began running it. We requested a lower altitude with air traffic control; and [requested priority handling] while descending to 10;000 feet. During so; we put on our o2 masks. The CA established communication with our Flight Attendants and Dispatch. After completing the QRH procedure; the BLEED 2 FAIL message extinguished; but the cabin altitude continued to rise. By the time we leveled off at 10;000 feet; the cabin altitude was just above that number; and stabilizing. We started the APU and notified ATC that we were diverting to ZZZ2. ATC cleared us via vectors and told us to expect Runway XXC. After descending to 4;000 ft; and since the cabin altitude was under control; we decided to burn off about 2;000lbs of fuel to get under max landing weight. We proceeded to land on Runway XXC within limitations and taxied to the gate with no further incident.After securing the aircraft and deplaning passengers; CA was making various phone calls; one of them being crew scheduling. I notified the Captain that he could make the fatigue call for me since [requesting priority handling] and the late night flying around weather; I was going to remove myself for the next flight from ZZZ2 to ZZZ1.Cause: Mechanical failure in addition to an aircraft MEL.",,"Bleed one was on MEL; during cruise at FL310 EICAS message BLEED 2 FAIL appeared. We requested lower; and subsequently [requested priority handling] to descend to 10000 feet. The FO (PM) ran the appropriate QRH; the EICAS message cleared but cabin altitude continued to climb. We put on our O2 mask and cabin altitude rose to over 10000 before leveling off at 10000MSL. We started the APU and started working the diversion to ZZZ2. Had to burn 2000lbs of gas to get to landing weight. ATC vectored us for 20min. Spoke with the Flight Attendants; made a plan; and a passenger PA; also message Dispatch. ATC vectored us on the ILS XXC into ZZZ2. Normal within limits landing and taxi into the gate. Crew scheduling wanted us to continue our flight in another aircraft. After the [priority] and late hours I did not continue on; and removed myself from the flight for fatigue. Cause: Bleed system failures and MEL.",,"EMB-175 flight crew reported pressurization failure in cruise. Diverted and landed uneventfully.",
2127515,202406,1201-1800,TUS.Airport,AZ,,,,5500,,,,,,,,TRACON ZZZ,Air Carrier,Commercial Fixed Wing,,2,Part 121,IFR,Passenger,GPS; FMS Or FMC; Localizer/Glideslope/ILS RNAV Z 30,Initial Approach,Vectors,Class C ZZZ,,,,,,,,,,,,,,,,,,,,,,,,,,,,,,,,,,,,,,,,,,,,,,,,,,,,,,,,,,,,,,,Aircraft X,Flight Deck,Air Carrier,First Officer; Pilot Not Flying,Flight Crew Multiengine; Flight Crew Air Transport Pilot (ATP); Flight Crew Instrument,,,Situational Awareness; Fatigue; Human-Machine Interface; Workload,,,2127515,,,,,,,,,,,,Deviation - Altitude Overshoot; Deviation / Discrepancy - Procedural Clearance; Deviation / Discrepancy - Procedural Published Material / Policy; Inflight Event / Encounter CFTT / CFIT,,,Automation Air Traffic Control; Person Air Traffic Control,In-flight,Air Traffic Control Issued Advisory / Alert; Flight Crew Became Reoriented; Flight Crew Overrode Automation; Flight Crew Returned To Clearance,Human Factors,Human Factors,"At top of decent we briefed and reviewed approach. After established on RNAVZ 30 we received "FINAL APP" and set missed approach altitude. While configuring the airplane for the landing phase we noticed the path was possibly lower than what was published; before we had time to react ATC was already alerting us of low altitude. We were at 5;500 feet and immediately stopped the decent and approach. We then climbed to 6;200 feet and rejoined the approach.  We maintained 6200 until back established on the approach then descending to cross SAXIE at 4500 feet. We were stable by SAXIE continuing the approach and landed uneventful. Cause: Fatigue; delayed; not clearly labeled on the approach plate; airplane creating its own path disregarding the published altitudes.Suggestion: Have the altitude labeled on the chart vs lightly labeled on a line between points.",,,,"Air carrier First Officer reported receiving a low altitude alert from ATC while on initial approach.",
2131976,202406,,,,,,0,,,,,,,,,,Air Carrier,B777-200,,2,Part 121,,Passenger,,Parked,,,N,,,,Unscheduled Maintenance,Installation,,,,,,,,,,,,,,,,,,Pax Seat,,X,Malfunctioning,,,,,,,,,,,,,,,,,,,,,,,,,,,,,,,,,,,,,General Seating Area,Air Carrier,Technician,Maintenance Airframe; Maintenance Powerplant,,,Time Pressure; Distraction; Fatigue,,,2131976,,,,,,,,,,,,Aircraft Equipment Problem Critical; Deviation / Discrepancy - Procedural Published Material / Policy; Deviation / Discrepancy - Procedural FAR; Deviation / Discrepancy - Procedural Maintenance,,,Person Maintenance,Aircraft In Service At Gate,General Maintenance Action,Incorrect / Not Installed / Unavailable Part; Aircraft; Human Factors,Incorrect / Not Installed / Unavailable Part,"Installed seatback and hydro-lock per the CMM (Component Maintenance Manual) 25-62-82 for log-page XXXXXXX and XXXXXXY. Upon installation forgot to install the seatbelt shackle attachment fitting (P/N 1022492-125) causing seat to not have attachment points for seatbelt. During initial inspection of the seat; discovered various missing hardware and attachments which required researching and ordering parts. The seat had been worked on prior to arriving at ZZZ. Many parts were missing and not delivered on time during shift change. Time constraint was a factor as well due to scheduling for international flights. Towards the end of shift there was no manpower relief by oncoming shift; the resulting decision was to work overtime reluctantly to finish the completion of seat. Fatigue became onset during overtime hours and the cleaning crew were working within proximity of the work area that could have distracted line of thoughts. The seat was reassembled to the best of ability and appeared to be complete. Unfortunately; the shackle was not installed after reassembly because there were no spare parts remaining thinking the seat was complete.Suggested Resolution: Have hardware not misplaced and attached with seat or parts list of missing hardware damaged parts.",,,,"Technician reported forgetting to install seat belt shackle attachment fitting causing seat to not have attachment points for seat belt.",
2133015,202406,,ZZZZ.Airport,FO,,,,,,,,,,,,Tower ZZZZ,Air Carrier,B737 Undifferentiated or Other Model,,2,Part 121,IFR,Passenger,,Takeoff / Launch; Climb,,,,,,,,,,,,,,,,,,,,,,,,,,Flap Control (Trailing & Leading Edge),,X,Malfunctioning,,,,,,,,,,,,,,,,,,,,,,,,,,,,,,,,,,,,Aircraft X,Flight Deck,Air Carrier,Captain; Pilot Flying,Flight Crew Instrument; Flight Crew Multiengine; Flight Crew Air Transport Pilot (ATP),,,Workload; Fatigue; Human-Machine Interface; Troubleshooting,,,2133015,,,,,,,,,,,,Aircraft Equipment Problem Critical; Inflight Event / Encounter Weather / Turbulence,,,Automation Aircraft Other Automation; Person Flight Crew,In-flight,Air Traffic Control Provided Assistance; Flight Crew Returned To Departure Airport; Flight Crew Landed in Emergency Condition; Flight Crew Requested ATC Assistance / Clarification; General Maintenance Action; General Flight Cancelled / Delayed,Aircraft,Aircraft,"[Requested priority handling] (flight control malfunction); while in Mountainous terrain and thunderstorms within the vicinity of the airport resulting in an air-return; Long Tarmac delay; parked at a non-operational gate;  difficulty communication and coordination; with ZZZZ [airport] operations: difficulty communication with company (using other peoples; cell phones):While taxiing to runway XX; we completed the "Before Takeoff Checklist"; including the Takeoff configuration". As we received position and hold on runway XX; we obtained an amended takeoff clearance to turn on a heading of 140 and climb and maintain 4;000'. Take off roll was normal; and immediately after liftoff; we received a momentary "takeoff warning".  I promptly verified that the speed brake handle was fully forward in the retract position as I remembered this was an issue with the micro switch; and I also verified that the flap handle was in the Flaps 5 detent. The takeoff warning only lasted approximately 3-4 seconds; and we continued to climb to the assigned altitude and heading. At this time; I noticed that the flap indicator had a split; I believe the right flap was at 5; and the left flap was less than 5 with a definitive split. I instructed First Officer to turn on the autopilot. I immediately informed the tower that we had a mechanical issue with the flaps and would return to the airport; so I [requested priority handling]. We requested vectors to give us time to work on the checklists; coordinate with the flight attendants briefing and send a message to dispatch via the "Divert" function on the ACARS. First Officer continued to fly the aircraft and communicate with the tower while being vectored. I ensured that one of us remained in "Terrain" due to the terrain in the area while the other had "WX radar" active due to the storms near the airport. Fortunately; the initial heading kept us away from any terrain. I proceeded to the Non-Normal checklist and determined the issue was "(NG) Flaps Trailing Edge Flaps Asymmetry" Non-normal Checklist. I petitioned ATC that we needed the straight in ILS Z XX.  They asked if we were ready to proceed; and I replied; "No;" as we needed vectors (time) to prepare. While First Officer continued as pilot flying and I pilot monitoring; I completed the following necessary tasks: Non-normal checklist; loaded the approach and extended off the farthest waypoint; set VREF 40+30 plus wind additive; re-cruised the VNAV; briefed the approach; briefed the FAs; etc. Upon completion; I stated that I was ready to transfer controls to execute the landing.  As I took control; I instructed the First Officer to double-check and verify that I completed the necessary checklists; including the landing distance assessment due to the high approach speeds and runway conditions. We also asked for braking action reports; which were reported as "Good" by an Airbus 320.  I asked for the "DEFERRED items" checklist and gave the Double Chime indicating imminent landing. We informed tower ATC that we were ready to commence the approach and to have equipment standing by. We broke out about 600' on the ILS and landed smooth and firm with Max reverse thrust and MAX Autobrakes. We exited the runway at taxiway 1 and requested the equipment to follow us to the gate to ensure no issues with our brakes or tires. I also requested a thermal scan of the brakes; to which they replied that it was "normal". Operations had us park at the gate; which was not operational. After completing the parking checklist; I made the necessary ELB (Electronic Log Book) right-ups; one for the Trailing Edge Flaps Asymmetry Log and another for the overweight landing log.  Interestingly; the flap indicators at that time showed both flaps with no split at flaps 2; our detent that was dictated in step 1 of the Non-normal checklist. I had a debrief with the First Officer and thanked him for his expertise.  I contacted Operations; who informed me that they were bringing portable stairs to the aircraft.  I explained to them we were at a non-operational gate. Therefore; I requested a gate change with a working jet bridge to offer egress. After the stairs were installed and the main cabin door opened; the gate agent and mechanic wanted to speak to me and entered the flight deck. The mechanic wanted the failure details; and the gate agent requested "on/in" times. After talking to the gate agent and the mechanic; I went in the forward entry and made a PA to the passengers; briefly explaining what had happened without giving too many details. I kept it simple to reassure them and mentioned that we were in the process of getting a new gate.  I asked the flight attendants to give the passengers whatever snacks; drinks; or water. I used the First Officer's phone to call Dispatch. In hindsight; I learned that I should have called the Chief Pilot first. The Chief Pilot called the First Officer's phone to speak to me. (The first officer has an international data plan; while I did not).  I do not recall the name of the Chief Pilot I spoke to; I should have written it down.   After talking to Dispatch; I talked to Maintenance Control via the mechanic's phone and gave them the details of what happened. Throughout the time on the ground; I had difficulty communicating with the ZZZZ [airport] Operations due to language barriers and their slow response as I insisted on a gate. Maintenance continued to complete the tasks set out by Maintenance Control. I asked if the mechanics physically looked at the flap transmitters; wiring; rigging; etc.; and their reply was they were doing a BITE (Built In Test Equipment) test via the avionics bay while running through each of the flap settings. As time progressed (it was approximately an hour since I blocked in); I kept requesting a gate due to the long tarmac delay. Another gate finally opened; but we had to wait for another air carrier to vacate. When it was time; I told the passengers to take their seats; and we were towed to the gate. Then; all the passengers deplaned. Maintenance continued running tests and eventually signed off the paperwork. As my adrenaline began to drop; I realized that I was physically and emotionally drained from the experience.  I asked the First Officer how he was doing since I did not think it was best for me to continue. He conveyed that he was fit to continue. A deadheading pilot; a Captain B; offered to inquire to see if he was legal to fly. I decided to call Crew Scheduling to inform them of the situation and request a pilot change because I was physically and emotionally drained.  Scheduling asked when I would be fit for duty; calling out numbers; i.e.; 10hrs; 11hrs; etc.; frankly; I was so drained; I replied 10.  They scheduled me to deadhead back to ZZZ [airport] the next day. I asked if I could fly back to ZZZ later that day. Then; I realized I could ride the jump seat on the flight; basically swapping positions with Captain B. Scheduling and I conferred and chose the jump seat option on the flight. They instructed me to notify them when I landed in ZZZ [airport]; which I did later that evening. I asked Capt. B if I could fly in the jump seat and he said yes. The gate agent offered me the Deadheading captain's seat as an option; but I elected to remain in the jump seat just in case any problems developed again; I felt I could assist. Once we got confirmation that Capt.  B was legal and could fly the trip; I went up to the gate; received my jump seat pass; and made a public announcement to the passengers that I would no longer be the captain of the aircraft and Capt. B would be in charge. We flew back to ZZZ without any further issues. I reached out to the Chief Pilot after I arrived in ZZZ.",,,,"B737 Captain reported a flap asymmetry during takeoff resulted in return to departure airport and safe landing.",
2135391,202406,1201-1800,ZZZ.Tower,US,,,,,,VMC,,,,,,Tower ZZZ,Air Carrier,B737 Undifferentiated or Other Model,,2,Part 121,IFR,Passenger,,Final Approach,Visual Approach,Class B ZZZ,,,,,,,,,,,,,,,,,,,,,,,,,,,,,,,,,,,,,,,,,,,,,,,,,,,,,,,,,,,,,,,Aircraft X,Flight Deck,Air Carrier,Pilot Not Flying; First Officer,Flight Crew Multiengine; Flight Crew Instrument; Flight Crew Air Transport Pilot (ATP),Flight Crew Last 90 Days 45.25; Flight Crew Total 45.25; Flight Crew Type 45.25,,Fatigue,,,2135391,,,,,,,,,,,,ATC Issue All Types; Deviation - Track / Heading All Types; Deviation / Discrepancy - Procedural Published Material / Policy; Inflight Event / Encounter Weather / Turbulence; Inflight Event / Encounter Unstabilized Approach; Inflight Event / Encounter CFTT / CFIT,,,Person Air Traffic Control,In-flight,Air Traffic Control Issued Advisory / Alert,Human Factors,Human Factors,"We saw ZZZ was landing XX due to winds; a rare airport configuration and we selected the wrong approach.During the flight I noticed I had missed a few radio calls; uncharacteristic for me (now believing this to being a sign of fatigue); I had done the stadium visual previously. The PF briefed the arrival; planning flaps 40 on landing.On while on approach; glide path and lateral nav were locked in until the tower controller announced in a stern voice we were too far east and to correct immediately; as we began to turn tighter towards the airport on base we quickly got a low altitude alert from atc which confused me as we were on centerline horizontally and vertically of the approach. Path was safely adjusted after I verified we were clear of terrain by looking outside and confirmation of obstacles/terrain alt on the Navigation Display (ND). I was distracted by fatigue and the mental task load of went wrong a minute ago. The PF had his hands full with a very busy approach in very gusty/turbulent conditions with winds 300@28G40. We conducted a stable approach with flaps 30 instead of flaps 40; recognized it late; and configured below stable approach mins; at the same time ATC asked us to expedite at the same time; we then executed a safe landing.",,,,"Air carrier flight crew reported while on a visual approach they made an unstable approach resulting in ATC issuing a low altitude alert. The flight crew landed safely at the airport.",
2137481,202406,1801-2400,DCA.Airport,DC,,,,3000,,VMC,,,,,,TRACON PCT,Air Carrier,Commercial Fixed Wing,,2,Part 121,IFR,Passenger,,Final Approach,,Class B DCA,,,,,,,,,,,,,,,,,,,,,,,,,,,,,,,,,,,,,,,,,,,,,,,,,,,,,,,,,,,,,,,Aircraft X,Flight Deck,Air Carrier,Captain; Pilot Flying,Flight Crew Instrument; Flight Crew Air Transport Pilot (ATP); Flight Crew Multiengine,Flight Crew Last 90 Days 162.53; Flight Crew Type 222.30,,Fatigue; Situational Awareness,,,2137481,Aircraft X,Flight Deck,Air Carrier,First Officer; Pilot Not Flying,Flight Crew Air Transport Pilot (ATP); Flight Crew Instrument; Flight Crew Multiengine,Flight Crew Last 90 Days 184.35; Flight Crew Type 993.73,,Situational Awareness,,,2137427,Deviation - Altitude Crossing Restriction Not Met; Deviation - Altitude Overshoot; Inflight Event / Encounter Unstabilized Approach; Inflight Event / Encounter CFTT / CFIT,,,Person Air Traffic Control; Person Flight Crew,In-flight,Air Traffic Control Issued Advisory / Alert; Flight Crew Took Evasive Action; Flight Crew Returned To Clearance; Flight Crew Became Reoriented,Human Factors,Human Factors,"When cleared for the RNP approach Runway 19 into DCA we missed an altitude restriction at DERIC and GREYZ. When cleared for the approach we proceeded direct to FERGI and forgot to rearm VNAV after being vectored through the final approach course. During the descent we had been in and out of VNAV due to weather and aircraft spacing. Upon being vectored away from FERGI we placed the aircraft into a Level Change descent to comply with ATC instructions. Once we were cleared for the approach the aircraft was not placed back into VNAV. I believe a major factor contributing to this event was unrealized fatigue. During the approach I remember going through the checklist in my head; but I don't remember selecting any buttons on the Mode Control Panel (MCP) or checking the Flight Mode Annunciator's (FMAs) after doing so. It was at this point I realized that I was more tired than I had noticed during the flight. I believe the aircraft was on the path crossing FERGI which was why I did not notice the aircraft being off path until DERIC. When I began configuring the aircraft for landing the increased drag caused us to descend faster; which I did not notice because I became fixated crosschecking the lateral position of the aircraft on the approach. About the time we crossed DERIC I felt that the vertical position of the aircraft was low.At this time I checked both the FMC and the approach plate for the correct altitude and realized we had missed the restriction at DERIC and were about to continue below the restriction between DERIC and GREYZ. At this time I disconnected the autopilot and leveled the aircraft at aroudn 1650 ft. MSL and climbed back up to 1700 ft. MSL as that was the restriction on the portion of the approach we were on. At this time ATC also noticed our deviation with a low altitude alert and was acknowledged by the First Officer. We attempted to place the aircraft back into VNAV and turned on the autopilot however the aircraft started to begin a decent again. I disconnected the autopilot again; maintained 1700 ft. and elected to continue the approach as the aircraft was stable and now established on the correct vertical and lateral portions of the approach and we were in visual conditions. We continued the approach with the autopilot off and manually verified the vertical altitudes throughout the rest of the approach and landed without further issue.For the fatigue portion. The first overnight was in ABQ and we arrived slightly late and then it takes me about an hour to wind down and get to sleep. In order to get a full 8 hours of sleep at the hotel I had to force myself to sleep for the last hour or two because I am acclimated to the East Coast. The second overnight in Nashville it took us over an hour to get to the hotel due to a concert letting out and then after I wound down and tried to go to sleep there was still a large amount of partying going on outside of the hotel that I could hear in my room even on the 20th floor. We got to the hotel about midnight. I was woken multiple times during the first part of the night; but I do not know how late into the night the noise went. I attempted to have white noise on my phone to drown the noise as well but it was not enough. In the morning I woke up around 9am and felt rested. Then during our first deadhead I felt myself get tire and was able to take about a 45 minute nap. This was probably why I felt rested for the majority of the flight to DCA. However my fatigue level was quite apparent after landing and during the drive home.",,"Got vectored around and through FAC; also given a descent clearance from 5000 to 3000. Then given instructions to cross FERGI at 3000 ft. and clears for the RNP 19. The CA was the PF and didn't engage VNAV; he was still in LVL Change. I dialed in the TDZ elevation once we crossed FERGI. He noticed we were low; disconnected autopilot (AP) and climbed back up to alt. We then got a call from Tower about a low altitude alert. I acknowledged and we confined the rest of the approach without incident to a full landing.",,"Air carrier flight crew reported receiving a low altitude alert from ATC on approach to DCA.",
2137595,202407,0601-1200,WBSB.Airport,FO,,,0,,,Marginal,,,Daylight,,,Ground WBSB,Air Carrier,Commercial Fixed Wing,,2,Part 121,IFR,Cargo / Freight / Delivery,,Taxi,,,,,,,,,,,,,,,,,,,,,,,,,,,,,,,,,,,,,,,,,,,,,,,,,,,,,,,,,,,,,,,,,,Flight Deck,Air Carrier,Captain; Pilot Flying,Flight Crew Instrument; Flight Crew Multiengine; Flight Crew Air Transport Pilot (ATP),,,Fatigue; Distraction; Situational Awareness; Confusion,,,2137595,,,,,,,,,,,,Deviation / Discrepancy - Procedural Clearance; Ground Incursion Taxiway,,,Person Air Traffic Control,Taxi,Air Traffic Control Provided Assistance; Air Traffic Control Issued New Clearance; Flight Crew Became Reoriented; Flight Crew Requested ATC Assistance / Clarification,Human Factors; Environment - Non Weather Related; Airport; Chart Or Publication,Chart Or Publication,"At WBSB; we were given taxi instructions from the military side of the airport to exit M1; turn right and hold short of Runway 03 at W4. The airport diagram on the EFB has no identifiers for the military taxiways. The only description of W4 is in the temporary construction page which shows W4 at the end of 03. The grass was also overgrown around the taxiway which obscured the signs identifying our current position. While taxiing; we were given our clearance from ATC. As we confirmed the instructions; verified our position on the EFB; we missed the hold short line that was not at the end of the runway; but several hundred feet down the taxiway. I was taxiing to the sign at the end of the runway and not looking close in to see the hold short line. Once past the line ATC asked if we were going to stop at W4. Thinking the hold short line was ahead of us; we replied we were approaching W4. ATC informed us we had passed the line and gave us instructions to line up and wait on Runway 03. We took off without further incident and completed the flight without complication.We were still on the extended parallel taxiway and did not enter the actual runway environment. No metal was bent; and no aircraft was in danger. Cause: This set of flights was much delayed (17 hrs from originally scheduled) due the maintenance issues; fatigue calls; and time restrictive NOTAMS. While I did not judge myself to be fatigued; I was also not at 100% 12 hours into my duty day. At an unfamiliar airport; with task saturation; I should have stopped the plane when we were given our clearance and confirmed our position without assuming the hold short line placement.",,,,"Air carrier Captain reported inadvertently crossing a hold short line due to overgrown grass obstructing signage and a lack of labeling on the WBSB airport diagram.",
2142579,202407,0601-1200,ORD.Airport,IL,,,,6800,,VMC,,,,,,TRACON C90,Air Carrier,B737 MAX 9,,2,Part 121,IFR,Passenger,,Descent; Final Approach; Initial Approach,,Class B ORD,,,,,,,,,,,,,,,,,,,,,,,,,,,,TRACON C90,Air Carrier,B747 Undifferentiated or Other Model,,,Part 121,IFR,,,Descent; Initial Approach,,,,,,,,,,,,,,,,,,,,,,,,,,Aircraft X,Flight Deck,Air Carrier,First Officer; Pilot Flying,Flight Crew Multiengine; Flight Crew Instrument; Flight Crew Air Transport Pilot (ATP),Flight Crew Last 90 Days 143.25; Flight Crew Type 728.53,,Situational Awareness; Fatigue; Workload,,,2142579,Aircraft X,Flight Deck,Air Carrier,Captain; Pilot Not Flying,Flight Crew Multiengine; Flight Crew Air Transport Pilot (ATP); Flight Crew Instrument,Flight Crew Last 90 Days 138.9; Flight Crew Type 2362.07,,Confusion; Distraction; Fatigue; Situational Awareness,,,2141936,Deviation - Altitude Crossing Restriction Not Met; Deviation - Altitude Overshoot; Deviation / Discrepancy - Procedural Clearance; Deviation / Discrepancy - Procedural Published Material / Policy; Inflight Event / Encounter Wake Vortex Encounter,,,Person Air Traffic Control,In-flight,Air Traffic Control Issued New Clearance; Flight Crew Became Reoriented; Flight Crew Returned To Clearance,Environment - Non Weather Related; Human Factors; Procedure,Human Factors,"On the arrival into ORD after flying the redeye in; we were flying on the FYTTE 7 arrival and had briefed the approach initially for runway 09L. Below 18;000 ft; we began to hit significant wake turbulence from a proceeding 747 ahead in which we inquired about. Upon checking in with ORD approach we were assigned the RNAV 10C. PM loaded and confirmed the approach. We briefed the new approach and continued on vectors where we still hit significant wake turbulence from the 747 ahead. Approached cleared us to cross KYLAA at 7;000 cleared for the RNAV 10C. Autopilot was on; approached was armed and the aircraft intercepted the course normally and touchdown zone elevation was set. As the aircraft began to descent in VNAV Path; I looked on the chart to verify what the DME was for KYLAA at that point realizing there was no way to find DME since we were on an RNAV arrival and the full approach was not loaded in the FMC so KYLAA was not depicted on the approach. The Approach Controller then inquired about what altitude we were descending to; told us to turn level off at 6;000 ft. Upon leveling off we were then cleared for the visual to 10C where a normal landing occurred.  I believe some of the contributing factors were fatigue from the redeye flight; dealing with the wake turbulence; expecting a different runway/different approach than normally used for the assigned runway as well as not realizing the initial fix we were cleared to cross was in fact not loaded in the FMC.",,"Coming in on a redeye on the FYTTE 7 STAR.  ORD Advertising ILS to 9L as well as RNAV 10C.  We opted to set up for the ILS 9L.  Chicago Center had us in trail of a B747.  The numerous incidents of being affected by the B747's wake became a distraction that continued throughout the arrival and approach.  Chicago Approach; on initial contact; assigned up the RNAV 10C.  As PM; I set up the FMC but did not select any type of transition.  We were rushed/interrupted due to multiple calls from approach with various instructions as well as distracted by the continuous encounters with the B747 wake.  We heard approach query a flight that was two or three ahead of us as to their altitude being low for where they were on the approach.  The FO and I quickly discussed that and said we'd use DME (as we normally would do on an ILS) to ensure we crossed the various fixes at the charted altitudes.  FO asked me to extend SHARN.  Approach assigned us a heading to intercept and to maintain 7;000 until KYLAA.  We intercepted the LNAV course and went straight to rote procedural steps of setting TDZE and selecting VNAV without ensuring the other fixes (KYLAA and PEPAW) were in the legs page and became a bit perplexed (most likely due to fatigue from the redeye) that we didn't have DME to reference the fixes mentioned.  By the time we figured out we had started down too early; approach control admonished us for descending too early; assigned us 6;000 ft and subsequently assigned us the visual to 10C when we reported the airport in sight.  Rest of approach; landing; etc.; uneventful. We wrongfully assumed that we'd have DME as a backup to identify the fixes on the approach to ensure altitude compliance. Ultimately it is our responsibility to correctly fly the approach however; the numerous radio calls from approach (after assigning an approach we didn't plan;) the high number of 'bites' from the preceding B747; fatigue; and an assumption that we would have some sort of DME backup were factors in this occasion.",,"B737 flight crew reported an altitude deviation on arrival into ORD; citing fatigue; late runway change; and a wake turbulence encounter as contributing.",
2143325,202407,0001-0600,ZZZ.Airport,US,,,0,,,,,,,,,Ramp ZZZ,Air Carrier,A321,,2,Part 121,IFR,Passenger,,Taxi,,,,,,,,,,,,,,,,,,,,,,,,,,Parking Brake,,X,Improperly Operated,,,,,,,,,,,,,,,,,,,,,,,,,,,,,,,,,,,,Aircraft X,Flight Deck,Air Carrier,Pilot Flying,Flight Crew Multiengine; Flight Crew Air Transport Pilot (ATP); Flight Crew Instrument,,,Situational Awareness; Workload; Confusion; Distraction; Fatigue,,,2143325,,,,,,,,,,,,Aircraft Equipment Problem Less Severe; Deviation / Discrepancy - Procedural Published Material / Policy; Ground Event / Encounter Loss Of Aircraft Control; Ground Incursion Ramp,,,Person Flight Crew,Aircraft In Service At Gate,Flight Crew Regained Aircraft Control; Flight Crew Became Reoriented,Human Factors; Aircraft; Procedure,Procedure,"Arrived at the tow-in spot for gate XX; I set the parking brake and verified that the triple indicator was all in the green. I released the foot pedal brakes and shut down the motor. A moment later; I caught movement in my peripheral vision the aircraft was moving forward. I near simultaneously scanned the triple indicator; which showed zero; checked the parking brake; which was set; pressed the foot pedal again and recycled the anti-skid switch. The aircraft stopped. It all happened very quickly; and the aircraft moved forward. I called ground ops to check if they were okay; and they confirmed they were. After reaching the gate; we requested maintenance. When they arrived; I explained what had occurred and mentioned that I hadn't logged anything in the book because I didn't understand how it had happened or how to explain it concisely. They assured me they would handle it. Upon reflection later; I realized that I had shut down motor 1 first instead of motor 2. After further reflection later the next day; it seems right after the electrical transfer to the APU generator; yellow pressure was lost with the parking brake in the set position; resulting in the triple indicator brake pressure reading zero. Fatigue contributed to shutting down number 1 first and being out of sequence with a tow into the gate versus arriving at the gate and shutting down. I believed that maintenance would take the information I provided and make the necessary corrective actions and log book entry. I should have made the log book entry myself instead of delegating it to maintenance; however I was still in shock and stunned by what had just occurred and was unable to process what occurred until at a later time.",,,,"Air carrier pilot reported the parking brake failed while parking at the gate due to shutting down the incorrect engine.",
2143327,202407,1201-1800,ZZZ.Airport,US,,,,,,,,,,,,Ramp ZZZ,Air Carrier,EMB ERJ 170/175 ER/LR,,2,Part 121,IFR,Passenger,,Taxi,,,,,,,,,,,,,,,,,,,,,,,,,,,,,,,,,,,,,,,,,,,,,,,,,,,,,,,,,,,,,,,,,Aircraft X,Flight Deck,Air Carrier,Captain,Flight Crew Instrument; Flight Crew Air Transport Pilot (ATP); Flight Crew Multiengine,,,Situational Awareness; Distraction; Confusion; Communication Breakdown; Fatigue,Party1 Flight Crew; Party2 Flight Crew,,2143327,Aircraft X,Flight Deck,Air Carrier,First Officer,Flight Crew Instrument; Flight Crew Multiengine; Flight Crew Air Transport Pilot (ATP),,,Confusion; Communication Breakdown; Workload; Fatigue; Situational Awareness; Distraction,Party1 Flight Crew; Party2 Flight Crew,,2143343,Deviation / Discrepancy - Procedural Published Material / Policy; Ground Event / Encounter Loss Of Aircraft Control; Ground Incursion Ramp; Inflight Event / Encounter Unstabilized Approach,,,Person Flight Crew,Aircraft In Service At Gate,Flight Crew Became Reoriented; Flight Crew Regained Aircraft Control,Environment - Non Weather Related; Human Factors; Procedure,Human Factors,"We had a long day and had done a go around after being set up on a long final and being slowed to 170kts well before turning onto final. Fatigue from the long day and Dodging storms had set in and I stopped configuring in a timely manner and was not fully configured by 1000ft. After the go around and coming back to land we made it to the gate. I stopped and saw the ramper shake his head but I took off my headset not thinking anything of it. Apparently The ramper stopped us too late and then said they needed to push us back into our spot. The FO's head set was still on and heard ramp say they were going to push us back and told me. I then went to grab my headset and the FO said they are ready for brakes. I then got my headset on and released the brakes while saying what I was doing. We started to roll slightly back and the ramper yelled no and I put the brakes back on. There was a miscommunication between the 3 of us. After I put the brakes on again the ramper realized we were now in the proper spot and that was the end of it. I learned that I must be the one in communication ramp and must be the one to hear the commands since I will have control of the brakes. I was also reminded that no matter how long of a day it is I must continue to be vigilant no matter where I am on the ground or in flight.",,"Events leading up to the incident. Dodging thunderstorms through out the flight. Extremely congested frequencies with approach; and then finally getting on a long final approach at 170 knots assigned until ZZZZZ; we had flaps 2. Given we were ending our day and on the long final; our flows were a messed up and we needed to execute a go around due to configuration. As we came back around and got on the ground; we approached the gate. Once we were there and parking brake set; we began our flows. Captain had their head set off and right before I removed mine I saw ramp waving their arms and I quickly called in. They said I need to push you back; they marshaled us in too far. I repeated this back to them; and the Captain heard me say this. Ramp then asked if we were ready. I asked if he was ready for brakes while the Captain was grabbing their head set. I asked ramp if they were ready. Because the tone of my voice while talking with the ramp  the Captain believed the ramp was ready; not that I was confirming with ramp to see if they were. Tthe brakes were released and we rolled back to the point were needed to be at. However; all through  the confusion it worked out; it brought up the issues of me as a FO should have told ramp to stand by until the Captain was ready to join and lead the conversation. Do not converse with ramp until we both are listening in specially when it is in regards to movement",,"A flight crew reported a miscommunication lead the Captain to release the brakes too early while parking at the gate and the aircraft rolled backwards.",
2143599,202407,1201-1800,ZZZ.Airport,US,,,0,,,VMC,,,Night,,,,Air Carrier,EMB ERJ 170/175 ER/LR,,2,Part 121,IFR,Passenger,,Taxi,,,,,,,,,,,,,,,,,,,,,,,,,,Hydraulic System Pump,,X,Failed,,,,,,,,,,,,,,,,,,,,,,,,,,,,,,,,,,,,Aircraft X,Flight Deck,Air Carrier,Pilot Not Flying; First Officer,Flight Crew Air Transport Pilot (ATP); Flight Crew Instrument; Flight Crew Multiengine,,,Fatigue; Human-Machine Interface; Troubleshooting; Communication Breakdown,Party1 Flight Crew; Party2 Maintenance,,2143599,Aircraft X,,,Pilot Flying; Captain,,,,Distraction; Troubleshooting; Fatigue; Human-Machine Interface; Time Pressure,,,2143605,Aircraft Equipment Problem Critical; Deviation / Discrepancy - Procedural Published Material / Policy,,,Person Maintenance,In-flight,General Maintenance Action,Human Factors; Manuals; Procedure; Aircraft,Ambiguous,"The previous three flights leading up to the event had operated smoothly. I had received the proper amount of rest; 8 hours; I ate healthy; and hydrated throughout the day. Following a X:XX hour[s] sit in ZZZ we began our fourth and final leg of the day scheduled to depart at XA:35. We continued with normal operations and began to push back from the gate. After a normal start on both engines we ran through the after start flow. During the flight control check we received a HYD 3 LO PRES Caution message on EICAS. Up to this point our flows had been competed correctly and all systems were functioning normally. The parking break was set and we utilized company guidance to handle the situation. I advised Ground Control that we would remain on the taxiway while we dealt with the maintenance issue. I opened up the Hydraulic synoptic page and saw that Hydraulic pump 3A was not functioning. We opened up the associated QRH procedure and after turning pump 3B to ON and 3A to OFF the EICAS Caution message for HYD 3 LO PRES was extinguished; leaving two crew awareness messages; HYD 3A NOT ON and HYD PUMP NOT AUTO. At that point we discussed how operation on the backup Hydraulic 3B pump would affect operations in the event of a system 3 failure in flight. After discussion the Captain stated that he was comfortable with the situation and there was no need to return to the gate due to the message being resolved with the QRH procedure after blockout and that we can write it up on the ground in ZZZ1. I agreed with his decision and advised Ground Control that we were ready to taxi. We departed off Runway XXR without issue and proceeded to ZZZ1. In flight; the Captain sent a message to Maintenance Control advising them that he would be writing up the HYD 3 LO PRES on the ground. Maintenance Control messaged back saying; "that is a no-Dispatch message; where are you?". We were unable to reply at the time due to already beginning the descent in ZZZ1. We then landed and taxied into the gate without issue. After the shutdown procedure the Captain wrote up the issue and called Maintenance Control. Cause: Looking back on the situation; my mental acuity was not as sharp as it was in the beginning of the day. Three prior legs with a X:XX hour[s] sit prior to our final leg contributed to my mental fatigue. I should have took more time to assess the situation; and be less agreeable with the Captain's decision to continue the flight rather than return to the gate. However; the flight was safely completed after following the appropriate procedures and understanding the risk of the associated maintenance issue. The policy and procedures state that the "flight is authorized to continue provided the QRH procedure corrects the irregularity." The associated QRH procedure we used resolved the Caution message and left us with the two crew awareness messages. Solution: This was my first time dealing with a Caution message after block out during my 450 hours on the line. It had been a long day and this was an unexpected threat. In the future I will be sure to slow down my decision making and be more assertive with my opinions regarding the operation of flights. I will also make sure Maintenance Control is contacted once a maintenance issue is presented after block out of the aircraft. If we had contacted Maintenance Control on the ground; rather than solving the message with the QRH procedure and operating the flight on the backup hydraulic pump; we would have known not to continue the flight and to return to the gate.",,"We were starting leg four of four after a X+ hour sit in ZZZ with the flight scheduled to depart at XA:35. The day had been uneventful thus far and I had attempted to take a nap in the crew quiet room. I was unable to rest in the quiet room as it smelled like a locker room; could hear the jet bridge alarms; and I could hear all the vehicles driving by next to the building. During the sit I ate a fairly healthy meal warmed up in the microwave. Once we got to the plane and started it up; the Flight Data Recorder had some issues to which it was a non-issue after writing it up. As we neared departure time; we were informed of a connection hold which likely caused our X minute delay as we had to wait for the cargo to be finalized. We continued with normal operations and started pushing back. As we pushed back; we started the engines and everything was normal. When performing the flight control test; we got a HYD 3 LO PRES message on EICAS. Up to this point; flows had been done correctly and HYD 3a was in the on position. We used the team model to work through the problem with the parking brake set and let ground control we would need some time to work out the problem. We opened the synoptic page and saw Hydraulic pump 3a was not functioning; opened the QRH and ran the procedure. The procedure had us turn pump 3b on and 3a off; this solved the caution message and left us with two advisory messages: HYD 3A NOT ON and HYD PUMP NOT AUTO (both crew awareness messages). At this point we discussed how the lack of this pump would affect system operations and looked at the tree of QRH procedures to determine if we needed to return to gate. Based on the resulting loss of a backup pump for system 3; we decided the ramifications were not limiting to the completion of the flight. I made the decision to move forward and continue the flight with the understanding that our flight controls would be limited to hydraulic systems 1 and 2 maintaining flight controls should system 3 become inoperative; eg; "backup hydraulic power to RH [control surfaces]" would not be available. On a personal note; I did not have the same mental acuity as when the day started; there was some target fixation on wanting to finish the work day; and a little pressure to rush due to the delay. We continued the flight with no issues and I sent a message to Maintenance Control to inform them of the issue and they raised concerns about my decision to continue the flight which was very distracting during the flight. Once we were approaching our destination; we focused on the safe completion of the flight over discussing maintenance controls messaging. The rest of the flight was uneventful; we made it to our destination with no issues; and I wrote up the issue per FOM describing a maintenance issue after block out. Cause: A flight was completed after following procedures and using discretion understanding the risks of the associated maintenance issue. The policy and procedures state that the "flight is authorized to continue…provided the procedure corrects the irregularity." In this case the QRH caused the caution message to extinguish and the advisory messages were crew awareness to which we had assessed the risks.Solution: If we are not to fly with the QRH solving the problem and understanding the risks after block out; it should be documented and communicated. A distinction between a "necessary" piece of equipment such as a backup hydraulic pump and solving the resulting message prior to takeoff should be made in the way mechanical irregularities are to be managed. Take away the human factor of decision making in broken equipment. Based on reviewing more information; the lack of the 3a pump would be one step closer to an NTSB reportable item and would have been a no-fly item.",,"ERJ 175 flight crew reported they departed with a hydraulic system issue and were informed in flight the aircraft should not have been dispatched. After landing at destination; flight crew completed required maintenance follow-up.",
2146199,202407,,,,,,0,,,,,,,,,,Air Carrier,Commercial Fixed Wing,,2,Part 121,IFR,,,Taxi,,,,,,,,,,,,,,,,,,,,,,,,,,Parking Brake,,,Improperly Operated,,,,,,,,,,,,,,,,,,,,,,,,,,,,,,,,,,,,Gate / Ramp / Line,,,Ramp,,,,Fatigue,,,2146199,,,,,,,,,,,,Aircraft Equipment Problem Less Severe; Deviation / Discrepancy - Procedural Published Material / Policy; Ground Event / Encounter Loss Of Aircraft Control,,,Person Ground Personnel,Taxi,Flight Crew Regained Aircraft Control; Flight Crew Took Evasive Action,Procedure; Aircraft; Human Factors,Human Factors,"I was at gate on Day 0 around about XA:10 - XA:45 had arrival pilot was coming in fast and appears; to be in a heavy conversation; I gave the the stop signal; and she went over the line; I tell my agent to chock the plane while I go get the headset; put in the headset; put in and tell the pilot set brakes; but pilot release brakes and aircraft started rolling backward; I yell on the headset stop; your brakes; and the aircraft roll in the right stop.  Pilot comes down and apologize; and said the trip was hectic; and pilot she said if you want to do a report we could; but she was going to report and say she was fatigue and that would cover them.",,,,"Ramp agent reported the flight crew failed to set brakes as instructed which resulted in uncommanded movement.",
2146296,202407,0001-0600,DCA.Tower,DC,,,,,,,,,,,,Tower DCA,Air Carrier,Commercial Fixed Wing,,2,Part 121,IFR,Passenger,,Final Approach,,Class B DCA,,,,,,,,,,,,,,,,,,,,,,,,,,,,,,,,,,,,,,,,,,,,,,,,,,,,,,,,,,,,,,,Aircraft X,Flight Deck,Air Carrier,Captain; Pilot Flying,Flight Crew Multiengine; Flight Crew Air Transport Pilot (ATP); Flight Crew Instrument,,,Situational Awareness; Fatigue,,,2146296,Aircraft X,Flight Deck,Air Carrier,Pilot Not Flying; First Officer,Flight Crew Multiengine; Flight Crew Instrument; Flight Crew Air Transport Pilot (ATP),,,Situational Awareness; Workload,,,2147323,Deviation / Discrepancy - Procedural Published Material / Policy; Inflight Event / Encounter CFTT / CFIT; Inflight Event / Encounter Unstabilized Approach,,,Automation Aircraft Terrain Warning,In-flight,Flight Crew Took Evasive Action; Flight Crew Became Reoriented,Airport; Human Factors,Human Factors,"River Visual at night. Before turning final the PAPI showed one dot high; I was in the process of correcting when the PAPI indicated four whites and I was slightly left of center line. I choose to go around. I pressed TOGA; I moved the thrust level forward and began rotating toward the command bars; called for flaps 8 but I didn't hear the positive rate call. I thought the F/O forgot to call it but it was because we were not climbing. I noticed I didn't push the thrust levers to the go around detent. As I pushed the thrust levers and we received positive rate I called for gear up. We received a GPWS "TOO LOW…." The FO said just "TOO LOW" I thought I heard "TOO LOW GEAR" but we were not sure which was correct after talking about it. It only lasted a few seconds. We were on center line of the runway. ATC said climb to 3000 and turn right when able to 250. We complied and asked for the RNAV 15. We proceeded to land on 15 with no other issues.After being high on the approach; I initially started the go-around procedure properly; but didn't get the thrust levers to the go-around detent causing the other problem. I should have pushed the thrust levers smoothly but quickly to the go-around detent. I think I was more focused on not doing it more aggressively to avoid over pitching and climb through our 1600 visual pattern attitude before ATC could give us different instructions. I should have been worried about that and been more concerned with getting the power set.  I hadn't done a go-around since training. I felt rusty but we put more focus in the words I use and the motions that should follow. This was the end of a five day stretch with late flights every night.I was using the company procedure but it seems to bring us in high for the approach. Also; the center line lights being out on 19 make the visual alignment more challenging with all the other lights in the area. They need to get those fixed. Even when the landings are good on runway 19; with the center line lights out and the markings in terrible shape; it is challenging to stay on center line. Also; the suggested altitudes on the visual approach may need to be lowered slightly. But that's just my opinion.",,"During a go around at DCA River Visual 19; Captain (PF) called for flaps 8 without moving thrust to TOGA detent.  I (PM) called for "set thrust" to alert the Captain to set thrust to TOGA detent; and after couple seconds comply with his request for flaps 8. During high workload from ATC; Captain asked for gear up; and for my best recollection I mentioned we don't have positive rate yet; and complied with his request after I thought I saw the thrust in TOGA. We received a GPWS alert for being too low around that time.The root cause for the GPWS alert is that the plane was not configured with the TOGA power during the go around and we were low without gear on the go around - therefor received GPWS [alert].Attention needs to be made that procedure are done in the appropriate order and time line.  Continue to chair fly go around to practice. Brief every approach what will be the procedure in case of a go around including call outs.",,"Air carrier flight crew reported receiving a GPWS terrain alert on the River Visual approach to DCA Runway 19.",
2147627,202407,1201-1800,ZZZ.Airport,US,,,0,,,,,Temperature - Extreme,,,,Ground ZZZ; Ramp ZZZ,Air Carrier,A321,,2,Part 121,IFR,Passenger,,Taxi,,,,,,,,,,,,,,,,,,,,,,,,,,Turbine Engine,,X,Malfunctioning,,,,,,,,,,,,,,,,,,,,,,,,,,,,,,,,,,,,Aircraft X,Flight Deck,Air Carrier,Pilot Flying; Captain,Flight Crew Multiengine; Flight Crew Air Transport Pilot (ATP); Flight Crew Instrument,,,Troubleshooting; Time Pressure; Fatigue; Communication Breakdown; Human-Machine Interface,Party1 Flight Crew; Party2 Flight Crew,,2147627,Aircraft X,Flight Deck,Air Carrier,First Officer; Pilot Not Flying,Flight Crew Instrument; Flight Crew Multiengine; Flight Crew Air Transport Pilot (ATP),,,Fatigue; Troubleshooting; Time Pressure; Human-Machine Interface; Communication Breakdown,Party1 Flight Crew; Party2 Flight Crew,,2147631,Aircraft Equipment Problem Critical; No Specific Anomaly Occurred Unwanted Situation,,,Automation Aircraft Other Automation; Person Flight Crew,Taxi,Flight Crew Returned To Gate; General Flight Cancelled / Delayed; General Maintenance Action,Aircraft; Weather,Aircraft,"Aircraft X was on time out of ZZZ. I was on a four day sequence and the First Officer was on a three day sequence of which not a single leg went out on time and we had min crew rest at every stop. We also had an emergency break problem in ZZZ1 and had to return to the gate and switch airplanes the day before. On two of our flights meals were not boarded so we had to go and find food before we flew those legs. We both agreed that if this leg went sideways; we were done for the trip because we were both starting to feel the effects of all the distractions; delays and maintenance issues. The inbound crew had told us about a flap disagree problem they had leaving ZZZ2 and they had written it up. They also mentioned a power swap issue that they had on the ground in ZZZ2 that resolved itself; the APU was also inoperative on this aircraft. We started the number one engine at the gate received pushback clearance. After pushback; we noticed the engine was in the amber; in the low 600s F EGT. I decided to give the engine a chance to operate and potentially cool down since it was over 100° in ZZZ ambient temperature. Once we were cleared to cross bleed start #2; I brought the engine up to 30% and we started the second engine. EGT continued to rise so I was bringing back the number one thrust lever in an effort to make sure it didn't overtemp but still trying to get #2 online. When the number two engine came online; I lowered the throttle back to idle and as I remember the EGT was now in the 620s but still amber. I told the First officer we would continue to the runway and evaluate the situation there. My plan was to call the Maintenance Control and have them look at the aircraft real time to see if there was anything we can do if the engine was still in the amber band. When I went to turn the corner from 1 to 2 on the East route to XXR; the engine went into the red. I had added power at that point so when I brought it back to idle; it went back to amber. I decided to return to the gate and saw no reason to leave that engine running when it could potentially overtemp or create a fire so I asked the First Officer to shut the engine down. I was not specific about which engine. Instead of shutting; the number one engine engine down; he shut the number two engine down. We are on a single power source so I had to leave the number one engine running. (The First Officer later articulated to me that he did not believe the number two engine was running and that's why I directed him to shut the engine down. ) I directed him at this point to call the ramp and get us a gate immediately. The ramp told us to standby. I briefed the Flight Attendants and the passengers. After five minutes; I became very uncomfortable with the potential that this engine could start on fire so I had the First Officer call crash; fire; and rescue to come meet the aircraft. I was very concerned that shutting the entire airplane down and going to darkness would create panic on the aircraft so I opted to keep the engine running in the Amber band with a crash; fire and rescue standing by until the ramp got us a gate. It was probably 15 minutes before ramp got us a gate and we taxied into 3 and shut the engine down and the EGT returned to the green band. We released the fire department at that point and the First Officer and I called in fatigued for the remainder of the sequence.Cause: Having issues with every leg of a 4 day sequence is exhausting. FOQA also called on Friday while we were flying to ZZZ3 and left a message with no information. We both looked at the flight data for the flight they left the message about and saw nothing as well as the flight itself was uneventful. Now that distraction is looming for a weekend. The lack of APU could have created a serious situation if that engine had caught fire.",,"Aircraft X was on time out of ZZZ. I was on a three day sequence and the Captain was on a four day sequence of which not a single leg went out on time and we had min crew rest at every stop. We also had an emergency break problem in ZZZ1 and had to return to the gate and switch airplanes the day before. On two of our flights meals were not boarded so we had to go and find food before we flew those legs. We both agreed that if this leg went sideways; we were done for the trip because we were both starting to feel the effects of all the distractions; delays and maintenance issues. The inbound crew had told us about a flap disagree problem they had leaving ZZZ2 and they had written it up. They also mentioned a power swap issue that they had on the ground in ZZZ2 that resolved itself; the APU was also inoperative on this aircraft. We started the number one engine at the gate received pushback clearance. After pushback; we noticed the engine was in the amber; in the low 600s F EGT. We decided to give the engine a chance to operate and potentially cool down since it was over 100° in ZZZ ambient temperature. Once we were cleared to cross bleed start #2; the Captain brought the engine up to 30% and we started the second engine. EGT continued to rise so the Captain brought back the number one thrust lever in an effort to make sure it didn't overtemp but still trying to get #2 online. When the number two engine came online; the Captain lowered the throttle back to idle and as I remember the EGT was now in the 620s but still amber. The Captain told me that we would continue to the runway and evaluate the situation there. The plan was to call the Maintenance Control and have them look at the aircraft real time to see if there was anything we can do if the engine was still in the amber band. When we went to turn the corner from 1 to 2 on the East route to XXR; the engine went into the red. The Captain had added power at that point so when I brought it back to idle; it went back to amber. The Captain decided to return to the gate and saw no reason to leave that engine running when it could potentially overtemp or create a fire so the Captain told me to shut the engine down. The Captain was not specific about which engine. Instead of shutting; the number one engine engine down; I shut the number two engine down. We are on a single power source so we had to leave the number one engine running. (I later articulated to the Captain that I did not believe the number two engine was running and that's why I was directed to shut the engine down. ) The Captain directed me at this point to call the ramp and get us a gate immediately. The ramp told us to standby. The Captain briefed the Flight Attendants and the passengers. After five minutes; We became very uncomfortable with the potential that this engine could start on fire so I was directed to call crash; fire; and rescue to come meet the aircraft. The Captain was very concerned that shutting the entire airplane down and going to darkness would create panic on the aircraft so we opted to keep the engine running in the Amber band with a crash; fire and rescue standing by until the ramp got us a gate. It was probably 15 minutes before ramp got us a gate and we taxied into 3 and shut the engine down and the EGT returned to the green band. We released the fire department at that point and the Captain and I called in fatigued for the remainder of the sequence.Cause: Busy push back. No APU. Hot weather day. Would recommend Ramp and operation control to be more responsive.",,"A321 flight crew reported during taxi out an engine EGT increased to an abnormally high range that could have resulted in an engine fire. Flight crew returned to the gate and shut down engines.",
2150242,202408,1201-1800,ZZZ.Airport,US,,,,,,,,,,,,TRACON ZZZ,Air Carrier,B737-800,,2,Part 121,IFR,Passenger,,Initial Approach,Visual Approach,Class B ZZZ,,,,,,,,,,,,,,,,,,,,,,,,,,,,,,,,,,,,,,,,,,,,,,,,,,,,,,,,,,,,,,,Aircraft X,Flight Deck,Air Carrier,Pilot Not Flying; Captain,Flight Crew Multiengine; Flight Crew Instrument; Flight Crew Air Transport Pilot (ATP),,,Situational Awareness; Workload; Distraction; Fatigue,,,2150242,,,,,,,,,,,,ATC Issue All Types; Deviation / Discrepancy - Procedural Published Material / Policy; Inflight Event / Encounter CFTT / CFIT,,,Automation Air Traffic Control; Person Air Traffic Control,In-flight,Air Traffic Control Issued Advisory / Alert; Flight Crew Returned To Clearance,Human Factors,Human Factors,"During our approach into ZZZ; the First Officer (FO) was flying the aircraft while I (Captain) was monitoring. We were following the visual approach to Runway XX; and ATC instructed us to maintain 170 knots until 5 nautical miles (NM) from the Runway.During the arrival phase; we were cleared for an unrestricted descent to 2500 feet. The FO ( pilot flying) selected level change to manage the descent. Approximately at 3000 feet; we received a vector to intercept for our approach. Pilot flying selected. L-NAV to fly direct to ZZZZZ (IF) and then engaged V-NAV; to which I (Pilot Monitoring) saw the FO pressing the button but did not confirm the engagement with the Flight Mode Annunciator (FMA). First Officer missed double checking VNAV activation because he was trying to get configure to flaps 40 while ATC had requested 170kt till 5NM.The FO set the altitude to 500 feet; which was immediately corrected to 600 feet by me to ensure it met the Minimums (550 feet).As we continued descending and configuring the aircraft; we were running the landing checklist. I was heads down while the FO was flying the aircraft. At around 900 feet; ATC called our flight number and followed with a low altitude alert. Shortly thereafter; a GPS Warning (GPSW) alert appeared. The FO had disengaged the autopilot and leveled off the aircraft at this point.ATC instructed us to continue the approach and expect landing clearance short final.At all times we were in visual conditions and were able to continue the approach safely. I noticed that VNAV was not active; so I worked to re-engage VNAV and ensure proper vertical guidance. We received landing clearance and successfully landed at ZZZ.Cause: The landing checklist and aircraft configuration tasks led to a temporary lack of situational awareness regarding altitude and VNAV status. The original FO reported fatigue due to extremely loud conditions at the hotel the night before; and while I (Captain) did not specifically call out fatigue; I also did not have a good night's sleep; which may have affected overall alertness and performance. The busy nature of the ATC workload; particularly with vectoring and managing multiple aircraft; may have contributed to the timing and frequency of instructions and alerts; potentially affecting our response and situational awareness. With ATCs request to maintain 170kt until 5NM; getting configured was a worry both pilots had. Upon noticing VNAV was inactive; I promptly worked to re-engage VNAV and ensure proper vertical guidance. We maintained visual reference and continued the approach safely; leading to a successful landing.Suggestions: Complete checklists and aircraft configuration tasks with minimal distraction and ensure continuous situational awareness; especially during critical phases of flight. Autopilot and VNAV Monitoring: Ensure proper engagement and monitoring of autopilot LNAV and VNAV systems to prevent altitude deviations and potential alerts. Maintain awareness of minimums and approach altitudes throughout the approach phase to avoid altitude-related alerts. Address and mitigate factors contributing to fatigue; including ensuring adequate rest and reporting any fatigue-related issues that may affect performance. Consider enhanced coordination and communication with ATC; particularly during busy phases; to ensure clear and effective handling of instructions and alerts. The approach and landing were completed safely despite the low altitude and GPS warnings. The prompt re-engagement of VNAV and continued visual guidance by pilot flying ensured a successful outcome. Addressing fatigue; improving alertness; and managing ATC workload can further enhance overall performance and safety.",,,,"Air carrier flight crew reported while on a visual approach they descended below the glide path resulting with ATC issuing a low altitude alert and flying towards terrain. The flight crew rejoined the glide path and landed safely at the airport.",
2150454,202408,1201-1800,ZZZ.Airport,US,,,,,,,Turbulence; Thunderstorm,,Daylight,,,Center ZZZ,Air Carrier,A320,,2,Part 121,IFR,Passenger,Localizer/Glideslope/ILS ILS XXC,Cruise,Direct,Class A ZZZ,,,,,,,,,,,,,,,,,,,,,,,,Cockpit Window,,X,Malfunctioning,,,,,,,,,,,,,,,,,,,,,,,,,,,,,,,,,,,,Aircraft X,Flight Deck,Air Carrier,Captain; Pilot Not Flying,Flight Crew Air Transport Pilot (ATP); Flight Crew Instrument; Flight Crew Multiengine,,,Fatigue; Troubleshooting; Communication Breakdown,Party1 Flight Crew; Party2 Flight Crew,,2150454,,,,,,,,,,,,Aircraft Equipment Problem Critical; Inflight Event / Encounter Weather / Turbulence,,,Person Flight Crew,In-flight,Air Traffic Control Provided Assistance; Aircraft Aircraft Damaged; Flight Crew Overcame Equipment Problem,Human Factors; Weather; Aircraft,Weather,"My day started in ZZZ1 with a scheduled flight to ZZZ. We operated ZZZ1 to ZZZ to ZZZ2 to ZZZ3 (diversion). When we diverted to ZZZ3 due to ZZZ weather; our duty period was not going to allow us to refuel and depart to ZZZ. The FO and I agreed to a FDP (Flight Duty Period) extension.We knew there was a significant line of convective weather along the route to ZZZ. Once airborne; we used onboard radar in conjunction with WSI (Weather App); FDPro; and ATC to evaluate the weather confronting us. Initially we considered a gap a little north of our route. As we neared the target gap; it became apparent that we could not safely pass though. The gap had 70;000' cells on either side; both producing hail; one of which was moving towards the gap. Time for a new plan. Further discussion and data evaluation lead us about 50 miles southwest towards a gap that was larger than the first one. It looked like a passable route based on information we gathered.For a 2nd time; I called the flight attendants and advised them "Moderate turbulence procedures in effect until I call back"; I also made a PA to the passengers that turbulence is expected and they must absolutely remain seated. I expected turbulence to be present; but brief; between cells. The line of storms was wide; but not particularly deep.As we neared the second possible gap; we reiterated to one another that returning to ZZZ3 was a viable option if we were unable to safely pass through. Using all our sources of information; we decided to fly into the gap between storms and continue to ZZZ. Airspeed was decreased and we made a right turn towards the west-northwest to enter the gap.Almost immediately; we encountered turbulence; hail; and lightning. Both front windshields sustained damage. The autopilot did not self disconnect. Non-Normal methodology and the company strategy were utilized per SOP. The inner portion of both windshields were confirmed smooth. The QRH procedure indicated no limitations for this condition. Once we were clear of the weather and the non normal situation stabilized; I [advised ATC] and requested direct to ZZZ. As a precaution; we descended to 11;000.I informed Dispatch of our situation via the app. I briefed flight attendants on what happened and what to expect with our precautionary landing. The CA windshield sustained minimal damage so it was decided that I would assume PF duties prior to approach. After crew discussion; we setup and briefed an autoland approach to Runway XXC. The autoland approach would serve as an added barrier in case the CA windshield degraded and became obstructed during approach; landing; or rollout.Weather was VFR in ZZZ. The autoland approach to XXC was completed. We waited a while for a gate once on the ground. I used the Tarmac Delay app to track this delay and comply with necessary actions. Parked at the gate; logbook entries completed. Report completed. Presently; no injuries reported.Cause: It was a long day. Fatigue was starting to become a factor. I suspect we traveled further south than desired while in the right turn to enter the gap. I considered intervening by turning off the AP (Autopilot) and increasing bank; but I felt the added risk of potentially entering the storm at 67 degrees of bank with AP off outweighed the benefit.",,,,"A320 Captain reported a windshield malfunction during cruise after flying near an area of turbulence; hail; and lightning. Both front windshields sustained damage and the flight landed safely.",
2151280,202408,1201-1800,ZZZ.ARTCC,US,,,,,,,Thunderstorm; Turbulence; Hail,,Daylight,,,Center ZZZ,Air Carrier,A320,,2,Part 121,IFR,Passenger,,Cruise,,Class A ZZZ,,,,,,,,,,,,,,,,,,,,,,,,Cockpit Window,,X,Malfunctioning,,,,,,,,,,,,,,,,,,,,,,,,,,,,,,,,,,,,Aircraft X,Flight Deck,Air Carrier,First Officer; Pilot Flying,Flight Crew Multiengine; Flight Crew Instrument; Flight Crew Air Transport Pilot (ATP),,,Situational Awareness; Troubleshooting; Fatigue; Communication Breakdown,Party1 Flight Crew; Party2 Dispatch,,2151280,,,,,,,,,,,,Aircraft Equipment Problem Critical; Deviation / Discrepancy - Procedural Published Material / Policy; Inflight Event / Encounter Weather / Turbulence,,,Person Flight Crew,In-flight,Aircraft Aircraft Damaged; Flight Crew Overcame Equipment Problem,Aircraft; Human Factors; Weather,Weather,"My day started at my home; waking up at XA30 to work an ZZZ-ZZZ1 flight followed by a ZZZ2 turn.  First two legs were uneventful.  After we held for a few minutes; we diverted to ZZZ3 on the ZZZ2-ZZZ1 leg due to weather conditions at ZZZ1 during our landing time.  Given that our 12 hour duty period was ending and the refuel and redispatch was quick; the CA and I agreed to a short FDP (Flight Duty Period) extension.During our ZZZ3-ZZZ1 preflight discussion and briefing; we noted the line of convective weather which stretched from the northeast to at least northern Location A and it was moving northeast.  Our original route of flight was ZZZ [VOR] ZZZZZ.  The WSI (Weather App) and other apps showed a gap in the weather on this route.  Once we were airborne; we used the radar; discussion with ATC as well as the aforementioned apps and determined that the gap in the weather on the ZZZZZ arrival was not sufficient and the cells were in excess of our ability to climb over them.We discussed our options and using the information from WSI; apps and ATC; we decided to try for a gap that was approximately 50 miles southwest of our position; near ZZZ4.  If it was not passable; then return to ZZZ3.  This gap appeared to be larger than the first gap based on what the radar was showing as well as the apps.  As we approached the gap; I noticed another aircraft on TCAS 1000feet above us proceeding into the gap we were trying for.  I briefed the captain that I intended to turn the aircraft towards the gap and evaluate the radar return and if it changed for the worse from what we were currently seeing; that I would turn around to avoid any severe weather.  We also both mentioned that there was no need to push it and that ZZZ3 was a suitable alternate with no significant weather near it.The CA notified the FAs (Flight Attendants) that moderate turbulence procedures were in effect and he made a PA to the passengers to expect turbulence and remain seated with seatbelts on.   As I turned the aircraft towards the gap; I slowed the aircraft for turbulence and checked the radar for significant changes in the return.  Almost immediately we encountered lightning; turbulence and hail.  Both front windshields were cracked.  The autopilot remained on throughout the turbulence.  We used the non-normal methodology and strategized to work towards a course of action.  We noted that neither windshield had cracks on the inside; they were both smooth using the fingernail test.  Given this; the QRH noted that there were no limitations for this condition.  When we cleared the weather and the situation was stable; the CA [advised ATC] and requested direct to ZZZ1.  We descended to 11;000 feet out of an abundance of caution.  Additionally; we decided that the CA would take the landing since his windscreen had better visibility/less cracks and we set up for an Autoland approach in case the CA windscreen cracked more.  The captain spoke to dispatch and the FAs.  I monitored the engine parameters to ensure no rise or fluctuations in vibes or EGTs as I continued to fly.The CA executed an Autoland in VFR conditions; we taxied clear of the runway and had a lengthy tarmac delay (over X hour and XXmins).  To my knowledge;  no injuries were reported.Cause: Severe weather and potential loss of situation awareness of the true extent of the weather.  While the CA and I used all available information at hand to make the decision to try for the gap in the weather near ZZZ4; we didn't have the specific information regarding the severity of the weather on the exact route of flight.  The lesson learned in this situation is to divert to the stated VFR option instead of trying to pick our way through a line of weather.",,,,"A-320 First Officer reported a cracked windshield on both cockpit window outer panes during cruise flight in an area of lightening; turbulence; and hail. The crew performed an autoland at the destination and landed safely.",
2152982,202408,1201-1800,DCA.Airport,DC,,,,500,,,,,,,,Tower DCA,Air Carrier,Commercial Fixed Wing,,2,Part 121,IFR,Passenger,Localizer/Glideslope/ILS LDA Y 19,Initial Approach,,Class B DCA,,,,,,,,,,,,,,,,,,,,,,,,,,,,,,,,,,,,,,,,,,,,,,,,,,,,,,,,,,,,,,,Aircraft X,Flight Deck,Air Carrier,Pilot Flying; Captain,Flight Crew Air Transport Pilot (ATP); Flight Crew Instrument; Flight Crew Multiengine,Flight Crew Type 2000,,Situational Awareness; Human-Machine Interface; Fatigue; Distraction; Workload; Confusion,,,2152982,,,,,,,,,,,,Deviation - Track / Heading All Types; Deviation / Discrepancy - Procedural Clearance; Inflight Event / Encounter Fuel Issue; Inflight Event / Encounter Weather / Turbulence,,,Automation Air Traffic Control,In-flight,Air Traffic Control Issued New Clearance; Flight Crew Executed Go Around / Missed Approach; Flight Crew Became Reoriented; Flight Crew Requested ATC Assistance / Clarification,Airport; Airspace Structure; Human Factors; Procedure,Human Factors,"When coming into DCA we were assigned the LDA Y 19. There was weather along the route of flight. We briefed the approach and the fact that it was offset. When getting closer to DCA we got multiple vectors and were sent through the final course and back around. Eventually we were cleared for the approach. Due to a reroute we were tighter on fuel than we had originally planned for so I was a bit distracted watching that as well. Once cleared we flew the approach and when I got closer I saw the runway and turned the flight director off. At about 500 feet. Tower queried us where we were going because we were lined up with 15. We immediately went around. We came back in and requested the RNAV 19 this time to help give us better guidance. We landed safely on 19 after the go-around. Cause: Neither the First Officer (FO) or I had been to DCA before so being unfamiliar with the airport and the fact that it had been a long day full of schedule changes and sits; and the external distractions of weather and fuel concerns added to my lack of situational awareness.Suggestions: In the future when going to a new or unfamiliar airport I would double check to make sure I have a full idea of what the approach will look like and the airport diagram itself. I would also request an alternate from Dispatch going forward if the weather enroute looks bad to give us more fuel.",,,,"Air carrier Captain reported lining up with the wrong runway during approach to DCA and subsequently conducting a go-around. Captain stated they were assigned the LDA Y RWY 19 approach but used the RNAV 19 approach for the second approach to provide better guidance.",
2170928,202410,0601-1200,ZZZ.ARTCC,US,,,,38000,,,,,,,,Center ZZZ,Air Carrier,B777-200,,4,Part 121,IFR,Cargo / Freight / Delivery,,Cruise,,Class A ZZZ,,,,,,,,,,,,,,,,,,,,,,,,Engine,,X,Malfunctioning,,,,,,,,,,,,,,,,,,,,,,,,,,,,,,,,,,,,Aircraft X,Flight Deck,Air Carrier,First Officer; Pilot Not Flying,Flight Crew Instrument; Flight Crew Air Transport Pilot (ATP); Flight Crew Multiengine,,,Confusion; Workload; Time Pressure; Fatigue; Distraction; Troubleshooting,,,2170928,Aircraft X,Flight Deck,Air Carrier,Captain; Pilot Not Flying; Relief Pilot,Flight Crew Multiengine; Flight Crew Air Transport Pilot (ATP); Flight Crew Instrument,,,Distraction; Time Pressure; Troubleshooting; Confusion; Workload; Communication Breakdown,Party1 Flight Crew; Party2 Flight Crew,,2170931,Aircraft Equipment Problem Critical; Deviation / Discrepancy - Procedural Maintenance; Deviation / Discrepancy - Procedural Published Material / Policy; Flight Deck / Cabin / Aircraft Event Smoke / Fire / Fumes / Odor,,,Person Flight Crew,In-flight,Air Traffic Control Issued New Clearance; Flight Crew Diverted; Flight Crew Inflight Shutdown; Flight Crew Landed in Emergency Condition; Flight Crew Overcame Equipment Problem; Flight Crew Requested ATC Assistance / Clarification; General Flight Cancelled / Delayed,Aircraft,Aircraft,"A little over 3 hours into the flight we had recently passed point ZZZZZ at XJ:01 on RXXX at FL380. I was in the right seat as pilot monitoring (PM). We requested a climb via CPDLC and were instructed to climb to FL400. Not long after the engines spooled up for climb power there was an abrupt banging sound followed by moderate to severe vibrations in the aircraft and a loud sound of engine malfunctions filling the cockpit. A message popped up on the EICAS and as we were starting to read the message and analyze I first smelled and then saw smoke entering the cockpit. The Captain and I donned the O2 mask and attempted to establish comms amidst the loud noise and smoke all while the aircraft was in a climb. The Captain controlled the aircraft manually at first and then reengaged the Autopilot. The first EICAS message was for ELEC GEN DRIVE L. The relief pilots were getting out of the bunk around this time as the loud noise and vibrations had woken them; they had to move through significant smoke to get to their seats and don oxygen. We [requested priority handling] with ZZZ Center and began a left turn toward ZZZ which was around 200 NM away. When running the Electronic Checklist (ECL) for ELEC GEN DRIVE L; pressing the DRIVE DISC switch had no apparent effect and the APU was MEL'd so we couldn't start it. The next EICAS to populate was ENG OIL PRESS L. I ran this checklist which directed a shutdown of the L engine; upon which the vibrations and sounds decreased but did not go away completely. Our main concern at this point was severe engine damage and potential separation. The smoke was no longer building but there was still an odor of smoke; communications amongst a four person crew and ATC and Dispatch was a challenge on oxygen masks. In the meantime we initiated a single engine driftdown to FL316 in coordination with ZZZ Center; and the relief pilot initiated a SAT phone call with Dispatch for their recommendations. We gathered weather and NOTAMS for ZZZ and ZZZ1 from Center as well as another company aircraft who helped relay information. The weather and NOTAMS in ZZZ supported the RNAV (GPS) approach to Runway XX; the ILS GS was notam'ed out of service. Based on the information received from all these sources and considering that we still had smoke/fumes in the cockpit; an engine shut down; and no APU; we decided as a crew to divert to ZZZ and advised Center of our intentions. We continued our descent and received the FUEL IMBALANCE EICAS message and I ran the corresponding checklist. The relief pilot ran performance for a 20 flap landing from the QRH as directed by the checklist. We completed all normal checklists and built a holding pattern at the IAF for the RNAV Runway XX to complete our descent. We planned; briefed; and flew a single engine 20 flap approach to Runway XX and stopped straight ahead on the runway. We were in communication with crash fire and rescue who came out onto the runway to inspect the L engine and then they marshaled us with a follow me truck off the runway to a parking location. We cancelled IFR with Center and thanked them for their assistance. We became aware during the taxi that we would need a ground electrical cart to hook up to the airplane to avoid the jet going dark when we shut down the R engine; because the APU was MEL'd. We waited in parking for the ground crews who had been called in off alert and were unfamiliar with the 777 to find and retrieve a ground power cart and air stairs. We verified the ground power specifications from Maintenance Control and advised the ground crews where to find the power receptacle. We cancelled the [priority handling] as this was a requirement for the ground crew to apply electrical power. After verifying the power source we shut down the R engine; disarmed doors; completed all normal post flight checklists; and began all of the coordination with ZZZ personnel for our unexpected arrival. Visual inspection of the L engine revealed significant visual damage to the fan blades and other areas; see pictures and videos taken. Eventually upon reaching billeting we were seen by medical staff as we were experiencing headaches; sore throat; stinging eyes; etc; presumably from the smoke exposure. The entire crew did an excellent job at handling a difficult situation with compounding challenges in a remote and critical part of an ocean crossing. A failure in the engine after climb power was added causing moderate to severe vibrations; damage; smoke and fumes; and engine shutdown. Fatigue was not a factor in this event but I do want to point out that company revised our departure time from XA:57 to XG:30 of causing a complete flip in rest requirements after it was already too late to adjust rest planning. I had also just returned from a company trip with multiple time zone swaps; poor rest opportunities; and poor rest opportunity upon returning back to base. The crew performed remarkably well considering the last minute changes to rest planning but it did add to the difficulty of a major aircraft problem. Maintenance practices on recent work done on this engine need to be investigated. The engine catastrophically failed at cruise; additionally causing smoke and fumes; leaving an extremely difficult situation for the crew to recover.",,"I was the relief pilot ZZZ2-ZZZZ. I was sound asleep in the crew rest area (lower bunk) when I was awoken by several loud bangs and severe vibrations; followed by the smell of smoke. The other relief pilot (who was in top bunk) and I immediately exited the crew rest area. After opening the crew rest door I saw a significant amount of smoke; almost resembling dense fog all through the cabin and up into flight deck; I could barely see into the flight deck due to the severity of the smoke/fumes. Other relief pilot and I immediately entered the flight deck and donned our O2 masks. The airplane had just leveled at FL400. ELEC GEN DRIVE L and ENG OIL PRESS L checklists were being accomplished by the First Officer (FO). Captain was hand flying and making a left turn off the airway. Southeast driftdown was initiated to FL316. We were roughly 200 miles to ZZZ; initial course was established to ZZZ. Captain was busy flying and managing; FO was busy running checklists and backing up flight path/ATC comms; I established comms on SAT phone with Dispatch for weather/notams for ZZZ/ZZZ2; spoke with ATC at times and acquired info on available ground services. I also backed up the crew on approach procedures; diversion requirements; and emergency requirements. Other relief pilot was busy with running landing performance; backing up the crew; and securing the cabin. Crew made decision to divert to ZZZ as it had adequate weather conditions. All normal checklists were completed. Fuel imbalance checklist was completed. Thorough briefings were conducted. Engine was secured; smoke slowly dissipated during the descent. We were cleared for the RNAV GPS XX approach; we did one turn in the hold at ZZZZZ and then executed a safe single engine; flaps 20 approach and landing to Runway XX. After landing; we stopped the aircraft on the runway to get a full inspection from crash/fire/rescue. All was clear; we exited the runway and taxied to park on the ramp. APU was MEL'd; so we coordinated with Maintenance Control and ground ops to get adequate and safe external power connected to the airplane. External power was connected successfully and our only remaining engine was shut down. Catastrophic Engine Failure. Left engine was replaced the previous day.Aircraft had 4 MELs and 1 CDL:APU inopHUD inopFO EFB removedNitrogen Generation DegradedI witnessed the Captain/FO struggling to communicate with their O2 masks on. It's because this aircraft was not equipped with HOT mics. Every time they wanted to speak they had to hit the transmit button for it to come over the speaker so often things had to be repeated. This is a major safety issue and made this situation significantly more challenging. All company 777's need to be immediately equipped with hot mics for safety reasons.",,"B777 flight crew reported shut down of one engine and divert to a non-towered airport due severe engine vibrations and smoke and fumes. Reporters stated the engine had been replaced the day before.",
2172531,202410,1801-2400,LGA.Airport,NY,,,0,,,,Scattered,Poor Lighting,Night,,,Ground LGA,Air Carrier,Commercial Fixed Wing,,2,Part 121,IFR,Passenger,,Taxi,,,,,,,,,,,,,,,,,,,,,,,,,,,,,,,Air Carrier,Commercial Fixed Wing,,2,Part 129,IFR,Passenger,,Taxi,,,,,,,,,,,,,,,,,,,,,,,,,,Aircraft X,Flight Deck,Air Carrier,Captain,Flight Crew Instrument; Flight Crew Multiengine; Flight Crew Air Transport Pilot (ATP),,,Fatigue; Situational Awareness,,,2172531,Aircraft X,Flight Deck,Air Carrier,First Officer,Flight Crew Multiengine; Flight Crew Instrument; Flight Crew Air Transport Pilot (ATP),,,Situational Awareness,,,2172532,Conflict Ground Conflict; Critical; Deviation / Discrepancy - Procedural Published Material / Policy; Ground Incursion Ramp; Ground Incursion Taxiway,,,Person Flight Crew,Taxi,Air Traffic Control Issued New Clearance; Flight Crew Took Evasive Action,Airport; Human Factors; Procedure,Procedure,"We had just landed Runway 31 in LGA. We taxied clear of the runway and checked in with Ground. Ground was very busy and told us to taxi B short of K. We taxied and held short of Taxiway K. We contacted Ramp and received our new gate and entry. As we waited to let Ground know. We noticed an Aircraft Y slowing and start to turn left onto Taxiway J. It didn't seem like there was enough room for the aircraft to pass behind us. Luckily; the Aircraft Y stopped as we tried to taxi up a bit. However; the aircraft landing on 31 behind Aircraft Y needed to go around. Ground then gave us taxi instructions to move up and head toward the ramp. No further incident. It was dark outside and we probably were hard to see for the Aircraft Y. They were most likely rushing to get off the runway for the landing traffic behind them. We had just shut down an engine so we had some difficulty moving the aircraft out of the way. Obviously; an aircraft exiting an active runway has priority. However; we had been sitting there for a few minutes; and I let my guard down. We had a long day and I was feeling pretty tired. Normally; I believe the landing aircraft would see the taxiways blocked and roll down to the next taxiway; or Tower would normally call the exit point. However; this evening they committed to Taxiway J which came in close proximity to us. I should have started moving earlier; but the event happened so quickly it took me some time to process that we needed to move. Complacency and fatigue contributed to this event.  Suggestions: I feel holding short of L would have been a better option to allow aircraft to exit safely on any of the high-speed taxiways. Had I paid more attention I maybe could has seen the issue coming and moved up out of the way quickly.",,"After landing on Runway 31 in LGA; we exited the runway at Taxiway S; and was told to taxi via B and hold short of K; while we waited for aircraft to taxi out of the ramp so we can enter. An Aircraft Y landed on Runway 31 and was exiting on J; and they came to a stop prior to clearing the active runway because they were unsure of the wingtip separation and caused a go around of another aircraft. Suggestions: Maybe ATC should not have aircraft hold on B short of K when landing 31; in case aircraft exit on J; it seems to close and aircraft will be unsure of proper wingtip separation.",,"Air Carrier flight crew reported while holding short of a taxiway an aircraft exiting runway near them stopped due to insufficient wingtip clearance. This aircraft had not yet cleared the runway; resulting in a go around of another aircraft.",
2174998,202410,1201-1800,ZZZ.TRACON,US,,,,,,,,,,,,Center ZZZ,Air Carrier,B737-800,,2,Part 121,IFR,Passenger,,Climb,,Class E ZZZ,,,,,,,,,,,,,,,,,,,,,,,,Air Conditioning Distribution Ducting; Clamps; Connectors,,X,Failed,,,,,,,,,,,,,,,,,,,,,,,,,,,,,,,,,,,,Aircraft X,Flight Deck,Air Carrier,Pilot Flying; First Officer,Flight Crew Multiengine; Flight Crew Instrument; Flight Crew Air Transport Pilot (ATP),,,Distraction; Fatigue; Troubleshooting; Workload,,,2174998,Aircraft X,Flight Deck,Air Carrier,Pilot Not Flying; Captain,Flight Crew Instrument; Flight Crew Multiengine; Flight Crew Air Transport Pilot (ATP),,,Workload; Fatigue; Time Pressure; Distraction; Troubleshooting,,,2173688,Aircraft Equipment Problem Critical,,,Person Flight Crew,In-flight,Flight Crew Returned To Departure Airport; Flight Crew Overcame Equipment Problem; Flight Crew Landed in Emergency Condition; Flight Crew Requested ATC Assistance / Clarification; General Flight Cancelled / Delayed,Aircraft,Aircraft,"Climbing through 11;000' after departing ZZZ I was flying.  The master caution alerted and after looking up I noticed the 'wing-body overheat' light illuminated.  I said 'my aircraft' and called for the wing-body overheat QRH procedure. Shortly after the light; the departure controller handed us off to center but after a short conversation with the captain; I took over the radio and communicated the captain's decision to return to ZZZ.  This malfunction had occurred the day prior on the same jet and the MX corrective action was to fix an actual problem and not just an indication. After completing the QRH procedure the light remained on and continued to remain on for at least the next ten minutes.  The captain decided to [request priority handling] and ask to be met by Crash Fire Rescue (CFR). We returned to ZZZ and was met by CFR. They scared the right side of the aircraft and found no anomalies.  We taxied to the gate and after opening the main cabin door the CFR personnel entered the cockpit and asked for the captain to sign some paperwork.  After the event and debriefing it ourselves we came to the shared conclusion that we were not fit to continue and reported fatigued. There has been a fatigue report filed by me about this event.Causal factors included: Task saturation and a high level of concern for the safety of the flight.",,"I started out the day with relatively good rest. I felt ready for Day 2.Aircraft X started out fairly normal except for write-up in Aircraft X's logbook about a right WING BODY OVERHEAT light that had occurred the day before.  I was concerned because the crew reported the light did not go out after running the QRH and maintenance had reported they found a loose clamp on right Air Cycle Machine (ACM) and it had been secured.  I was also curious if the crew had diverted for the issue and reviewed their flights but saw the flight had gone back and forth from ZZZ to ZZZ1.Ground ops were normal and we took off around XA:30 pm. Climbing through 11;000' we got a right WING BODY OVERHEAT.  The FO was flying and continued to fly while I got out the QRH and ran through the steps.  The jet showed the same indications as the day before- at the end of the checklist the light did not go out.  One of the frustrating things about this is that the QRH gives no further guidance.  Should we land 'As soon as possible'?  'As soon as conditions permit'?.  The lack of guidance caused a further workload because we had no official guidance to go by but our instincts/experience at this point. I would say we were relatively cool and professional during the whole event but I would characterize a bit of nervousness that we were both suppressing during the flight as we were in constant fear/uncertainty if this problem would escalate further and we would lose systems or a fire would start.  On one of my former aircraft a bleed air leak was a very serious malfunction that usually resulted in the plane catching on fire; loss of flight controls and eventual ejection from the jet.  This was a main contributor to the stress I was feeling.This all led to serious concern in the cockpit and I relayed to the FO that I was no longer comfortable taking the jet to ZZZ2 and that we would return to ZZZ3 because we had a jet that - for the second day in a row - had an unknown situation of very high heat escaping into its right wing area.  We [requested priority handling] and the FO flew jet back to ZZZ3 while I ran the necessary checklists of informing ATC/Company/Pax/FA's of our intentions and coordinating Airport Rescue and Firefighting (ARFF) to be standing by for our landing.We landed uneventfully and ARFF looked us over; there was no abnormal heat indications so we had them follow us to the gate.  After we shut the engines down;  advised the passengers that they would need to deplane; ran through the shutdown checklist; did a walk-around and worked with maintenance to get the incident written up; and informed ops and dispatch of the status of the jet; I started to experience different symptoms of fatigue.   I was feeling a pit in my stomach - nauseous.  I was also feeling a little depressed - wondering if we had done the right things and irritated/frustrated that the QRH wasn't more detailed for our situation.   As I started to evaluate my Fitness for Duty to carry on with the rest of the flights of the day; I was concerned I didn't have the mental or physical capacity to go through another event like the one we just had.  That led me to believe that the stress we encountered from handling the situation itself; plus the stress of the underlying apprehension from not knowing if the malfunction would turn worse; caused me to be 'worn out' and not feeling like I wanted to fly anymore today; or better yet; should fly anymore today.  This realization of my current physiological state caused me to report 'fatigued'.1.  Perceived lack of guidance in checklist.  Add a step at end of WING BODY OVERHEAT checklist when the light does not go out to advise whether landing is recommended immediately or as soon as conditions permit.  This would alleviate stress from not knowing the severity of the malfunction and then worrying about making the correct decision of what to do next. 2.  No streamlined way to remove yourself from flying after a high-stress event like this.  Due to the stress of this situation; I did not realize what I was experiencing was fatigue.  Many phone calls to company/mentors were required to remove ourselves from flying when I no longer felt Fit for Duty.   Provide more education in the fatigue program that acute stress that occurs on flights with malfunctions such as this can cause fatigue. 3.  Not enough info in previous logbook write up for this condition.  Would have been nice to know what phase of flight they were in when it occurred; why they chose to continue to destination.  Any other items that occurred during the flight.  Increase emphasis to pilots to give a little more detail when writing up a more serious condition that would warrant more facts for perspective.",,"Air carrier flight crew reported a Wing Body Overheat warning and returned to departure airport.",
2176881,202410,1201-1800,ZZZ.TRACON,US,,,,,,,,,,,,Tower ZZZ,Air Carrier,B737-800,,,Part 121,,Passenger,,Climb; Initial Climb,,Class B ZZZ,,,,,,,,,,,,,,,,,,,,,,,,Hydraulic System Pump,,X,Failed,,,,,,,,,,,,,,,,,,,,,,,,,,,,,,,,,,,,Aircraft X,Flight Deck,Air Carrier,Pilot Flying,Flight Crew Air Transport Pilot (ATP); Flight Crew Instrument; Flight Crew Multiengine,,,Troubleshooting; Situational Awareness; Time Pressure; Distraction,,,2176881,Aircraft X,Flight Deck,Air Carrier,Pilot Flying; Captain,Flight Crew Multiengine; Flight Crew Instrument; Flight Crew Air Transport Pilot (ATP),,,Time Pressure; Situational Awareness; Fatigue; Distraction; Troubleshooting,,,2176889,Aircraft Equipment Problem Critical; Ground Event / Encounter Ground Equipment Issue,,,,,Air Traffic Control Provided Assistance; Flight Crew Landed in Emergency Condition; Flight Crew Returned To Departure Airport,Aircraft,Aircraft,"Upon liftoff and calling for gear up; the left engine driven hydraulic pump failed. Pressure was low on both the engine and electric pumps until the gear had fully cycled. We asked for delayed vectors to assess the situation. It was decided to return to ZZZ. QRH procedure was run and after a short delay to get everything in order; and we returned to ZZZ with a visual approach to XXC backed up with the ILS. The approach and landing were normal. Fire rescue followed us to the gate and there was no need of additional services.",,"Flight ABCD ZZZ-ZZZ1 was a Linecheck; during the event decisions were made by the captain with the participation and help of the FO; and the Checkairman. I was monitoring and the FO flying; we departed runway XXR; during gear retraction the Left Engine hydraulic pump low pressure light came on; we notified departure control of having a mechanical issue and requested radar vectors to remain in the terminal area and 10 thousand feet. We ran the QRH for Hydraulic Pump Low Pressure which instructed to turn the affected pump off. The electric hydraulic pump maintained pressure in the system and there was no sign of leak. I contacted maintenance who gave us a frequency for Maintenance Control. We tried calling several times but no answers. At that point we all agreed that the logical option was to return to the field. I instructed the FO to notify ATC of our intentions; ATC conveniently gave us priority. During that time I called Operations hoping they would coordinate our intentions with dispatch as well as find us a gate. They did provide the gate but told us to notify dispatch which I did via ACARS. I then notified the Cabin Crew that we were returning to the field; to expect a normal landing in the following 10 minutes; and to prepare the cabin for landing. It was followed by a PA to the passengers. I took the controls and the FO briefed the approach. We had priority the FO landed runway XXC; we obtained short taxi instructions to cross XXR followed by ARFF (Airport Rescue and Firefighting) vehicles. safety vehicles followed us to the gate. Approaching gate 1 the DGS (Docking Guidance System) system failed with emergency authority and well clear of obstacles I parked the aircraft with the guidance of a single marshaller.Engine 1 hydraulic pump failure. It ended up being a stressful situation; it was day 4 of the trip we were tired from the short 10 hour the night prior and while having a linecheck on that last turn; the pressure of having one of my piers onboard evaluating while the event took place. You can't help but get affected by that.",,"B737-800 flight crew reported a hydraulic pump failure upon gear retraction; resulting in an immediate return to the departure airport.",
2179901,202410,,,,,,,,,,,,,,,,Air Carrier,Commercial Fixed Wing,,2,Part 121,IFR,Passenger,FMS Or FMC; GPS,Descent; Final Approach; Initial Approach; Landing,,,,,,,,,,,,,,,,,,,,,,,,,,Nosewheel Steering,,X,Failed,,,,,,,,,,,,,,,,,,,,,,,,,,,,,,,,,,,,Aircraft X,Cabin Jumpseat,Air Carrier,Flight Attendant (On Duty),Flight Attendant Current,,Service; Safety Related Duties,Fatigue; Communication Breakdown; Physiological - Other,Party1 Flight Attendant; Party2 Other,,2179901,,,,,,,,,,,,Aircraft Equipment Problem Critical; Flight Deck / Cabin / Aircraft Event Other / Unknown; No Specific Anomaly Occurred Unwanted Situation,,,Automation Aircraft Other Automation; Person Flight Crew,In-flight,Flight Crew Requested ATC Assistance / Clarification; Flight Crew Landed in Emergency Condition; General Maintenance Action,Aircraft,Aircraft,"At the initial descent after the FA's (flight attendant) were seated for landing; I felt the plane start to ascend again. I knew instinctively that something was wrong. I saw passengers looking at me and I sat in my jump seat looking normal so as not to freak them out. The captain called the FA's a few minutes later and told us that there was something wrong with steering and that we were going to circle while he and the FO ran checklists to see if they could fix it. He then made an announcement to the passengers. We circled and circled. We flight attendants prepared by reviewing the land ditching checklists; safety checklists; and I reviewed by reading the emergency safety demo several times. I also reviewed my commands in our heads several times. We FAs also called each other on the inter-phone several times to review procedures and discuss ABA's (Able-Bodied Assistant). I told the crew we had several off-duty crew and pilots on board and if we needed ABA's we would pull from them first. Eventually; the captain called us again and told us that the steering was not working regardless of what they did and that our flight was [requested priority handling]. We would have an forced landing and that a runway was shut down for us and we would be met by fire trucks and towed to the gate. He then did a briefing with us. He then made an announcement to the passengers and asked the FAs to prepare the cabin again for landing. We were prepping the cabin again when my apple watch started to vibrate. I looked down and noticed a call from the inflight duty manager. I was appalled that the inflight duty manager was calling me in the middle of a landing. Calling me in the middle of a flight is breaking my SOP's as we're not allowed to be on our personal devices while working. I couldn't have answered regardless of the emergency or not. I obviously ignored the call. While doing the final walkthrough I also briefed a pilot that was commuting as an ABA for the 1R door. Once I returned to my jump seat; I continued to try to keep a good face on as I was forward facing to passengers. We eventually landed and stopped at the end of the runway. The whole time we were landing; I was running through my commands in case we veered off the runway and had to evacuate. Once we stopped; the whole plane felt relief. We sat for a long time on the runway. The whole time; I had to be 'on.' It was very stressful. Once we arrived at the gate and passengers deplaned; I spoke with the duty manager. She said that they called because the always make positive contact in these situations. I was honestly shocked. We cannot answer in the air. Nor is it our priority. I told her I felt unsafe and did not want to work my next flight to Denver. She seemed concerned and said she would tell crew scheduling. We debriefed with our pilots. I told them I felt stressed; unsafe and unfit to fly; and preferred to not work the last leg to Denver. The captain was supportive of that. During our debrief with the captain as a crew; he got a call from pilot ops. He discovered that we would be getting a ferried plane from Denver and would be working it back to Denver. I asked if they would be putting reserves on it to replace us and pilot ops said to call the duty manager to check. I called the duty manager back and was told no. I asked if it was possible to do it since there are standbys in Denver. I was told no. That if I was taken off the trip it would be a missed trip that my supervisor would have to decide later to take off or keep. I felt threatened with a missed trip. I said we just have an emergency landing. I feel unfit and unsafe and it doesn't matter? And I was told that I had to fly or get a missed trip. I was shocked and appalled. I was then told I could call fatigue and the fatigue review committee would decide. Seeing as I had already called out fatigued twice this year; I was too scared to do it again and didn't want to be punished for calling out a third time. Ifelt unsupported by inflight and the inflight duty manager. I knew if we had another emergency or a medical; I most likely had nothing else to give on that last leg to Denver. I was exhausted; unfit; and unsafe. I flew anyway out of the fear of punishment. I was a shell of myself flying home.",,,,"Air carrier FA reported a mechanical failure of the nose wheel steering and the need to execute a priority landing. The FA explains there was a feeling of lack of support from the respective company.",
2184816,202411,,ZZZ.Airport,US,,,0,,,,,,,,,,Air Carrier,B737 Undifferentiated or Other Model,,2,Part 121,IFR,Passenger,,Taxi; Climb,,,,,,,,,,,,,,,,,,,,,,,,,,,,,,,,,,,,,,,,,,,,,,,,,,,,,,,,,,,,,,,,,Aircraft X,Flight Deck,Air Carrier,Pilot Flying; Captain,Flight Crew Multiengine; Flight Crew Instrument; Flight Crew Air Transport Pilot (ATP),Flight Crew Last 90 Days 177.25; Flight Crew Type 1209.70,,Time Pressure; Workload; Distraction; Fatigue,,,2184816,,,,,,,,,,,,Deviation / Discrepancy - Procedural Weight And Balance; Deviation / Discrepancy - Procedural Published Material / Policy; Deviation / Discrepancy - Procedural Hazardous Material Violation; Deviation / Discrepancy - Procedural FAR,,,Person Flight Crew,In-flight,,Human Factors,Human Factors,"Unsigned Dangerous Goods (DG). We pushed back and departed without acknowledging the final DG summary by mistake. After a rough night of sleep with loud air conditioner I was moving a bit slow this flight. Our van departed late which added to a small stress level of feeling slightly rushed on top of gate agents looking to push us out as quickly as possible. In the middle of this when I got the DG; I did something out of my normal habit pattern by putting it to my side rather than clipping it to my yoke clip like I normally would until signed. This ultimately led to me completely forgetting about it. The warning message on ACARS must have come at the same time as our finally weights during pushback and was somehow cleared without that fail; save being seen by either of us. It wasn't till halfway though the flight that I realized I had never signed the final DG; though the final DG summary was on board. I looked through received messages and did see we got a warning message but again neither of us had seen this when it did come through. I sent a message to Dispatch to confirm all was good and that we had the final DG to at least try and do something rather than ignore it. Unfortunately it was a snowball effect of issues that led to this and several safety catches failed to highlight our mistake till later in the flight. This highlights the importance of keeping with normal habit patterns!",,,,"B737 Captain reported the flight departed without a signed final DG summary.",
2185293,202411,,,,,,0,,,VMC,,,,,,,Air Carrier,Commercial Fixed Wing,,2,Part 121,IFR,Ferry / Re-Positioning,,Parked,,,,,,,,,,,,,,,,,,,,,,,,,,Wheels/Tires/Brakes,,X,Improperly Operated,,,,,,,,,,,,,,,,,,,,,,,,,,,,,,,,,,,,Aircraft X,Flight Deck,Air Carrier,Captain; Pilot Flying,Flight Crew Air Transport Pilot (ATP); Flight Crew Multiengine; Flight Crew Instrument,Flight Crew Last 90 Days 102.57; Flight Crew Type 1389.82,,Situational Awareness; Communication Breakdown; Fatigue,Party1 Flight Crew; Party2 Ground Personnel,,2185293,,,,,,,,,,,,Conflict Ground Conflict; Critical; Deviation / Discrepancy - Procedural Published Material / Policy; Ground Event / Encounter Loss Of Aircraft Control; Ground Excursion Ramp,,,Person Ground Personnel,Pre-flight,Flight Crew Took Evasive Action,Human Factors,Human Factors,"Ferry flight after charter flight. Parked at remote ramp with no pushback. Plan was to start engines; get a salute; release parking brake and taxi away. Several delays in getting paperwork. Ramp personnel on headset. We did the before push checklist and out of habit I asked the ramp person if I could release brakes. He said yes. We started the engines and while running the after start checklist the ramp person said 'stop the aircraft'. At the same time I noticed aircraft movement and applied the brakes. I reset the parking brake and asked the ramp person if he was OK. I told the ramp person the parking brake was set and he could disconnect headset. Everything else went normally.Contributing factors were complacency (our third non standard push); hours on duty; delayed paperwork was a distraction; non standard gate departure.",,,,"Air carrier Captain reported uncommanded aircraft movement on the ramp when the aircraft parking brake was released without a tug attached and then the engines started resulting in the aircraft movement. The ground personnel told the Captain to stop the aircraft; the Captain set the brakes; and no damage or injury occurred.",
2186017,202411,1801-2400,ZZZ.Airport,US,,,0,,,VMC,,,,,,Ramp ZZZ,Air Carrier,B777 Undifferentiated or Other Model,,2,Part 121,IFR,Cargo / Freight / Delivery,,Taxi,,,,,,,,,,,,,,,,,,,,,,,,,,,,,,,,,,,,,,,,,,,,,,,,,,,,,,,,,,,,,,,,,Aircraft X,Flight Deck,Air Carrier,Captain; Pilot Flying,Flight Crew Instrument; Flight Crew Multiengine; Flight Crew Air Transport Pilot (ATP),,,Situational Awareness; Fatigue,,,2186017,,,,,,,,,,,,Conflict Ground Conflict; Critical; Deviation / Discrepancy - Procedural Published Material / Policy,,,Person Flight Crew,Taxi,Flight Crew Took Evasive Action,Airport; Human Factors,Human Factors,"Last night Aircraft X was taxiing into their gate at ZZZ.  After seeing the ready ground crew; wands; clearing the silhouette and area around the turn; I began to turn right.  As I did; my FO checked our right blind spot behind the cockpit window line (which required him to lean forward and look back).  It was at that moment; when I was about 60-45 degrees off the parking bay center line that my FO spotted the oncoming tug (used for moving cans around the ramp) pulling the line of empty dolly's. The tug was crossing right to left at a rapid pace.  The FO determined that the tug had no intentions of stopping and before I could see the threat; he vocalized it and directed me to immediately stop.  I was able to stop the aircraft without incident but it was close enough that the tug passed under the nose out of sight of my vision until the tug passed to the left.  We reassessed the situation after the vehicle cleared and again went through the process of clearing the space and slowly continued into the parking bay.  The aircraft was shut down and no damage was done.  Had my FO not checked behind us in the turn; the ability for me to see the tug (which I don't think had lights on) would never have presented itself.   The FO in my opinion saved us from a very close call or worse.To the tug drivers credit; he did not drive off but pulled into the area next to the parking bay and came over to apologize and debrief what happened.The driver was respectful; polite and very very remorseful.  He did not blame anyone but his own actions and profusely apologized.  I asked him what happened and he said he just lost track of his surrounds and didn't see us.  I asked him if he was on the phone or listening to music but he said he wasn't. I believe him. I asked him if everything else was good with him and had he slept well the day prior. He admitted that he had not slept well and was tired. He looked exhausted and cold. I asked him how to prevent the event in the future and he said he needed to be more aware of his surroundings. I gave him some tips for clearing for aircraft when approaching parking bays and mentioned that lack of sleep can cause fatigue and accidents.I wanted to give my first hand immediate impressions of what must have been a very scary and stressful situation for the young man and how he handled it.My FO deserves recognition so I would ask how I can help facilitate that.    I have considered things myself from inside the cockpit and do not see what we would have changed to avoid the near miss other than what I discussed and debriefed with the driver.  I will continue to ask my FOs to always check our blind spot when turning into them.  Cause: Fatigued ground crews.  If the tempo remains this high between aircrew and ground crews there will be an accident.",,,,"Air carrier Captain reported a critical ground conflict with a vehicle which resulted in the flight crew taking evasive action.",
2186323,202411,1801-2400,ZZZ.Airport,US,,,,,,,,,,,,Tower ZZZ,Air Carrier,B737-800,,2,Part 121,IFR,Passenger,,Initial Approach,Visual Approach,Class B ZZZ,,,,,,,,,,,,,,,,,,,,,,,,Navigational Equipment and Processing,,X,Malfunctioning,,,,,,,,,,,,,,,,,,,,,,,,,,,,,,,,,,,,Aircraft X,Flight Deck,Air Carrier,Pilot Flying,Flight Crew Air Transport Pilot (ATP); Flight Crew Multiengine; Flight Crew Instrument,,,Situational Awareness; Fatigue; Workload,,,2186323,,,,,,,,,,,,Aircraft Equipment Problem Less Severe; Deviation - Altitude Overshoot; Deviation / Discrepancy - Procedural Clearance; Deviation / Discrepancy - Procedural Published Material / Policy; Inflight Event / Encounter CFTT / CFIT,,,Automation Air Traffic Control; Person Air Traffic Control; Person Flight Crew,In-flight,Air Traffic Control Issued Advisory / Alert; Flight Crew Returned To Clearance; Flight Crew Became Reoriented,Aircraft; Software and Automation; Human Factors,Software and Automation,"We were cleared to visual XXR. We start our descent according to ILS G/S indication. Suddenly G/S showed that we were becoming high; with V/S starting to descend at a higher rate to catch G/S then realized G/S was indicating wrong and we were becoming lower than we should have; disconnected the automation and made necessary corrections meanwhile; the Tower told us they received a low altitude warning. We made the necessary corrections and landed safely. The pairing we were flying was very intense and we flew 6 hours at night from ZZZZ. We were becoming very tired which caused us to realize the mistake later than we should.",,,,"B737-800 pilot reported receiving a low altitude alert from Tower after descending too low on approach. Flight crew made necessary corrections and landed safely.",
2188643,202411,,ZZZ.Airport,US,,,,,,IMC,,,,,,TRACON ZZZ,Air Carrier,B737 Undifferentiated or Other Model,,2,Part 121,IFR,Passenger,,Final Approach,,Class B ZZZ,,,,,,,,,,,,,,,,,,,,,,,,Autopilot,,X,Failed,,,,,,,,,,,,,,,,,,,,,,,,,,,,,,,,,,,,Aircraft X,Flight Deck,Air Carrier,Pilot Flying; Captain,Flight Crew Instrument; Flight Crew Air Transport Pilot (ATP); Flight Crew Multiengine,Flight Crew Last 90 Days 135.2; Flight Crew Type 208.7,,Workload; Fatigue,,,2188643,,,,,,,,,,,,Aircraft Equipment Problem Critical; Deviation - Track / Heading All Types; Inflight Event / Encounter Weather / Turbulence; Inflight Event / Encounter Unstabilized Approach; Inflight Event / Encounter Loss Of Aircraft Control,,,Person Flight Crew,In-flight,Flight Crew Overcame Equipment Problem; Flight Crew Regained Aircraft Control; Flight Crew Diverted; General Flight Cancelled / Delayed,Software and Automation; Weather; Human Factors; Aircraft,Software and Automation,"While working the red eye flight to ZZZ the weather at the destination decreased gradually until CAT III conditions prevailed; necessitating the use of autoland. Conditions were low enough and while fuel was still above the required amount to conduct the approach my FO and I agreed that the prudent decision in the event of a missed approach was to divert. During the attempted approach the aircraft veered off course at approximately 50-70ft AGL and resulted in a rapidly destabilizing flight condition in which the aircraft was banked and heading towards edge of the runway and the grass. I have no doubt that if we had allowed the autoland to continue we would have been in an accident. We conducted an uneventful go-around thanks to excellent CRM and diverted to ZZZ1. In ZZZ1 we debriefed the situation before talking to Operations; Maintenance; Dispatch; and Crew Scheduling. We wrote the up maintenance report on the autoland. When it became apparent that we would be unable to quickly depart again to ZZZ my FO and I decided to both call in fatigued. We agreed that the combination of all-night-flying; failed autoland; and subsequent rapid divert; had significantly tired us to the point where we felt safety would be compromised if we were to depart again.",,,,"A B737 flight crew reported auto pilot failed on short final during a CAT III Approach resulting in a temporary loss of control. Flight crew diverted and landed safely.",
2190786,202412,,ZZZ.Airport,US,,,0,,,VMC,,,,,,,Air Carrier,B737 Next Generation Undifferentiated,,2,Part 121,IFR,Passenger,,Takeoff / Launch,,,,,,,,,,,,,,,,,,,,,,,,,,Pilot Seat,,X,Improperly Operated; Malfunctioning,,,,,,,,,,,,,,,,,,,,,,,,,,,,,,,,,,,,Aircraft X,Flight Deck,Air Carrier,Pilot Flying; Captain,Flight Crew Multiengine; Flight Crew Instrument; Flight Crew Air Transport Pilot (ATP),Flight Crew Last 90 Days 96.85; Flight Crew Type 1404.93,,Fatigue; Situational Awareness,,,2190786,Aircraft X,Flight Deck,Air Carrier,Pilot Not Flying; First Officer,Flight Crew Instrument; Flight Crew Multiengine; Flight Crew Air Transport Pilot (ATP),Flight Crew Last 90 Days 145.5; Flight Crew Type 1771.5,,,,,2190779,Aircraft Equipment Problem Critical,,,Person Flight Crew,In-flight,Flight Crew Overcame Equipment Problem,Human Factors; Aircraft,Ambiguous,"At approximately 120kts during t/o roll; my seat slid backwards on its track.  I took my hands off the thrust levers but did inadvertently hold onto the yoke and pull back slightly..the nose came off the ground..I was able to put it back down as I gave the FO control of the aircraft.  He put his hands on the thrust levers also.  I was able to put my seat back in position at which point I took control of the throttles again..I made normal PM callouts of V1 and rotate (~157 & 167 kts).  The FO remained as PF until ~10;000ft and then we switched roles.  It was a startling sequence to both of us.My seat operation was completely normal during taxi-out including setting the parking brake several times before takeoff.I was assigned a XA:00 short call status following a Window of Circadian Low (WOCL) flight the day before. Because of the WOCL flight; crew scheduling was not able/legal to call me until XC:00 on this XA:00 short call which they did. I had declined a request to waive this WOCL--legal to assign protection from scheduling. I had a XB:20 wakeup for the previous pairing the day before the incident.  These factors did not affect how we handled the situation but fatigue was present.",,"Everything about the preflight; pushback; and taxi out was normal and routine. The CA was the pilot flying and I was the pilot monitoring. It was VMC with great visibility; dry; and very light winds (I don't recall the exact speed but it was single digit knots).Initially we were cleared to lineup and wait on runway 28L. We were within a few thousand pounds of MTOGW and configured for a flaps 5; bleeds on; derated thrust takeoff; I don't recall the speeds but I believe V1 was upper 150s and rotate was lower 160s. Once cleared for takeoff; all procedures and callouts were executed appropriately. Shortly after the '100 knots' callout; around 115 to 120 knots; the CA's chair slid all the way back and the CA was unable to keep his hands securely on the controls of the airplane.  When sliding back he bumped the control column back slightly; I did not notice any impact to the throttles. The plane started to move slightly right of centerline. In that moment I was ready to either take control of the aircraft or for him to reject the takeoff; and in that moment the CA declared 'YOU HAVE THE AIRCRAFT'. I grabbed the yoke and put my hands on the throttles momentarily as the CA went to pull his seat forward. I gently guided the airplane back to centerline as I observed our airspeed to continue to accelerate at a normal rate. With the CA hastily back in position he took the throttle back from my hand and verbalized 'my throttle' and reiterated that I am the PF and for me to just continue the takeoff and departure and he would assume the PM duties; which I acknowledged and silently agreed in the moment was the most prudent path forward.  The CA; now acting as the PM; then made the V1 and ROTATE callouts normally.  The rotation; liftoff; and departure were all normal; and we transferred aircraft control back to the CA and I went back to the PM role. The rest of the flight went uneventfully.  Once at cruise we discussed the situation to assess what exactly happened and what we might have done better.  The CA stated that because he saw me vigilant and ready at the controls; and the fact we were already in the high speed regime and he was not in a safe position to reject the takeoff anyway; that he felt it was best for me to take aircraft control and continue the takeoff. Neither of us were sure if the throttles had been unintentionally; momentarily retarded as the CA slid back; but after I had taken control of the aircraft we agreed that it was accelerating normally although neither of us explicitly verified the takeoff power was set correctly and verbalized it. We agreed that attempting a high speed abort in that situation under the pretense of 'unsafe to fly' would have been a much more dangerous alternative; and although we could have executed the scenario better than we did; we thought we were more correct to do what we did and ultimately successful. The CA repeatedly tested his chair to ensure it was locked in place and could find no issues with his seat; it seemed to be in good working order. We concluded it must just have not been originally locked into a set position and it was in a 'between' position (if that makes sense); and as we accelerated on the takeoff roll; the force was enough to break the friction in the mechanism and send him backward.We called back to the flight attendants and spoke to the lead to inform him what had happened and to see what he had perceived in the back of the aircraft. He stated that he felt a very noticeable 'bump' and in that instant thought that we might have been rejecting the takeoff; but then we clearly didn't and he was curious what was going on and was glad we could inform him. The CA and I agreed that what was perceived as a bump was very likely when the CA knocked back the yoke as he slid backward in his chair.",,"B737 NG flight crew reported the First Officer continuing the takeoff after the Captain's seat rolled back during the takeoff roll at approximately 120 kts.",
2194623,202412,1201-1800,ZZZ.Airport,US,,,,4000,,,,,Night,,,TRACON ZZZ,Air Carrier,A319,,2,Part 121,IFR,Passenger,,Initial Approach,Visual Approach,Class B ZZZ,,,,,,,,,,,,,,,,,,,,,,,,,,,,,,,,,,,,,,,,,,,,,,,,,,,,,,,,,,,,,,,Aircraft X,Flight Deck,Air Carrier,Pilot Not Flying; Captain,Flight Crew Air Transport Pilot (ATP); Flight Crew Instrument; Flight Crew Multiengine,,,Workload; Communication Breakdown; Fatigue; Situational Awareness; Training / Qualification,Party1 Flight Crew; Party2 Flight Crew,,2194623,,,,,,,,,,,,ATC Issue All Types; Deviation - Speed All Types; Deviation / Discrepancy - Procedural Published Material / Policy; Inflight Event / Encounter Loss Of Aircraft Control; Inflight Event / Encounter Unstabilized Approach,,,Automation Aircraft Other Automation; Person Flight Crew,In-flight,Flight Crew Executed Go Around / Missed Approach; Flight Crew Regained Aircraft Control,Software and Automation; Human Factors; Procedure,Human Factors,"ATC gave us the option of Runway XXR or XXC. We were set up for XXR; it was leg 3/4 on day 3 and at night so we decided to keep XXR to minimize workload. On base we were given an intercept heading and told that we were cleared for the visual to XXC. We informed them we had planned on the right. ATC told us we were then cleared for the visual to XXR. When we rolled out on final the PF said they felt we were high and didn't know if we could be stable in time. We continued momentarily and I told them if it didn't look good after a minute we would simply go around. During this brief period the PF stated AP (Autopilot) Off and called for FD (Flight Director) off. I assumed they were going to make an attempt to catch the glide slope manually. The PF then stated they didn't feel comfortable and thought we should go around. By this time; I felt we would be unable to get stable in time as well. I told the PF I would go ahead and tell ATC so that we could just level off and go around the pattern and set up again without the full go-around procedure to keep things nice and calm for the passengers. At some point during the period that I'm talking to ATC and getting our heading and altitude entered (since PF was AP off) the PF pulled the TLs (Throttle) to idle and disengaged the AT (Auto Throttle). Initially I was focused on ATC comm with missed approach procedures; then I turned my focus to the PFD (Primary Flight Display) and noticed we were in a descending right turn instead of climbing; so I told the PF they needed to climb to 4;000' and stop the descent. I believe I repeated this call and they started climbing. I noticed the airspeed was bleeding off and made a comment about it. I was still playing mental catch up and hadn't noticed the TLs at idle and AT being off. When the PF moved the TLs up to the climb detent it caught me by surprise. For one; I realized at that time they had been in idle and then secondly a light with AT off and having the TLs placed in climb accelerates quickly. I told the PF to check airspeed; not being 100% sure they heard me I said it again louder. They tried spinning the selected speed back and made a comment about it not slowing. As everything started to register in my mind (finally) I noticed they had not re-engaged the AT. Quickly we got the last notch of flaps up and I did not see the airspeed indicator in the red (apparently it did touch momentarily but I did not notice it). I heard a warning bell very briefly but thought it was AT related; etc. since I had not noticed any other issues such as an over speed.  This is why I did not write up anything in the AML (Aircraft Maintenance Logbook). We eventually got full automation set up again; got vectored back around and landed uneventfully.Cause: Fatigue was probably a player to some degree since we were on day three of five; we were on leg 3 of 4 for the day and it was late at night. ATC vectored us to the wrong runway so we were a little closer and higher to XXR than normal when we got the turn to final. The PF is fairly new to the Airbus having only been hired a little over a year ago. The key factor was the PFs non-standard go around procedure/callouts and lack of AT familiarity (and my failure to catch things quicker). Following this flight; I explained how AP and AT should have never been turned off. At our altitude a simple push of VS 0 is all that is needed.  Level off; set a comfortable airspeed; clean up (if it's even needed) and fly the approach again. In the future with newer FOs; I'll make sure to clearly explain my intentions if I plan on doing a go around above 1;000' so there are no surprises. Although I try not to micromanage how someone flies the aircraft; in the future if I have a situation like this I'll just take the aircraft instead of trying to verbalize everything to someone who is probably tasked with saturated and not taking in/processing what I'm saying. I'll take the aircraft to ensure safety then debrief it all later over dinner.",,,,"A319 flight crew reported loss of aircraft control on approach. Flight crew performed a go-around and landed uneventfully.",
2194644,202412,1201-1800,ZZZZ.Airport,FO,,,0,,,,,,Daylight,,,Tower ZZZZ,Air Carrier,B737-800,,2,Part 121,IFR,Passenger,,Takeoff / Launch,,,,,,,,,,,,,,,,,,,,,,,,,,Exterior Pax/Crew Door,,X,Malfunctioning,,,,,,,,,,,,,,,,,,,,,,,,,,,,,,,,,,,,Aircraft X,Flight Deck,Air Carrier,Captain; Pilot Not Flying,Flight Crew Air Transport Pilot (ATP); Flight Crew Instrument; Flight Crew Multiengine,,,Fatigue,,,2194644,,,,,,,,,,,,Aircraft Equipment Problem Critical,,,Automation Aircraft Other Automation; Person Flight Crew,In-flight,Flight Crew Rejected Takeoff; Flight Crew Returned To Gate; General Flight Cancelled / Delayed,Aircraft,Aircraft,"The rejected takeoff was on Runway XX; RWY length 1X;XXX ft; Planned for a Flaps 1 bleed on; 22K Dry; N1 89.7; V1/146; V2/147; VR/150; AT (Auto Throttle)/42C. TOW (Take-off Weight)/144.1. XXX SOB (Souls on Board).  We were cleared for Takeoff and Power was set to 89.7. First Officers Takeoff. At approximately 110 knots Master Caution light illuminated as Pilot Monitoring I looked up and saw AFT ENTRY warning light illuminated; I stated 'Reject my aircraft' Pulled the throttles to idle simultaneously disconnecting auto throttles; confirmed Speed Brakes deployed; full reverse thrust; and RTO (Rejected Take-Off) brakes applied. The reject was successful all procedures followed and ATC Transmissions made per SOP. We cleared the runway at Taxiway 1 approximately halfway down the runway. No injuries and no aircraft damage.  Outside air temp was +28; brake on at approximately 110kt; GW (Gross Weigh) 144.1. Once clear of runway and stopped; made a PA to passengers and informed them of why we stopped; reassured them all is OK and remain in their seats with seatbelts fastened and that we had to return to the gate. At the apron Spot X; we shut down the aircraft and were met by airport personnel; Maintenance and we completed a walk around to check on brake temperatures and cooling times. ARFF (Airport Rescue and Firefighting) was nearby even though they were not requested but in hindsight probably should have requested them after the reject just in case the brakes heated up. We did check the brake cooling chart and concluded that the threat of thermal plugs; brake temperatures did not require ARFF supervision; however out of caution I the Captain should have requested them just in case. I made an AML (Aircraft Maintenance Logbook) entry in logbook stating reason for reject; speed brakes applied approximately 110kts; GW144.1 and outside temp of +28. Along with Master Caution and AFT ENTRY illumination. As the Captain; I made my decision to reject based on numerous factors. First; I knew we had over 1X;000ft of runway and that stopping on the runway would not be a factor; Second; considered aircraft not fit for flight because it was an aft entry door and not knowing if the door opened or not played a role in my decision. Since the aft door is located near the tail and critical flight controls did not want to get airborne and complicate the event. Therefore; used Captain Authority to make the decision to reject. As event was occurring; I did consider the threat of hot brakes and continuously and immediately checked to see if it would play a factor once the aircraft was safely stopped and all procedures were followed. First Officer ran the brake chart and it was determined that hot brakes were not an immediate fire hazard and that we required approximately 40 min of cooling time. After the event was over and back in the chocks; engines shutdown; Maintenance doing their inspection; 1 of the passengers that did have a heart condition was not feeling well; so ground personnel removed him from flight and took control of him. No immediate life-threatening conditions were noted other then he felt weak and light headed and requested to be taken off the flight. Which we complied with. I was also met with a ZZZZ aviation safety person who did not speak very good English that requested a handwritten account of the event; which I complied with and signed but was not presented with a copy of the form. With all of the logistical issues of Maintenance; passenger control and company inquiries things were very busy. To compound the issue it was our 3rd leg that day of a 4day trip and we were facing timing out for duty day. It was the last leg of the trip and we didn't have much time left. Since; we do not routinely remain overnight in ZZZZ and considering the passengers limited options for successfully getting to ZZZ; we the pilots agreed to extend our duty day by 2hr and tried to complete the flight. After a lengthy delay; we were able to get the aircraftsigned off by Maintenance and continue the flight to ZZZ. Cause: Pilot fatigue definitely played a role in this; but thankfully it all ended well. To mitigate risk; crew pairings should not be scheduled routinely right up to the maximum allowed by the FAR's. It does not allow any room for error and ultimately results in reducing time for crew to get adequate meals; rest between flights and during overnights. When delays happen for anything; company routinely reduces the time between flights and takes the delays out of crew down time between flights and during overnights further compounding the fatigue issue. This builds up over a 3;4;5 day trip and you end up with a fatigued crew pushing limits thy should never have to do. It is not a safe practice; but a practice that optimizes the company's utilization of every possible minute a flight crew is a legally available. It's not safe and really needs to be stopped before something critical happens. Our only recourse is to call fatigued; but if you do it routinely you could be putting your career on the line. Not a mindset an aircrew should be faced with when determining FIT FOR DUTY. FAR duty limits are just that. Limits. They should not be allowed to routinely schedule trips to fly continuously right up to those limits.  When you complete trips they way they are scheduled now crew members are completely exhausted approaching the last day of a trip because of compounding factors over a 3;4;5 day sequence that results in a fairly fatigued crew rejecting at high speed on the last leg of a 4 day trip.  Also the time during overnights are based on block in to block out times. Example: Land at XA:00 and next leg departure is scheduled for a XM:00 takeoff; therefore your time during overnight is 12hrs. Sounds reasonable; however factor in that it takes on average 1hr to get from setting brakes to get to the hotel and now you are down to 11hr rest; then factor in another 30 min to check in; get changed and think about getting something to eat; now you have 10.5hr rest; then assuming you can find somewhere to get something to eat; factor 1hr to sit and try and enjoy a meal now you are at 9.5hr; then plan on a van time that will get you to sign in 1hr prior to flight; so backup your wake up time to allow for shower; and packing up to be in lobby by van time and at a minimum that 2.5hr prior to departure so you are now down to 7hr of sleep. Assuming you can immediately fall asleep based on the timeline which never happens. This leaves crews getting an average of about 5-6hr of sleep at night assuming no hotel interruptions.  Now do the same over 3 days and note that each day may have 2 to 3 legs which throughout the trip have issues with delays that eats away at crew members times to get food in between flights or just stretch their legs. Bottom line; the schedules are becoming more and more demanding with the companies trying to squeeze every legal minute out of a crew member to so call 'Optimize' the schedule and increase profits and it is becoming a very dangerous; unhealthy practice that is leading to more fatigue calls and overall unhealthy lifestyle for a profession that requires the highest medical standards. This in my opinion will someday lead to a fatigued crew member pushing the limits because of fear for calling fatigued too many times; financially loss or just trying to take care of the passengers and will lead to an aircraft accident. It is becoming more and more common place to schedule and push these limits. I hope that someone will look into the FAR Duty Day and flight day limits and set new guidelines that track crew rest times with clear start and end points. Example. My 12hr overnight rest should be started based on the avg time it takes to arrive at the hotel and should run to sign in. Not block to block. Examine this practice further and you will see more and more crew members are experiencing the same issues and fatigued pilots are becoming the normal. Last thing anyone wants is a malnourished; fatigued pilot making critical decisions at key times like a rejected takeoff. I hope something changes.",,,,"B737-800 flight crew performed a rejected takeoff due to Aft Entry warning light.",
2196601,202412,,PGD.Airport,FL,,,,1000,,,,,,,,UNICOM PGD,Air Carrier,Commercial Fixed Wing,,2,Part 121,IFR,Passenger,,Initial Approach,,,,,,,,,,,,,,,,,,,,,,,,,,,,,,,,,,,,,,,,,,,,,,,,,,,,,,,,,,,,,,,,,Aircraft X,Flight Deck,Air Carrier,First Officer; Pilot Flying,Flight Crew Air Transport Pilot (ATP); Flight Crew Multiengine; Flight Crew Instrument,,,Fatigue; Situational Awareness,,,2196601,,,,,,,,,,,,Deviation - Speed All Types; Deviation / Discrepancy - Procedural Published Material / Policy; Inflight Event / Encounter CFTT / CFIT; Inflight Event / Encounter Unstabilized Approach,,,Person Flight Crew,In-flight,Flight Crew Became Reoriented; Flight Crew Took Evasive Action,Human Factors,Human Factors,"Approaching PGD VMC conditions at night after Tower closure from the north along the LUBBR arrival; I was assigned direct to CISTS to setup for the visual for rwy 04.  I had the airport in sight and PM advised Approach around 10-8 NM from PGD and we were cleared for the visual.  Initially I began to widen out to more of a downwind and attempt to turn a perpendicular base to CISTS and continued a descent to 1;600 ft.  I believe my error at this point was that I was equating similar night experience at PIE airport with this shorter approach and I became too disoriented trying to keep the airport in sight over my shoulder along with navigating to an unfamiliar approach fix.  I asked PM to re-enter direct CISTS to join the approach and my initial thought was that we would be too high at 1;600 feet.  I continued a descent first selecting 1;000 and open descent as we began to turn onto the final approach path.PM appropriately spoke up being more familiar with the area saying he felt too low.  My initial attempt to level off I believe I tried to scroll in the next 100 ft altitude and pull but I don't know the actual altitude that I entered.  We then received a low energy 'speed speed' caution.  I decided to transition fully to visual and disconnected autopilot and requested FD off and bird on.  Once we were leveled with Autothrust on speed we were at 1;000 ft and below GS with an aural glide slope caution until re intercepting an on glide path condition.  From there I continued to a normal landing. I believe given this was my second approach to PGD at night in the last year; a more complete straight in approach would have been better in assisting me to gain familiarity.   Operating at an uncontrolled field and wanting to make a visual approach despite my lack of recent experience contributed to this undesired aircraft state.  Lastly I feel some fatigue was at play as well.",,,,"Air carrier First Officer reported becoming aware during a night visual approach to PGD that their altitude and airspeed were too low. Appropriate action was taken to assure safety of flight; and a safe landing ensued.",
2200158,202501,1801-2400,ZZZ.Airport,US,,,0,,,,,,,,,Ramp ZZZ,Air Carrier,B737-800,,2,Part 121,IFR,Passenger,,Taxi,,,,,,,,,,,,,,,,,,,,,,,,,,,,,,Ramp ZZZ,Air Carrier,Commercial Fixed Wing,,,Part 121,IFR,Passenger,,Taxi,,,,,,,,,,,,,,,,,,,,,,,,,,Gate / Ramp / Line,,Air Carrier,Ramp; Ramp Tower,,,,Time Pressure; Workload; Communication Breakdown; Distraction; Fatigue,Party1 Ground Personnel; Party2 Flight Crew,,2200158,,,,,,,,,,,,ATC Issue All Types; Conflict Ground Conflict; Critical; Ground Event / Encounter Weather / Turbulence,,,Person Other Person,Taxi,General None Reported / Taken,Equipment / Tooling; Airport; Human Factors; Weather; Procedure,Human Factors,"On the PM shift of Day 0; I was working gate XX ramp controller at ZZZ airport.  It was an extremely hectic day with a lot of aircraft movement; deicing; and FAA slow to clear ramp.  I had just been thru a couple of rough complexes with having as many as 10 aircraft holding on the ground waiting for a gate.   I cleared in a local aircraft to gate XX and prematurely showed him ON the gate on my board; I do not recall how long the time was that I cleared him in to the time he entered the alley.    Some minutes later; a live trip off gate XY called for push; and I approved the push; believing I already had gate XX on the gate.   As gate XY was pushing; the local aircraft for gate XX entered the east line; almost making contact with the pushing gate XY aircraft.   The local aircraft called me and asked if gate XY could move back in so he could complete his taxi to gate XX.   There was no contact of the 2 aircraft and no damage; but a close call.Identification: Thinking I already had gate XX parked on the gate; as I had mistakenly shown on my board; led me to clear gate XY to push.   Then the local called at top of the alley asking for room to be made.  I guess I'm also frustrated by the fact that the local aircraft seemingly prematurely called approaching.  Although; again; the exact details are blurry.  I don't recall exactly where the local aircraft was when he called approaching.Cause: The exact details of what led up to this are a blur; as it was an extremely hectic night (and time period).  I did not witness the local aircraft entering the alley as gate XY was pushing; as I believe I was conversing with the fueling department in the corner of the room regarding the need for fuel on a local aircraft on gate XZ.  And I think I as I was getting ready to advise the gate board of the fact of maintenance crew being on gate XZ; is when I noticed we had a major problem and that I had made a mistake; with respect to the gate XY push; and the local aircraft for gate XX.  As I recall; the local; from the time it called approaching; to the time it entered the alley; took a longer than usual time to show up at the top of the alley.  What happened is my fault and no one else's.  However; I'm frustrated by the extraordinary workload of number of aircraft's I had to deal with last night.  The high number of aircraft movement in the alley; combined with delays for deicing; combined with the FAA slow to move aircraft out of the ramp; made for a very challenging and; in my opinion; less than safe atmosphere.Response: I thought about advising management immediately; but ultimately; I did not notify anyone of the near-incident because there wasn't an incident.Suggestions: Less aircraft movement (particularly regionals).   Local aircraft need to call approaching closer to gate.",,,,"Ramp Tower Controller reported creating a critical ground conflict; by clearing one aircraft to push back; being distracted by a fueling issue at another gate and previously cleared another to taxi into the ramp area.",
2201037,202501,,ZZZ.Airport,US,,,,800,,VMC,,,,,,Tower ZZZ,Air Carrier,B737-900,,2,Part 121,IFR,Passenger,,Final Approach,,Class B ZZZ,,,,,,,,,,,,,,,,,,,,,,,,,,,,,,,,,,,,,,,,,,,,,,,,,,,,,,,,,,,,,,,Aircraft X,Flight Deck,Air Carrier,Captain; Pilot Not Flying,Flight Crew Instrument; Flight Crew Multiengine; Flight Crew Air Transport Pilot (ATP),Flight Crew Last 90 Days 36.33; Flight Crew Total 1785.32; Flight Crew Type 1603.62,,Situational Awareness; Fatigue,,,2201037,Aircraft X,Flight Deck,Air Carrier,First Officer; Pilot Flying,Flight Crew Air Transport Pilot (ATP); Flight Crew Multiengine; Flight Crew Instrument,Flight Crew Last 90 Days 50.52; Flight Crew Type 895.87,,Fatigue; Situational Awareness; Workload,,,2201047,ATC Issue All Types; Deviation - Altitude Overshoot; Deviation / Discrepancy - Procedural Clearance; Deviation / Discrepancy - Procedural Published Material / Policy; Inflight Event / Encounter Weather / Turbulence; Inflight Event / Encounter CFTT / CFIT; Inflight Event / Encounter Unstabilized Approach,,,Person Air Traffic Control,In-flight,Air Traffic Control Issued Advisory / Alert; Flight Crew Became Reoriented; Flight Crew Returned To Clearance,Weather; Human Factors,Human Factors,"Very busy approach with numerous threats. New CA training in left seat; Line Check Pilot (LCP) in right seat; F40 landing (lots of discussion about not forgetting to go to F40); close in traffic with TCAS TAs; multiple close in step downs from ATC resulting in constant manipulation of Mode Control Panel (MCP); long duty day; long trip with 4 reassignments; cumulative sleep deficit (numerous discussions by both pilots about how exhausted and 'brain fried' we were); shorter than planned and expected layovers due to delays and reassignments.At about 700' on visual approach to XXR; tower issued a low altitude alert for our flight.  We both noticed that we were below our path; Trainee in left seat immediately turned off automation and adjusted flight path.  We selected appropriate modes and completed the flight with a safe and successful approach and landing.During the thorough debrief; we found the reason that we ended up in that situation was the failure to remain in VNAV which was due to multiple close in step downs; leaving us high; and the subsequent failure of the PM to effectively monitor the FMA due to task saturation.  Both pilots were affected by multiple long duty days with short layovers; delays; reassignments; poor sleep; and failed to acknowledge the cumulative fatigue and should have not operated.",,"It had been a long 4 day trip with multiple reassignments and long days. We had an early 1.5 hour deadhead followed by a 3 hour sit; then the 5 hour 7 minute flight ZZZ1 to ZZZ. For the majority of the flight we had trained and discussed topics since it was IOE which was very beneficial and occasionally dealt with turbulence. We both had acknowledged our fatigue enroute from the long trip and multiple changes. However; we thoroughly briefed the entire approach; arrival and all threats. We were on the visual approach XXR; it was dusk; there was a 757 off our left to maintain visual separation; a strong right crosswind and multiple altitude changes from ATC. We were on the approach and forgot to arm VNAV and got a low altitude alert from ZZZ tower. We kicked off automation and hand flew; reengaged VNAV and successfully landed.",,"Air carrier flight crew reported descended below the published minimums during approach resulting in a low altitude alert from ATC. Flight crew corrected and continued to landing.",
2202724,202501,1201-1800,ZZZ.Airport,US,,,,7000,,VMC,10,,Daylight,6000,,TRACON ZZZ,Air Carrier,A320,,2,Part 121,IFR,Passenger,FMS Or FMC; GPS,Initial Approach,Visual Approach; STAR ZZZZZ,Class D ZZZ,,,,,,,,,,,,,,,,,,,,,,,,,,,,,,,,,,,,,,,,,,,,,,,,,,,,,,,,,,,,,,,Aircraft X,Flight Deck,Air Carrier,Captain; Pilot Not Flying,Flight Crew Instrument; Flight Crew Air Transport Pilot (ATP); Flight Crew Multiengine,,,Communication Breakdown,Party1 Flight Crew; Party2 ATC,,2202724,Aircraft X,Flight Deck,Air Carrier,Pilot Flying; First Officer,Flight Crew Air Transport Pilot (ATP); Flight Crew Flight Instructor; Flight Crew Instrument; Flight Crew Multiengine,Flight Crew Last 90 Days 71.1; Flight Crew Total 2586.6; Flight Crew Type 234.5,,Confusion; Situational Awareness; Fatigue; Communication Breakdown,Party1 Flight Crew; Party2 Flight Crew,,2202489,ATC Issue All Types; Deviation - Altitude Excursion From Assigned Altitude; Deviation - Altitude Crossing Restriction Not Met; Deviation - Altitude Overshoot; Deviation - Track / Heading All Types; Deviation / Discrepancy - Procedural Published Material / Policy; Inflight Event / Encounter CFTT / CFIT,,,Automation Air Traffic Control; Person Air Traffic Control,In-flight,Air Traffic Control Issued Advisory / Alert; Flight Crew Became Reoriented,Human Factors; Procedure; Chart Or Publication,Ambiguous,"While briefing for arrival the first officer as pilot flying; briefed a visual approach to runway XX backed up by the ils. The decision of the visual approach was supported by the reported weather at ZZZ. On arrival into ZZZ we were told by approach control to expect the Ils XX; and I read that back. A short time later the first officer stated he had the field in sight; and we did in fact both have the field in sight; but I didn't communicate this to atc at that time. After being cleared for the approach we were approaching ZZZZZ while following the ils approach the first officer; assuming we were cleared for the visual approach; stated he was going to cut the corner and then turned to a heading toward ZZZZZ1 and selected open descent to 7000. This was helping to stay further away from the restricted area just beyond ZZZZZ. There was some discussion between the first officer and I at this time of whether we were cleared for the visual or the ils; and I couldn't remember which one we had actually been cleared for; but the first officer was under the understanding we were cleared for the visual; so we continued on the current path. At the point where we reached 7000 atc contacted us and informed us we were under minimum vectoring altitude and instructed us to climb to 8000 and gave us a slightly different heading which we complied with. Atc then cleared us for the ils approach runway XX in which I read back and we complied. At no point during the course of course of these events did we have any gpws warnings or any other aircraft warnings.  Some of the factors which contributed to this event were an unclear communication between the first officer and I; unclear communication between atc and myself; and the new arrival procedures which had just been implemented about a week prior.  The crew communication being unclear was partially due to the busy environment and trying to accomplish all of our duties at the same time. I should have communicated the field in sight when we had it; and also clarify whether we were cleared for the visual approach or ils with atc even though we were both very busy with him managing flying the aircraft; and me managing the monitoring of everything. We spent a good amount of time prior to entering approach environment in briefing the new procedures; and were clear on how they should be flown and set up for; but were still unsure of how we were going to be controlled by atc through them.",,"I was Pilot Flying on approach into ZZZ utilizing ILS XX which I briefed as a visual; backed up with the ILS XX approach. I take full ownership of my actions and accountability as the Pilot Flying that performed these actions.  To help characterize the events that occurred; this is my perspective to the best of my recollection.After descending on the ZZZZZ arrival with assigned altitudes; my understanding was that we were then cleared for a visual approach to ZZZ runway XX; as I had talked with the Pilot Monitoring about the airport being in sight a few minutes prior; and ceilings supported a visual approach.In addition to this understanding that we were cleared for the visual; and knowing that the new ZZZZZ arrival brings us very close to the Restricted Area and it's associated military activity and terrain; I looked to my right to verify that the airport and surrounding terrain was still in sight; then asked the Pilot Monitoring 'are you ok with a right turn - I believe we were cleared for the visual?' There was a little hesitation/confusion but he seemed to agree so I selected a heading towards a final approach as well as a safe altitude to head that direction. (utilizing an Open Descent to 7000' MSL; heading approximately toward ZZZZZ1). Increasing the safety of flight was my motivation for doing this; thinking that it gave us more distance from the Restricted Area and its associated military activity; the terrain within it and turbulence created by the terrain in North wind; as well as the small but increasingly utilized ZZZ1 airport. We then briefly discussed the question of being cleared for the visual but were interrupted by other duties associated with flying the airplane (callouts for configuring if I remember correctly).  During that time; ATC notified us that we were below the minimum vectoring altitude; and assigned us a new altitude and heading which I immediately complied with. The rest of the approach was flown uneventfully. At no time were any terrain alert features of the aircraft activated or triggered; nor was safety of flight affected from my perspective.Causal Factors & Lessons Learned:1) Miscommunication - I should have been more clear in my communication at several points -A) When reporting that I had the field in sight to the Pilot MonitoringB) When listening for our approach clearanceC)When asking if we had been cleared for the visual prior to changing course. I also should have requested & waited for confirmation that we were cleared for the visual before changing course; as I have done many times before.2)New Arrival - I believe the ZZZZZ has been published for about two weeks. I flew it only once before; and remember being uncomfortably close to the restricted area…3)Proximity to the Restricted Area & ZZZ1 airport - Although I know and respect that when under an IFR flight plan; we should be protected from Restricted Area incursions by ATC as well as NOTAM review; it is always possible to be given a visual at any point near there; at which point I prefer to have more distance from the restricted area and ZZZ1 airport; as well as from the terrain and rotor turbulence caused by it with winds out of the north.  If ZZZZZ1 were not located so close to it; I wouldn't have felt the need to vary course away from it.  Better NOTAM review on my part; as well as having a note in the ZZZ ATIS regarding the status of R-XXXX as does ZZZ2 ATIS could also help with local situational awareness for inbound aircraft.4)Approach confusion due to winds - I briefed the assigned ZZZZZ arrival and associated weather with contradictory North winds; which could dictate that we change to the RNAV Visual XY if winds exceeded 10 knots; which would require a different arrival as well since there is no Via for it from the ZZZZZ1. Crossing ZZZZZ1 with the assigned altitude of 9000' instead of the 11;000 on the plate; it momentarily seemed like we might have been getting a rerouting.  This did not end up happening; but some of the mental questioning that I did during that time may have distracted me from hearing which approach we ended up being cleared for.  This would have been easily avoided with more clear communication on my part with the Pilot Monitoring as well as ATC. Additionally; better arrival and approach options for both runways would help simplify the briefing and flying into ZZZ2. (I do however appreciate the time and effort that it took to get the procedures that we currently have.)5) Fatigue -  My Reserve duty period began at XA:30; and I was called at approximately XB:00 for the XD:00 showtime during the primary Window of Circadian Low.  We were then delayed due to maintenance.  After this; and at the end of the last flight of the day; The approach then occurred near the afternoon trough in circadian rhythm after nearly 12 hours of duty time.  I felt alert and competent throughout the flight; mitigating any effects with hydration and light caffeine intake; but I believe the effects of this timing on the body is well known and worth mentioning.  It could also be partly mitigated with Crew Support notifying pilots closer to the minimum XX minute required callout instead of 2-4 hours in advance as happened here and previously; where they wake you up 30-120 minutes earlier than necessary.In conclusion; I sincerely appreciate the opportunity to share my perspective and factors that led to this; and have learned how important seemingly small details in communication are in such a high stakes environment.  I would like to reiterate that I take full responsibility and ownership of my actions and I hope to carry these lessons forward in my flying career. I'm happy to help clarify or answer any questions regarding this; I'm eager to learn and improve; and hope to hear any feedback; suggestions or improvements I can make in my flying.",,"Air carrier pilots reported they were advised by ATC that their aircraft was below the minimum vectoring altitude.",
2212549,202502,1801-2400,ZZZ.Airport,US,,,0,,,VMC,,,,,,Tower ZZZ,Air Carrier,B737 Undifferentiated or Other Model,,2,Part 121,IFR,Passenger,,Landing,,,,,,,,,,,,,,,,,,,,,,,,,,,,,,,,,,,,,,,,,,,,,,,,,,,,,,,,,,,,,,,,,Aircraft X,Flight Deck,Air Carrier,Pilot Flying; First Officer,Flight Crew Multiengine; Flight Crew Air Transport Pilot (ATP); Flight Crew Instrument,Flight Crew Last 90 Days 86.72; Flight Crew Type 182.78,,Fatigue; Situational Awareness,,,2212549,,,,,,,,,,,,Deviation / Discrepancy - Procedural Published Material / Policy; Ground Event / Encounter Loss Of Aircraft Control; Ground Event / Encounter Weather / Turbulence,,,Person Flight Crew,In-flight,Flight Crew Regained Aircraft Control,Human Factors; Weather,Human Factors,"The purpose of this report is to have it on file if someone (passenger; etc.) complains about the landing. As the pilot flying; I landed slightly left of centerline in a slight left crab. I did not apply enough right rudder to correct this crab and as the nose wheel lowered; the jet continued further left. Once the nose wheel lowered; I applied more right rudder and corrected back to centerline. Cause: Tiredness from a long leg and complacency; which led to a poor crosswind landing.Overall; this was a bad; but safe landing. The Captain and I debriefed my poor crosswind landing and how to correct it for next time.",,,,"B737 First Officer reported veering from centerline during a landing with a crosswind. Once the nosewheel touched down the First Officer corrected back to the centerline with no damage.",
2217888,202503,0601-1200,ZZZ.Airport,US,,,0,,,,,,,,,Tower ZZZ,Air Carrier,A319,,2,Part 121,IFR,Passenger,,Takeoff / Launch,,,,,,,,,,,,,,,,,,,,,,,,,,Airspeed Indicator,,X,Malfunctioning,,,,,,,,,,,,,,,,,,,,,,,,,,,,,,,,,,,,Aircraft X,Flight Deck,Air Carrier,Pilot Not Flying,Flight Crew Instrument; Flight Crew Air Transport Pilot (ATP); Flight Crew Multiengine,,,Troubleshooting; Situational Awareness; Time Pressure; Fatigue; Distraction,,,2217888,,,,,,,,,,,,Aircraft Equipment Problem Less Severe; Deviation / Discrepancy - Procedural Published Material / Policy,,,Person Flight Crew,In-flight,Flight Crew Overcame Equipment Problem; Flight Crew FLC complied w / Automation / Advisory,Aircraft; Environment - Non Weather Related,Aircraft,"We arrived from ZZZ1 at XA:00 and arrived in ZZZ before the sun came up. After swapping aircraft with about 1 hour on the ground; we felt a bit rushed getting to the next flight to ZZZ2. As we left the gate the sun was coming up. As we departed [Runway] XXR the sun was shining in my eyes from the side and made it difficult to see all the screens properly even though they were all turned up to the highest. As we rolled down the runway since the aircraft had a light load it accelerated quicker than normal and I was late making the 80-kt. callout. V1 and Vr came very quickly and we were airborne in no time. Shortly after the after takeoff checklist was completed an ECAM NAV Air Data Reference (ADR) 3 FAULT came on; which was a repeat write-up. We completed the ECAM procedures which basically had us turn the ADR 3 OFF. Shortly after I noticed a red SPD label on the Integrated Standby Instrument System (ISIS) airspeed indicator. Since the conditions were VMC all the way to ZZZ2 and both primary airspeed indicators were working properly we decided to continue the flight. Afterwards I began doubting if we had proper ISIS speed indication during the takeoff. I can't say with certainty that I did. While enroute I first wrote up the ADR 3 and then the ISIS airspeed. The flight to ZZZ2 was normal and in VMC conditions.I believe having such an early wake-up call for an XA:00 departure from ZZZ1 to ZZZ just before operating flight to ZZZ2 had an impact on my alertness level. Also; departing with the sun rising from the left made it more difficult to read the Primary Flight Display (PFD); which then made it more challenging to read the ISIS. The fact that the aircraft was relatively light and it was cool; meant that the aircraft accelerated down the runway very quickly.",,,,"A319 pilot reported that departing as the sun was rising made seeing the dim CRT screens difficult and after an ADR fault appeared; the reporter questioned whether the ISIS speed indication was correct for takeoff.",
2217891,202503,1201-1800,ZZZ.Airport,US,,,0,,,,,,,,,Tower ZZZ,Air Carrier,A319,,2,Part 121,IFR,Passenger,,Takeoff / Launch,,,,,,,,,,,,,,,,,,,,,,,,,,Airspeed Indicator,,X,Malfunctioning,,,,,,,,,,,,,,,,,,,,,,,,,,,,,,,,,,,,Aircraft X,Flight Deck,Air Carrier,Captain; Pilot Flying,Flight Crew Multiengine; Flight Crew Air Transport Pilot (ATP); Flight Crew Instrument,,,Fatigue,,,2217891,,,,,,,,,,,,Aircraft Equipment Problem Critical; Deviation / Discrepancy - Procedural Published Material / Policy,,,Person Flight Crew,In-flight,Flight Crew Returned To Gate; Flight Crew Rejected Takeoff; General Flight Cancelled / Delayed; General Maintenance Action,Aircraft,Aircraft,"We flew the aircraft from ZZZ1 to ZZZ and wrote up NAV ADR 3 and the airspeed indication on the ISIS (Integrated Standby Instrument System). A red SPD flag was showing over the indicated airspeed. ZZZ Maintenance reissued the MEL for the ADR3 fault which had been cleared the day before. With ISIS speed ZZZ Maintenance had to do some more extensive tests. After everything was signed off; we were within 40 minutes of MOT (Minimum Off Time). As we taxied out; we noticed some issues with the lower ECAM not showing the flight control page during the flight control check. After speaking with Maintenance Control; they advised a return to gate. ZZZ managed to reset a few things and the lower ECAM seemed to work. At this time our MOT had expired so we decided we could extend our MOT by 1 hour. We taxied out to the runway; completed the before takeoff checklist. This time the lower ECAM responded normally. We were cleared for takeoff and noticed the ISIS indicated airspeed did not move. As we passed 60 knots; I realized it was not going to work. I rejected the take just before 80 kts; and informed ATC. I feel I could have been more prompt to reject and not wait so long to call the reject. The auto brakes were quite aggressive at stopping the aircraft. After we exited the runway; I made a PA explaining what happened and returned to gate and shortly after timed out. I made 2 logbook entries for the ISIS and rejected takeoff. The FO did a walk around after we arrived at the gate and everything looked normal.Cause: The fact that I woke up at XA:45 in ZZZ2 for a XD:00 departure; I'm sure had something to do with my slow reaction to reject. Also the accumulation of events and a return to the gate also had an impact; specially so close to MOT.",,,,"A319 Captain reported a rejected takeoff due to Integrated standby airspeed anomaly.",
2218274,202503,1201-1800,VIDP.Airport,FO,,,,,,,,,Night,,,Tower VIDP,Air Carrier,Commercial Fixed Wing,,3,Part 121,IFR,Passenger,,Landing,,,,,,,,,,,,,,,,,,,,,,,,,,,,,,,,,,,,,,,,,,,,,,,,,,,,,,,,,,,,,,,,,Aircraft X,Flight Deck,Air Carrier,Pilot Flying,Flight Crew Multiengine; Flight Crew Air Transport Pilot (ATP); Flight Crew Instrument,,,Situational Awareness; Confusion; Distraction; Fatigue,,,2218274,,,,,,,,,,,,Ground Event / Encounter Ground Equipment Issue,,,Person Flight Crew,In-flight,Flight Crew Requested ATC Assistance / Clarification,Airport,Airport,"I wanted to bring to your attention a safety issue we experienced landing in DEL last night on Day 0. We were on ILS to Runway 10; visibility 4500 meters. Runway in sight from 3 miles out; but about 2 miles from touch down we saw what appeared to be an aircraft on the runway about 4000 feet from approach end. We expected to see it turn off and then we would get a landing clearance. However; when we were cleared to land; the light was still on the runway centerline.At about 1 mile we queried the Tower; to confirm runway was clear and confirm landing clearance. With all eyes outside looking; we quickly determined it was a single super bright amber turn-off light just left of centerline approximately at the intersection with H2. There were no other position lights; anti-collision lights or red beacons; so I felt safest course was to continue the landing. We passed it after touchdown while rolling out. Needless to say; it was disconcerting; and made concentrating on the approach and landing more challenging and stressful than needed.I suggest you immediately send an email to flight crews to alert them to this potential hazard; and contact the local airport authorities to see if they can identify and repair this light which looks like it is angled up and 3x brighter than runway centerline lights. I called the Captain who will arrive tonight on Day 1.Cause: Night; fatigue; language issues; crew experience.Notify crews of hazard.",,,,"Air carrier pilot flying reported being on final approach and seeing a bright amber turn-off light just left of centerline that made it look as if there was an aircraft on the runway.",
2218806,202503,,ZZZ.Airport,US,,,0,,,,,,,,,,Air Carrier,Commercial Fixed Wing,,2,Part 121,IFR,Passenger,,Parked,,,,,,,,,,,,,,,,,,,,,,,,,,Unknown,,,,,,,,,,,,,,,,,,,,,,,,,,,,,,,,,,,,,,,Aircraft X,Flight Deck,Air Carrier,Pilot Flying; Captain,Flight Crew Multiengine; Flight Crew Instrument; Flight Crew Air Transport Pilot (ATP),,,Troubleshooting; Workload; Fatigue,,,2218806,,,,,,,,,,,,Aircraft Equipment Problem Critical; No Specific Anomaly Occurred Unwanted Situation,,,Person Flight Crew,Aircraft In Service At Gate,Flight Crew Returned To Gate; General Flight Cancelled / Delayed,Aircraft,Aircraft,"I did not sleep as well as I would have hoped in ZZZ1 due to the circadian swap from our afternoon departure out of ZZZ2 to and early morning departure on the east coast.  In addition; the light from the hallway did penetrate the perimeter of the hotel room door contributing to my poor sleep.  Upon arrival in ZZZ; we were alerted to an extended sit due to our next flight's delayed departure.  After arriving at the aircraft; we received an updated EDCT (Estimated Departure Clearance Time) extending our delay.  After initially boarding the aircraft; we were informed of a ground stop in ZZZ3 requiring all passengers to deplane.  After much coordination we reboarded the aircraft.  After closing the door; we received another significant delay and deplaned the aircraft once again.   Approximately 4 hours after our original departure time we boarded once again and pushed off the gate.  Taxiing out we experienced a maintenance issue requiring a gate return.  We worked with maintenance at the gate until it became clear this aircraft would not be operating the flight.  Once all passengers were deplaned and we were able to regroup we realized how tired we were.   At that time we determined we would call fatigue.",,,,"Air carrier Captain reported an aircraft issue during taxi out that resulted in the aircraft not being useable for the flight.",
2219208,202503,,ZZZ.Airport,US,,,0,,,,Snow; Thunderstorm; Icing,Temperature - Extreme,,,,,Air Carrier,B737 Next Generation Undifferentiated,,2,Part 121,IFR,Passenger,,Parked,,,,,Y,,,,,,,,,,,,,,,,,,,,,De-Icing Fluid,,X,Improperly Operated,,,,,,,,,,,,,,,,,,,,,,,,,,,,,,,,,,,,Aircraft X,Flight Deck,Air Carrier,First Officer,Flight Crew Multiengine; Flight Crew Instrument; Flight Crew Air Transport Pilot (ATP),,,Fatigue; Time Pressure,,,2219208,,,,,,,,,,,,Aircraft Equipment Problem Less Severe; Deviation / Discrepancy - Procedural Published Material / Policy; Deviation / Discrepancy - Procedural MEL / CDL; Flight Deck / Cabin / Aircraft Event Other / Unknown; No Specific Anomaly Occurred Unwanted Situation,,,Person Flight Crew,Aircraft In Service At Gate,General Release Refused / Aircraft Not Accepted; General Flight Cancelled / Delayed; General Maintenance Action,Aircraft; Human Factors; MEL; Procedure; Weather,Weather,"ZZZ was IROPS (Irregular Operations) with a Winter Storm Warning and Blizzard conditions. My normal commute time to the airport is 25 minutes. Due to the weather; I left at XA:00 for a XB:15 Report. I parked at the airport at XA:50. Upon arriving at the jet; around XB:15; the boarding area was fairly chaotic with passengers and 20-25 wheelchairs. When I got down the jet bridge; I met the captain and began to discuss the action plan with the weather. I was informed that the Stall Test and Mach test were not testing properly and we needed to clear the flaps being left down to get a new Maintenance Release. I asked the captain if he wanted me to go and have boarding stopped for us to try and build some time; which he agreed. I told the agent in the bridge we had a maintenance issue and to stop boarding while we worked through things. I returned to the flight deck to grab my vest and go outside and immediately had a supervisor behind me asking what was going on. We explained to her and she made some comment about the number of connections we had and we needed to get out on time. I conducted the walk around and returned to the flight deck for preflight preparation. We had a deice personnel come to the flight deck and began coordinating clearing the underside of the flaps and a deice plan at the gate. Meanwhile the captain had cleared the Stall Warning issue with Maintenance Control as it was connected to having the flaps down; and boarding resumed. As we continued to prepare the flight deck and post deice for the underside of the wings; we had finally gotten a mechanic onboard to come and clear the flaps once deicing was complete prior to anti-ice application to get the Maintenance Release. In the meantime; the ATIS and FICON (Field Conditions) were not clear on the field codes. The captain was working with dispatch and I was trying different takeoff data to get legal numbers. Finally; Maintenance Release on board; the gates were closing the door and we were starting the deice process around 30-40 minutes late. We were almost complete the 40 minute process and we believe that the de-icer got anti ice fluid into the APU; causing a shut down. We began coordinating with Maintenance Control and station to bring the bridge back as the aircraft was without power. Station refused to bring the bridge back and had them reapply ground power. Station and Station Maintenance asked us to attempt a restart the APU. We asked station to ask the maintenance technician how much anti ice was in inlet; as this was going to affect our risk tolerance for attempting a restart. We were told it was just a couple drips. We attempted a restart and within two minutes of stabilizing the APU shut down again. At this point we refused the aircraft as we were not going to accept a deferral for an APU in a blizzard. At this point we asked for the bridge back. The bridge had to retract the external power to move so we went completely cold and dark to preserve the battery.  The flight attendants were unable to disarm doors IAW (In Accordance With) there because that is the only means of egress. When the agent brought the bridge; she immediately began to open the door requiring swift intervention to prevent inadvertently slide deployment. This created an intense few moments for the crew while we got the door disarmed safely. Finally; the agent took off and we did not open for almost another 10 minutes. We egress and were continually delayed as one jet bridge was downed; so the ground team had to move aircraft around to board and get other flights out. All in all we closed 7.5 hours late. This included an intense mental strain with driving to the airport; trying to get an aircraft out in a blizzard and finally a near slide deployment. As we landed in ZZZ1; I was exhausted. I was missing radio calls and switches on ground. I was irritable with my captain. I was not fit to continue. I did not feel safe to even be an ABP (Able-bodied Passenger) on DH (Dead Head). Our flight to ZZZ2 was getting delayed by an hour and weather in ZZZ2 was only going to deteriorate. I called fatigued and asked for a hotel for a report time at or after XD:00 the next day to get a full circadian night sleep before continuing to work. I was just released from all duty.",,,,"B737 First Officer reported prevention of an inadvertent escape slide deployment after a series of delays and maintenance issues during a blizzard. Maintenance was involved and aircraft was eventually refused.",
2222332,202503,0601-1200,FLL.Airport,FL,,,0,,,VMC,,,Night,,,Tower FLL,Air Carrier,Commercial Fixed Wing,,2,Part 121,IFR,Passenger,,Landing,Vectors,Class C FLL,,,,,,,,,,,,,,,,,,,,,,,,,,,,Tower FLL,,Any Unknown or Unlisted Aircraft Manufacturer,,,,,,,,,,,,,,,,,,,,,,,,,,,,,,,,,Aircraft X,Flight Deck,Air Carrier,Captain; Pilot Not Flying,Flight Crew Multiengine; Flight Crew Air Transport Pilot (ATP); Flight Crew Instrument,Flight Crew Last 90 Days 225; Flight Crew Total 7750; Flight Crew Type 1600,,Fatigue; Situational Awareness; Communication Breakdown; Confusion,Party1 Flight Crew; Party2 ATC,,2222332,,,,,,,,,,,,ATC Issue All Types; Conflict Ground Conflict; Critical; Ground Incursion Taxiway; Ground Incursion Runway,,,Person Air Traffic Control; Person Flight Crew,Taxi,Air Traffic Control Issued New Clearance,Procedure; Human Factors; Chart Or Publication; Airport,Procedure,"Performing the flight ZZZ1 - FLL. On the approach and landing for Runway 28L we were light weighted for landing (approximately 57.5 tons) with a Vapp speed of about 122 kt. plus a headwind of about 15 kt.; factors that made us land very short; making us between intersection J8 and J7 be at taxi speed. As there was traffic behind us we thought the best course of action would be to vacate the runway at J7 instead of continuing down the runway at taxi speed and vacate on J5 or J4.Already turning on J7 the Tower advised us to continue down and vacate the next right; but the turn was already made and it was not possible to turn back to the runway. We were instructed to hold short on the runway before Taxiway J; because there were aircraft taxiing to Runway 28L on Taxiway J. As we were still on the runway; Aircraft Z landing behind us was instructed for a go-around.Contributing factors: Low approach speed making us land very short; fatigued; low experience operating at the airport; lack of information on the chart alerting the crews that Taxiway J7 is a hotspot when operating Runway 28L for takeoff; as vacating on this taxiway conflicts with traffic taxiing to Runway 28 for takeoff on Taxiway J.Suggestions: Implementing a hotspot on Taxiway J7 alerting the risk of vacating on J7 when landing on Runway 28L and 28L being used for takeoff as there will be traffic taxiing in the opposite direction on Taxiway J.An internal safety report was made.",,,,"Air carrier Captain reported landing at FLL and exiting the runway at an earlier taxiway than normal that then led to an active runway. Reporter suggested a hotspot designation.",
2224667,202503,1201-1800,BNA.TRACON,TN,,,,6000,,,,,,,,TRACON BNA,Air Carrier,Medium Large Transport; Low Wing; 2 Turbojet Eng,,2,Part 121,IFR,Passenger,,Final Approach; Descent,Vectors,Class C BNA,,,,,,,,,,,,,,,,,,,,,,,,,,,,TRACON BNA,Air Taxi,Light Transport; Low Wing; 2 Turbojet Eng,,2,Part 135,IFR,,,Climb,Vectors,Class C BNA,,,,,,,,,,,,,,,,,,,,,,,,Facility BNA.TRACON,,,Departure; Approach,Air Traffic Control Fully Certified,Air Traffic Control Time Certified In Pos 1 (yrs) 3,,Confusion; Physiological - Other; Situational Awareness; Workload; Fatigue,,,2224667,,,,,,,,,,,,ATC Issue All Types; Conflict Airborne Conflict; Deviation / Discrepancy - Procedural Published Material / Policy,,,Person Air Traffic Control,In-flight,Air Traffic Control Issued New Clearance,Environment - Non Weather Related; Procedure; Human Factors; Company Policy,Human Factors,"Working Departure Radar East and Arrival Radar East combined. Switched Aircraft X on long side arrival to final. Around that time Aircraft Y departed. When I RADAR Identified him; I thought I climbed and turned him. Aircraft did not commence turn and was on converging heading with Aircraft X on the arrival. When I noticed the failure to turn; I turned Aircraft Y away from the arrival. Aircraft Y responded immediately and turned away. In hindsight; I am uncertain if I issued the first turn to the departure or not. I am unsure if there was a loss or not. I recommend more staffing at the facility to open more positions; reduce fatigue; and distribute workload. 6 day work weeks for consecutive years take their toll on the human body and fatigue can set in without the individuals even recognizing it. Current SIDs/STARs at BNA are outdated and inefficient. These procedures create conflict between departures and arrivals. New procedures have been designed and should be implemented immediately.",,,,"BNA TRACON Controller reported having two aircraft on converging headings at the same altitude. Controller stated they were working combined sectors due to insufficient staffing and were fatigued from working overtime every week.",
2228987,202504,0001-0600,DCA.Airport,DC,,,,,,,,,Night,,,Tower DCA,Air Carrier,Commercial Fixed Wing,,2,Part 121,IFR,Passenger,,Initial Approach,,Class B DCA,,,,,,,,,,,,,,,,,,,,,,,,,,,,,,,,,,,,,,,,,,,,,,,,,,,,,,,,,,,,,,,Aircraft X,Flight Deck,Air Carrier,Captain,Flight Crew Instrument; Flight Crew Air Transport Pilot (ATP); Flight Crew Multiengine,Flight Crew Type 11000,,Fatigue; Situational Awareness; Time Pressure,,,2228987,,,,,,,,,,,,Deviation - Altitude Overshoot; Deviation / Discrepancy - Procedural Published Material / Policy; Inflight Event / Encounter CFTT / CFIT; Inflight Event / Encounter Unstabilized Approach,,,Automation Aircraft Terrain Warning; Person Flight Crew,In-flight,Flight Crew Executed Go Around / Missed Approach,Procedure; Human Factors; Environment - Non Weather Related,Ambiguous,"Flying into DCA at night accepted river visual got low and received a GPWS alert went around. Cause: Accepted visual instead of flying RNAV",,,,"Air carrier Captain reported they received a GPWS while conducting a nighttime Visual Approach.",
2229156,202504,0601-1200,ZZZ.Airport,US,,,0,,,VMC,Thunderstorm,,Night,,,,Air Carrier,B767-300 and 300 ER,,2,Part 121,IFR,Ferry / Re-Positioning,,Parked,,,,,,,,,,,,,,,,,,,,,,,,,,Escape Slide,,X,Improperly Operated,,,,,,,,,,,,,,,,,,,,,,,,,,,,,,,,,,,,Aircraft X,Flight Deck,Air Carrier,Captain; Pilot Flying,Flight Crew Air Transport Pilot (ATP); Flight Crew Instrument; Flight Crew Multiengine,,,Fatigue,,,2229156,,,,,,,,,,,,Deviation / Discrepancy - Procedural Published Material / Policy; Flight Deck / Cabin / Aircraft Event Other / Unknown,,N,Person Flight Crew,Aircraft In Service At Gate,General Flight Cancelled / Delayed; General Maintenance Action,Human Factors,Human Factors,"L1 door slide deployed after parking at ZZZ. It was a long day/night. I verbalized my actions; but did not wait for confirmation. Fatigued; complacent and admittedly non-SOP.  Very dumb mistake. I directed we complete the remaining doors disarming procedure without incident. Made the immediate contact to dispatch and operational control followed by call to my Chief Pilot. I had better review and review again company procedures for closing; arming and disarming the doors using what I believe to be very adequate procedures when applied and followed correctly. Not to add or pile on further to these procedures. Regarding fatigue possibly being a contributing factor; admit it to ones self and double the CRM enlisting backup and 3x checking. Always easy to say after the fact of course.",,,,"B767 Captain reported an inadvertent escape slide deployment after parking the aircraft citing fatigue due to weather and flight delays as a contributing factor.",
2235818,202504,0601-1200,SAV.Airport,GA,,,0,,,,,,,,,Tower SAV,Air Carrier,Commercial Fixed Wing,,2,Part 121,IFR,Passenger,,Takeoff / Launch,,,,,,,,,,,,,,,,,,,,,,,,,,,,,,Tower SAV,Personal,Small Aircraft; Low Wing; 1 Eng; Fixed Gear,,1,Part 91,,Personal,,Landing,Visual Approach,Class C SAV,,,,,,,,,,,,,,,,,,,,,,,,Facility SAV.Tower,,Government,Local,Air Traffic Control Fully Certified,Air Traffic Control Time Certified In Pos 1 (yrs) 6,,Situational Awareness; Workload; Distraction; Fatigue,,,2235818,,,,,,,,,,,,ATC Issue All Types; Conflict Ground Conflict; Critical,,,Person Air Traffic Control; Person Flight Crew,,Air Traffic Control Issued New Clearance; Flight Crew Requested ATC Assistance / Clarification,Human Factors; Procedure; Company Policy,Company Policy,"Aircraft Y cleared to land Runway 10; Aircraft X holding short of Runway 10 with a CFR (Call for Release) time. A third aircraft was initiating an intersection departure from Runway 19. Ground had multiple crossing requests for Runway 19. Approach on hotline to coordinate something but was indistinguishable from helicopter calling with request on frequency.I gave a takeoff clearance to Aircraft X to meet his flow time but only completed a partial scan due to other operational activities. Aircraft Y must have been on short final; dropped from the radar display. I became aware of my mistake only when Aircraft Y requested exit instructions for his FBO. I located the aircraft; issued the exit instructions; and observed that Aircraft X was still a few seconds away from beginning takeoff roll. At that point I could see that Aircraft Y would exit before separation would be lost. Aircraft X questioned the takeoff clearance; and I reissued that.I believe mental mistake is attributable to fatigue caused by months of overtime assignments; and lack of staffing. No oversight in the Tower at the time; no one in the Tower cab noticed that I issued an unsafe clearance. Supervisor combined with Clearance Delivery and facing away from the operation.",,,,"SAV Tower Controller reported clearing an aircraft for takeoff before another aircraft had cleared the runway. The reporter stated fatigue related to frequent overtime as a result of short-staffing was a factor.",
2236208,202504,1801-2400,ZZZ.Airport,US,,,0,,,,,,,,,,Air Carrier,Regional Jet 900 (CRJ900),,2,Part 121,,Passenger,,Landing,,,,,,,,,,,,,,,,,,,,,,,,,,,,,,,,,,,,,,,,,,,,,,,,,,,,,,,,,,,,,,,,,Aircraft X,Flight Deck,Air Carrier,Trainee; First Officer,Flight Crew Air Transport Pilot (ATP),Flight Crew Type 200,,Fatigue; Situational Awareness,,,2236208,,,,,,,,,,,,Deviation / Discrepancy - Procedural Published Material / Policy; Ground Event / Encounter Loss Of Aircraft Control; Inflight Event / Encounter Unstabilized Approach,,,Person Flight Crew,In-flight,Flight Crew Regained Aircraft Control,Human Factors; Company Policy; Procedure,Ambiguous,"Hard landing of 900 feet per minute in ZZZ. The approach was stable coming in with the exception of being a little high towards the end. I should have gone around from the approach. In the last hundred feet I pulled the power too early and overflared thinking I was lower than what we actually were. Cause:  When coming out of ZZZ we were originally supposed to take off at XA:30pm and instead took off around XC:30am due to delays in ZZZ. I believe that the tiredness felt by myself and the captain did play a significant factor in the landing. We selected the RNAV XX approach into ZZZ. The approach was stable with the exception of being slightly low and slightly high at certain points. When in the last two hundred feet I took the power out too early and over-flared as I though I was much lower than I actually was. I should have performed a go around after the '500 ft stable continue call'. Attempting to follow the vertical guidance of the flight director also played a role in addition to a lack of vertical guidance from the papis.",,,,"CRJ-900 First Officer reported during landing; they had lost control of the aircraft due to reducing the power too early and over flaring which caused a hard landing.",
2241616,202505,,,,,,0,,,,,,,,,,Air Carrier,B757 Undifferentiated or Other Model,,2,Part 121,IFR,,,Takeoff / Launch,,,,,,,,,,,,,,,,,,,,,,,,,,Turbine Engine,,X,Malfunctioning,,,,,,,,,,,,,,,,,,,,,,,,,,,,,,,,,,,,Aircraft X,Flight Deck,Air Carrier,Pilot Flying,Flight Crew Instrument; Flight Crew Multiengine; Flight Crew Air Transport Pilot (ATP),,,Fatigue,,,2241616,,,,,,,,,,,,Aircraft Equipment Problem Critical,,,Person Flight Crew,In-flight,Flight Crew Returned To Gate; Flight Crew Rejected Takeoff; General Flight Cancelled / Delayed; General Maintenance Action,Aircraft,Aircraft,"Original departure time was delayed 1.5 hours. During takeoff roll left Eng failed to produce t/o power and t/o was rejected at 80kts. Accomplished checklist items and consulted Maintenance Control/return to gate took 30 minutes. Tail swap was going to be required which would take atleast another hour. The flight was a ZZZ turn planned landing time of XA00. With the high stress event occurring and now having an estimated land time of XD:00 with little opportunity for rest since the planned break period being 30-45min we determined it was unsafe to continue trip at current fatigue level.",,,,"B757 pilot reported left engine failed to produce takeoff power resulting in rejected takeoff.",
2244319,202505,0001-0600,DCA.Airport,DC,,,0,,,,,,,,,Ground DCA,Air Carrier,Commercial Fixed Wing,,2,Part 121,IFR,,,Taxi,,,,,,,,,,,,,,,,,,,,,,,,,,,,,,,,,,,,,,,,,,,,,,,,,,,,,,,,,,,,,,,,,Aircraft X,Flight Deck,Air Carrier,Pilot Not Flying; First Officer,Flight Crew Multiengine; Flight Crew Air Transport Pilot (ATP); Flight Crew Instrument,,,Confusion; Fatigue,,,2244319,,,,,,,,,,,,Deviation / Discrepancy - Procedural Clearance; Ground Event / Encounter Object; Ground Event / Encounter Ground Equipment Issue; Ground Incursion Taxiway,,,Person Ground Personnel; Person Flight Crew,Taxi,Flight Crew Requested ATC Assistance / Clarification,Airport,Airport,"After excessive delays throughout the day (which caused us to nearly time out on our next leg by 4 minutes after our duty extension); the Captain made a normal landing from the River Visual 19 approach into DCA around XA:00am. While decelerating on Runway 19; tower instructed advised that our gate was occupied and to turn onto Runway 22 then A and hold on B. The Captain began left turn onto Runway 22 (he later said was because Runway 22 begins to the left and ATC never said which direction the turn onto the runway was to be made). I immediately told the Captain we needed to turn right onto the runway (toward taxiways A and B) and he began to turn right after a 45 degree turn to the left had been made. As we were coming back to the right Tower asked us where we were going and I told him we were correcting and taxiing A to hold on B. Then as we were taxiing on Runway 22 toward A; the Captain began to turn right toward C. Then taxi direction signs at the angle they are positioned did make C look like it was A at night. Before fully entering C; I noticed small cones blocking taxiway C and advised the Captain to be careful with the cones. We realized this was Taxiway C and began a left turn back onto the not in use Runway 22. Then the Captain turned right on A and we held on B until cleared to our gate.It had been pointed out to me on a previous trip how the taxi signs for crossing Runway 22 are easily mistakable based on the roughly 45 degree angle with the runway. I believe this; combined with possible fatigue from our long day were contributing factors (even in ZZZ we were roughly 3 hours behind schedule with weather delays and after preflighting for this flight were told we needed to change planes and quickly started over at a new gate).",,,,"Air carrier First Officer reported confusion of ATC clearance at DCA and the taxi direction sign position resulted in wrong turns and taxiway incursion.",
2245753,202505,0001-0600,ZZZ.Airport,US,,,,,,,,,Night,,,Tower ZZZ,Air Carrier,Regional Jet 700 ER/LR (CRJ700),,2,Part 121,,Passenger,,Final Approach,,Class C ZZZ,,,,,,,,,,,,,,,,,,,,,,,,,,,,,,,,,,,,,,,,,,,,,,,,,,,,,,,,,,,,,,,Aircraft X,Flight Deck,Air Carrier,Pilot Not Flying; Captain,Flight Crew Multiengine; Flight Crew Instrument; Flight Crew Air Transport Pilot (ATP),,,Fatigue; Situational Awareness,,,2245753,,,,,,,,,,,,Deviation - Altitude Overshoot; Deviation - Altitude Excursion From Assigned Altitude; Deviation - Altitude Crossing Restriction Not Met; Deviation / Discrepancy - Procedural Published Material / Policy; Inflight Event / Encounter CFTT / CFIT,,,Person Air Traffic Control,In-flight,Flight Crew Executed Go Around / Missed Approach,Human Factors,Human Factors,"We were on a repo flight after the I.T.  meltdown late at night. We took off and flew the flight uneventfully and go on the arrival at the end of the arrival we were cleared for the approach. The PF kept the airplane in FMS mode at ZZZZZ. I assumed it was a new technique and watched it since it was turning outside the final approach fix at the initial approach fix. We were high so we set the lower altitude. The FMS intercepted inside FAF and start to head towards the airport instead. I called for heading mode to correct this but act called go around low altitude alert. We went around uneventfully and came around for a successful landing.Root cause narrative: Loss of situational awareness due to fatigue and not speaking up sooner.Suggestion: Fatigue played an issue because we sat on the ground for 3 hours. I assumed we were still doing the right thing but I realized the normal procedure I should've called out for is heading mode to join the approach.",,,,"CRJ-700 flight crew reported low altitude alert on approach. Performed go-around and landed uneventfully.",
2246784,202505,1801-2400,LGA.Airport,NY,,,,1200,,VMC,,,Night,,,Tower LGA,Air Carrier,Medium Large Transport; Low Wing; 2 Turbojet Eng,,2,Part 121,IFR,Passenger,,Initial Approach,Other RNAV X 31,Class B LGA,,,,,,,,,,,,,,,,,,,,,,,,,,,,,,,,,,,,,,,,,,,,,,,,,,,,,,,,,,,,,,,Aircraft X,Flight Deck,Air Carrier,Pilot Not Flying; Trainee; First Officer,Flight Crew Multiengine; Flight Crew Instrument; Flight Crew Air Transport Pilot (ATP),Flight Crew Type 30,,Communication Breakdown; Situational Awareness; Training / Qualification; Workload,Party1 Flight Crew; Party2 ATC,,2246784,Aircraft X,Flight Deck,Air Carrier,Pilot Flying; Check Pilot; Captain,Flight Crew Air Transport Pilot (ATP); Flight Crew Instrument; Flight Crew Multiengine,Flight Crew Type 2000,,Situational Awareness; Training / Qualification; Fatigue; Communication Breakdown,Party1 Flight Crew; Party2 ATC,,2246222,Deviation / Discrepancy - Procedural Published Material / Policy; Inflight Event / Encounter CFTT / CFIT; Inflight Event / Encounter Unstabilized Approach,,,Person Air Traffic Control,In-flight,Air Traffic Control Issued Advisory / Alert; Flight Crew Returned To Clearance,Human Factors; Software and Automation,Human Factors,"Conducting the RNAV GPS X- RWY 31 into LGA. Capt was PF; I was PM. On the final turn around DCTRK ATC issued a low altitude alert to us on short final. We continued in for a normal landing.In the approach briefing Cap; asked to be notified of the how she was doing vs the 'check altitudes' listed on the plate. Through DRRYL I called slightly high we were about 1200 ft on the altimeter; I saw a correction back down. I noted on profile at KEYTH. As we began the final turn ATC issued a check altitude for our aircraft. I looked at the altimeter; called look slightly low; but still on profile; I also noted the PAPIs which were now coming in sight as we passing through 30 degrees to runway heading were showing 3 white. Once lined up with the runway heading we still had three white. The Cap made a correction; then made a touchdown normally in the touchdown zone.Cause: I think an excessive sink rate might have led to a trip of the low altitude alert.Suggestions: RNAV would probably be easier having the final extended out by 500 feet. And possibly limit its use at night.",,"We flew ZZZ-LGA and it was our last leg of a 4 day trip; and it was a 3 leg day. I was doing OE (Operational Evaluation) with a new hire and we had delays the entire day because of ATC flow; but we had made up lost time by not having long sits and so we were arriving about 45 minutes later than scheduled; landing around XA:30 pm eastern. I took this last leg since we were going into LGA and doing the RNAV X 31 late at night. Beginning the approach everything looked great; we had heavily briefed threats for the flight and briefed the RNAV X super in depth since it was my Foster second time doing it; first at night. I began the approach and my FO was being a good active PM and calling out my altitudes. The wind was 320/330 at 13 which I had briefed how it would affect our flight path. Right around the turn over the lake just past DRRYL is where I became slightly high as I was turning inbound; and I believe my turn was not shallow enough. At KEYTH I was at 834 feet which should be at 782 feet so just 52 feet high. I made a correction but my correction was too steep; because my FPM increased to 1.1; the increased descent rate in combination with a steeper turn than needed caused me to be slightly low. I saw the PAPIs and made immediate corrections and verbally announced my corrections. My FO called out that my altitude was right on and we continued. We heard 'low altitude alert' from ATC but at that point I was corrected and I asked the FO if that was for us. We continued the approach because it was stable and I was on the PAPIs. After landing I had my FO confirm if that altitude alert was for us; and they confirmed it was. We determined that I must have turned slightly inward of the lateral navigation because my wind correction was too much; and that in combination with my temporarily increased descent rate triggered the low altitude alert.Cause: We determined that I must have turned slightly inward of the lateral navigation on RNAV X 31 because my wind correction was too much (320/330 at 13); and that in combination with my temporarily increased descent rate (1.1 for more than 5 seconds) triggered the low altitude alert. I later confirmed this with flight pulse. I've flown the RNAV X 31 many times into LGA and am comfortable with it. It had been a while since I had done it at night and my second time doing it with a new hire on OE. I felt like going into it I briefed it well; I honestly think that I just misjudged the visual cues at night and wasn't in tune enough with the lateral path like I am during day time.Suggestions: I do feel like we followed TEM (Threat and Error Management) and adequately briefed the approach to prepare for it. I think because it had been a while since doing it at night it threw my sight picture off slightly. Maybe when we practice this approach in the sims we also add in the night sight picture as well.",,"Air carrier crew reported receiving a low altitude alert from ATC while on the initial approach when above the glide path on a training flight at night. The Captain made the vertical correction and stabilized the aircraft and landed.",
2255841,202506,1801-2400,ZZZ.Airport,US,,,0,,,,,,,,,,Air Carrier,Commercial Fixed Wing,,,Part 121,,,,,,,,,,,,,,,,,,,,,,,,,,,,,,Door,,X,Improperly Operated,,,,,,,,,,,,,,,,,,,,,,,,,,,,,,,,,,,,Gate / Ramp / Line,,Air Carrier,Technician,Maintenance Powerplant; Maintenance Airframe,,,Troubleshooting; Fatigue,,,2255841,,,,,,,,,,,,Deviation / Discrepancy - Procedural Published Material / Policy; Flight Deck / Cabin / Aircraft Event Other / Unknown,,N,Person Maintenance,Aircraft In Service At Gate,General Maintenance Action,Human Factors,Human Factors,"I was assigned to Aircraft X which was a late arrival Flight ABCD from ZZZ1. This aircraft was due in at XA:16 AND GOING OUT AT XF:25 with a Routine Overnight (RON) and 2 Priority 1 MEL's. I was gathering the info and parts to address this ACFT when I received a phone call on my cell from the Crew chief informing me they had added a second Acft to my workload and I needed to get on it asap as the plan was to move it to a remote parking area. This was a Periodic Service Check (PSC) and when I arrived at the Acft; only one of the crew chiefs was working the acft; he was oiling #2 engine. I forgot the gate code as they had just been changed. When I went inside to get new gate codes I informed the crew chiefs that not enough people assigned to the check and received the ZZZ standard answer "we don't have anyone else" I stated then defer the check and heard the standard laughter. I assumed the Crew Chief (CC) working with me had the basic operating weight (BOW) and went by what I was told it was a PS check. I went onto the ACFT TO DO A QUICK WALK THRU as the acft was being moved shortly. The tug was in place as well as one of the move crew in the cockpit. Cause: On my quick walk; thru I observed the crew OXY at 1330 psi; 2 rolls of paper were required; tray table at row 4 was taped up. This was an effort to see what supplies and equipment were needed at the remote location to accomplish the check. On the way forward I decided to take a peek at one of the door assist bottles to see if I needed to drag a nitrogen cart with me. That's when I blew the slide.  I thought the door was disarmed but the handle jumped as soon as I started to move the handle. I closed the handle but too late as I heard the slide deploy. The repair required a slide change; bottle change; the door assist bottle was ok and remained charged. I was tired on top of this as my mother was having dialysis and had collapsed and was rushed to the ER earlier in the day. I was running on little rest. This was an accident / mistake on my part. Suggestions: The crew chiefs need to give briefings as required; don't rush the mechanics because of lack of planning. It is a very rare thing at ZZZ for the crew chiefs to say no. The work load is extremely large most nights and we are under staffed. It is left up to the mechanics to find spotters or help if needed in most cases. I informed the union on several occasions that it was just a matter of time before something happened at ZZZ.",,,,"Air carrier Technician reported an inadvertent escape slide deployment while checking an armed aircraft door during a routine overnight check.",
2256664,202506,0601-1200,PDX.Airport,OR,,,,3000,,VMC,,,Daylight,,,Tower PDX,Air Carrier,Widebody; Low Wing; 2 Turbojet Eng,,2,Part 121,IFR,Cargo / Freight / Delivery,Localizer/Glideslope/ILS ILS RWY 28R,Final Approach,Visual Approach,,,,,,,,,,,,,,,,,,,,,,,,,ILS/VOR,,X,Malfunctioning,,,,,,,,,,,,,,,,,,,,,,,,,,,,,,,,,,,,Aircraft X,Flight Deck,Air Carrier,Captain; Pilot Not Flying,Flight Crew Air Transport Pilot (ATP); Flight Crew Instrument; Flight Crew Multiengine,,,Communication Breakdown; Fatigue; Training / Qualification; Human-Machine Interface; Situational Awareness,Party1 Flight Crew; Party2 Flight Crew,,2256664,Aircraft X,Flight Deck,Air Carrier,Pilot Flying; First Officer,Flight Crew Air Transport Pilot (ATP); Flight Crew Instrument; Flight Crew Multiengine,,,Communication Breakdown; Human-Machine Interface; Situational Awareness; Training / Qualification,Party1 Flight Crew; Party2 Flight Crew,,2257061,Aircraft Equipment Problem Critical; Deviation / Discrepancy - Procedural Published Material / Policy; Ground Event / Encounter Ground Equipment Issue; Inflight Event / Encounter CFTT / CFIT; Inflight Event / Encounter Loss Of Aircraft Control,,,Automation Aircraft Other Automation; Person Flight Crew,In-flight,Flight Crew Regained Aircraft Control; Flight Crew Overcame Equipment Problem; Flight Crew Overrode Automation; General Maintenance Action,Software and Automation; Human Factors; Aircraft,Human Factors,"We were on the visual approach for PDX and it was a backed up ILS. The ILS had a beam error and the aircraft started diving towards the ground before the airplane should have started a decent. I responded to the incident to my FO as pilot monitoring this leg that he needed to kick off the autopilot and fly the airplane. And was trying to explain what happened while on the approach. The FO did kick off the autopilot but struggled to understand the full scope of what was going on and what was needed to fly the approach successfully. as I was trying to explain to him to just hand fly the visual when things with the automation doesn't go as planned he struggled maintaining the proper altitude.  I finally just shut off all of the flight directors as it was giving us bad data for the approach. I instructed him to climb back to a proper altitude and restart the approach. The tower gave us an altitude warning and we explained we were having issues with our equipment on the approach and that we are correcting. After landing I mentioned to the tower that I believe we had gotten some bad glide slope data from the beam and asked if they were having issues with their equipment. They responded that everything checked out on their end. The only thing else that came to mind after the landing is that it was a plane crossing the beam and possibly holding in the beam to cause the error while we were landing. I also mentioned to the FO that if something happens on approach to always fly the airplane and kick off the automation. We wrote up in the aircraft logbook the error and the mechanic said this is a recurring issue there. He also showed us the beam error in the ECAS readout.As a result of the issues I worked with the FO the rest of the trip to assist him with visual approaches. I suggest at his next sim event that he receive some additional training on those visual approaches specifically.",,"We were on visual backed up by the ILS in to PDX. The ILS system had a beam error and the aircraft started diving towards the ground before it was to start the descent. We both realize what was happening and I decided to kick off the auto pilot while the captain was telling me the same thing; The captain shut off the flight directors as they were giving us bad data as I was trying to get back to the proper altitude; I flew the approach and landed the aircraft with no problems. When we landed the captain ask the tower if they were having any kind of issues with their equipment. They responded that everything was OK on their end. We wrote up in the aircraft logbook the error and we mention it to the mechanic. He said this is a recurring issue there. He also showed us the error on the ECAS READ OUT.",,"Air carrier crew reported an aircraft autopilot malfunction resulting in the aircraft diving below the glide slope on the ILS approach in visual conditions. The Captain had the FO disconnect the autopilot; climb to the glide slope and continued to landing.",
2259876,202506,0001-0600,ZZZ.Airport,US,,,0,,,,,,,,,Tower ZZZ,Air Carrier,A319,,2,Part 121,IFR,Passenger,,Takeoff / Launch,,,,,,,,,,,,,,,,,,,,,,,,,,PMC; Performance/Thrust Management Computer,,X,Improperly Operated,,,,,,,,,,,,,,,,,,,,,,,,,,,,,,,,,,,,Aircraft X,Flight Deck,Air Carrier,First Officer; Pilot Flying,Flight Crew Multiengine; Flight Crew Instrument; Flight Crew Air Transport Pilot (ATP),,,Fatigue; Human-Machine Interface,,,2259876,,,,,,,,,,,,Aircraft Equipment Problem Critical; Deviation / Discrepancy - Procedural Published Material / Policy,,,Person Flight Crew,In-flight,Flight Crew Rejected Takeoff; General Flight Cancelled / Delayed,Human Factors; Aircraft,Ambiguous,"I was the PF.Origination and preflight walk around complete. We did not receive a PDC so I called clearance; we were told to expect Runway XXR. There was a tailwind reported in the ATIS so I sent for performance data for XXR with a tailwind. The CA and I completed all preflight duties. Together we completed a route verification; reviewed the PERF page (after the new numbers with a tailwind were input) and all other items on the departure brief. We then completed the Before start checklist. I called for push clearance and was told to expect XXL. The performance data on the release had numbers for XXL. As we pushed I completed the runway change in the FMS. I changed the departure runway; verified the SID and checked the rest of the route. Then I entered v-speeds; flap setting/cg; and flex temp. The CA and I verified the new departure with runway change and PERF changes and briefed the new taxi route. Both engines were started and the load close out brief and after start checklist were completed. The CA taxied to XXL. Before takeoff checklist was completed. We were cleared for takeoff. I was given control of the a/c when lined up on the runway. I allowed the IAE engines to stabilize then advance the thrust levers to the FLEX detent. I did not see an indication in column 1 of the FMA (Flight Mode Annunciator). I removed my hand from the thrust levers. Briefly; I saw; MCT (Maximum Continuous Thrust) then CLIMB displayed. The CA called 80 kts and shortly after rejected. When I looked at the airspeed after the reject we were just below 80kts; I called 60kts and let ATC know we rejected. I estimate the reject was initiated between 100-110 kts. We stopped on the runway; determined it was safe to taxi off the runway and stopped. There was a VENT skin isolation valve ECAM which we completed. We completed after landing flow; taxied to the gate; turned the brake fans on (max temp was around 450 degrees and completed the shutdown checklist after parking.As we taxied back to the gate I noticed my MCDU (Multipurpose Control Display Unit) had the PERF page displayed in green and did not show a flex temp input. It is possible I did not enter the FLEX temp after the change to XXL.After advancing the thrust levers to the FLEX detent with nothing populated in column 1 of the FMA I should have checked the upper ECAM.Fatigue may have been a contributing factor. This flight was scheduled to depart at XA:24 but was delayed until XG:49. The previous duty period was also a red eye and after the rejected t/o I called fatigued. Cause: Long duty day preceded by a red eye. I was for duty for this flight.Multiple changes to the PERF page. Follow up with the runway change checklist in the AOM.",,,,"A319 First Officer reported a rejected takeoff after a runway change due to lack of thrust FMA (Flight Mode Annunciator).",
2264184,202507,1801-2400,ZZZ.TRACON,US,,,,,,,,Temperature - Extreme,,,,TRACON ZZZ,Air Carrier,B737-800,,2,Part 121,IFR,Passenger,,Takeoff / Launch,,,,,,,,,,,,,,,,,,,,,,,,,,Engine,,X,Malfunctioning,,,,,,,,,,,,,,,,,,,,,,,,,,,,,,,,,,,,Aircraft X,Flight Deck,Air Carrier,Captain; Pilot Flying,Flight Crew Instrument; Flight Crew Air Transport Pilot (ATP); Flight Crew Multiengine,,,Fatigue; Workload; Communication Breakdown; Situational Awareness,Party1 Flight Crew; Party2 Flight Crew,,2264184,Aircraft X,Flight Deck,Air Carrier,Pilot Not Flying; First Officer,Flight Crew Instrument; Flight Crew Multiengine; Flight Crew Air Transport Pilot (ATP),,,Situational Awareness; Fatigue; Communication Breakdown,Party1 Flight Crew; Party2 Flight Crew,,2264189,Aircraft Equipment Problem Critical; Deviation / Discrepancy - Procedural Published Material / Policy,,,Automation Aircraft Other Automation; Person Flight Crew,In-flight,General None Reported / Taken,Human Factors; Aircraft,Aircraft,"Shortly after takeoff from ZZZ on a hot evening; heavy airplane; bleeds off takeoff; flaps 5; our #2 engine EGT red lined for about 12 seconds until thrust reduction altitude where EGTs returned to normal. The event was unseen by myself as I was flying; and my First officer as he was responding to radio calls; switching bleeds; and commencing with the 'clean-up' phase of flight and after takeoff checklist. We continued all the way to ZZZ1 UNEVENTFULLY and upon shutdown; I failed to notice the red EGT box on the #2 engine which would tell me that and event had occurred. My focus was instead on the oil quantity which was subsequently written up in our Logbook. We were well rested however this was a red eye flight. We were definitely looking forward to the hotel and resting. I failed to notice an important factor that was overlooked and learned a valuable lesson: to look over the primary engine instruments after shutdown not just focus on the secondary engine instruments and hydraulic quantities. The incoming crew caught my mistake and wrote up the EGT properly which required maintenance action to note the over-temp and release to service. I was notified days after by flight standards and was able to review our safety software app to indeed concur the event happened under my aircraft command.",,"During the departure from ZZZ to ZZZ1 for a redeye; the #2 engine went into the red on departure while the CA was flying pilot and I was pilot monitoring. We were busy cleaning up the aircraft and contacting departure and neither of us noticed the EGT in the red. The flight continued without incident to include shutdown. I was notified by the CA a week later that he was notified we exceeded the EGT. Neither of us noticed the red box on shutdown either.",,"B737-800 air carrier crew reported an engine EGT exceedance malfunction during climb in hot weather conditions. The flight continued to the destination and landed.",
2264521,202507,1801-2400,SFO.Airport,CA,,,,2500,,IMC,,,,,,Tower SFO,Air Carrier,Commercial Fixed Wing,,2,Part 121,IFR,Passenger,,Final Approach,,Class B SFO,,,,,,,,,,,,,,,,,,,,,,,,,,,,,,,,,,,,,,,,,,,,,,,,,,,,,,,,,,,,,,,Aircraft X,Flight Deck,Air Carrier,Captain; Pilot Not Flying,Flight Crew Multiengine; Flight Crew Instrument; Flight Crew Air Transport Pilot (ATP),Flight Crew Last 90 Days 157.78; Flight Crew Type 1173.95,,Fatigue; Situational Awareness,,,2264521,,,,,,,,,,,,Deviation - Altitude Undershoot; Deviation - Altitude Overshoot; Deviation / Discrepancy - Procedural Clearance; Inflight Event / Encounter CFTT / CFIT; Inflight Event / Encounter Unstabilized Approach,,,Person Air Traffic Control; Person Flight Crew,In-flight,Air Traffic Control Issued Advisory / Alert; Flight Crew Returned To Clearance; Flight Crew Became Reoriented,Human Factors,Human Factors,"DYAMD5 to FMS BRIDGE VISUAL 28R from ARCHI. Called bridge and field at TRDOW.  Aircraft ahead of us appeared to go into clouds on final.  Lost sight of runway lights briefly then we assumed we would break out again.... requested to switch to ILS 28R. FO flew while CA selected in FMS.  Broke out at approximately 1000'; just left of C/L (Centerline) and below glide path.  Tower called below glidepath.  Overcorrected up; and then briefly went 1900 FPM descent.  Flaps call as we were selecting flaps 30. Stable at 500'.Crew was 15 min from having to extend duty day at takeoff.  CA pairing had ZZZ redeye; sleep there interrupted by housekeeping; next night sleep in ZZZ1 was also poor.  CA declined to extend home leg ZZZ2-SFO with desk due to fatigue concern.",,,,"Air carrier Captain reported receiving a low altitude alert from ATC on final approach into SFO. Reporter cited fatigue as contributing to the event.",
2265942,202507,0601-1200,ZZZ.Airport,US,,,0,,,,,,,,,Ramp ZZZ,Air Carrier,B737-800,,2,Part 121,IFR,Passenger,GPS; FMS Or FMC,Parked,,,,,,,,,,,,,,,,,,,,,,,,,,Autothrottle/Speed Control,,X,Failed,,,,,,,,,,,,,,,,,,,,,,,,,,,,,,,,,,,,Aircraft X,Flight Deck,Air Carrier,Captain; Pilot Not Flying,Flight Crew Multiengine; Flight Crew Air Transport Pilot (ATP); Flight Crew Instrument,,,Fatigue,,,2265942,,,,,,,,,,,,Aircraft Equipment Problem Critical,,,Person Flight Crew; Person Maintenance; Person Dispatch,Aircraft In Service At Gate,General Work Refused; General Maintenance Action,Aircraft,Aircraft,"Bottom Line: Refused aircraft for inoperative autothrottle system. Narrative: We were given an aircraft with an inoperative autothrottle system for a scheduled ZZZ-ZZZ1 turn. We would have the aircraft for both legs; so scheduled for nearly 6 hours of flying when combined. In addition; this was day four of a four day trip for us and legs two and three of the day that would push us close to our maximum duty day (we had already worked leg one from ZZZ2-ZZZ prior to this). I felt that under the circumstances; the safest course of action was to refuse the aircraft. This is an MEL that on many days I would accept. That said; I believe that total flight time with this MEL combined with a long day at the end of a relatively long trip was not smart. Upon learning that we were assigned this aircraft; I immediately called the Dispatcher working the flight to discuss and tell him I did not feel comfortable. This was still approximately an hour from departure; so my hope was to minimize operational and customer disruption with a tail swap prior to boarding. The Dispatcher was able to talk with the coordinator and immediately got us a new aircraft. We took a minimal delay for this (we were already delayed anyway) and received a suitable aircraft for our ZZZ1 turn. Cause: I think the only way to fully mitigate the risk is to fix relatively serious MELs such as this one. Possibly when the aircraft is in a company maintenance base RON (Routine Overnight). I'm sure Maintenance is swamped right now as we're in the middle of summer flying; so easier said than done and I'm sure their are higher priority MELs to fix first. As stated above; under different circumstances I would accept this MEL if I felt I could safely execute the flight.",,,,"Air carrier Captain reported refusing an aircraft that had inoperative autothrottle's.",
2266855,202507,1201-1800,ZZZ.Airport,US,,,,,,VMC,,,,,,Tower ZZZ,Air Carrier,EMB ERJ 170/175 ER/LR,,2,Part 121,IFR,Passenger,Localizer/Glideslope/ILS ILS,Final Approach,,Class B ZZZ,,,,,,,,,,,,,,,,,,,,,,,,Approach Coupler,,X,Improperly Operated; Malfunctioning,,,,,,,,,,,,,,,,,,,,,,,,,,,,,,,,,,,,Aircraft X,Flight Deck,Air Carrier,Captain; Pilot Not Flying,Flight Crew Instrument; Flight Crew Air Transport Pilot (ATP); Flight Crew Multiengine,,,Distraction; Training / Qualification; Situational Awareness; Physiological - Other; Fatigue,,,2266855,,,,,,,,,,,,Aircraft Equipment Problem Less Severe; Deviation - Altitude Crossing Restriction Not Met; Deviation - Track / Heading All Types; Deviation / Discrepancy - Procedural Published Material / Policy; Inflight Event / Encounter Loss Of Aircraft Control; Inflight Event / Encounter Unstabilized Approach,,,Person Flight Crew,In-flight,Air Traffic Control Provided Assistance; Air Traffic Control Issued New Clearance; Flight Crew Regained Aircraft Control; Flight Crew Took Evasive Action; Flight Crew Requested ATC Assistance / Clarification; Flight Crew Executed Go Around / Missed Approach,Aircraft; Human Factors,Human Factors,"After briefing and expecting a visual approach to XXR into ZZZ; ATC advised us to expect XYR with relatively short notice on ZZZZZ arrival and cleared us direct to the ZZZZZ IF to intercept the localizer. Things got busy as we quickly briefed the changes and had the runway in sight and were soon cleared for the visual approach. At or shortly after crossing ZZZZZ (I believe we were at or descending to 4000'); I noticed that we had passed the glideslope; which was now below us. Neither myself; the First Officer (FO); or the jump-seater; who is typed in the E175; could identify why the GS hadn't captured; but the approach was definitely armed (my best guess is the LOC hadn't captured when we passed the GS; but the needle was green/captured by the time I recognized the situation; having been distracted with the runway change; radios; etc.) Whatever the cause; after a brief effort to capture the GS from above; I determined that we were too close and too high and needed to break off and try again; so we leveled at 3000 FT and ATC provided vectors for the same approach.We were busy all the way back around to final; but it was essentially a routine approach until the FO disengaged the Autopilot at or just below 500'. From there; things degenerated quickly. She was a couple weeks off IOE with (much?) less than 100 hours and had mentioned during the departure briefing in ZZZ1 that she found it difficult to align the aircraft on the centerline; which I understood to pertain somehow to takeoffs and wasn't thinking about at this point. But after disconnecting the Autopilot; she indeed drifted into the wind; right of centerline. She made a correction to stop the drift but was still too far right; at which point I called out the deviation; but really should have called for a go-around. She banked further left and it appeared that she would be able to land with the centerline within the main wheels; if slightly off center; but then did not correct the track; which remained about 10 degrees to the left as we crossed fully over the centerline around 5-10' AGL. I judged that if we landed in that state; we would likely collapse the gear; strike the wingtip; and/or continue our trajectory off the runway; so I took the controls and went around. Normally; I would avoid taking the controls for a go-around at such a critical point; but she didn't have proper control of the flightpath; and I felt that a crash was imminent had I not done so. Clearly; I should have called for the go-around well before reaching that critical point.By the time we leveled off; we had reached our minimum fuel reserve and advised ATC accordingly. They changed our runway assignment to XXR and vectored us around with some priority to land without further incident.It's worth noting that; following my biological wake-up time of XA:15 and the massive adrenaline spike as everything went from zero to 100 in a single heartbeat; things were pretty surreal between the go-around call and control exchange until touchdown. It took considerable effort to recover from the undesired aircraft state and restore a functional level of flight crew coordination and situational awareness as I was task-saturated and striving to keep my frontal lobe engaged (the first radio call I remember comprehending was someone saying; "Yeah; that was pretty close.") The jump seater was an especially significant asset for the first minute or so in helping the FO get back in the game in the role of pilot monitoring (PM) while I was sorting myself out and flying the airplane.I can't overstate the impact of my fatigue throughout the event. The ZZZ1 turn was added to my schedule when I returned to ZZZ around XE:30. I knew I was tired but didn't feel it warranted a fatigue call--nor would it have; perhaps; under typical circumstances. But this was a high-energy event; and I was definitely in a low energy state when it began around XI:20. Not only had I been awake and working for eight hours at that point; butthe XA:15 wake up time was deep in the middle of my normal sleep cycle. I made what effort I could to adjust my sleep pattern for the early morning but had only received the assignment two days prior. My cognitive and physiological performance was slow and strained; although I didn't perceive it until the action had already started.Also; while it's not my desire or intention to disparage the FO; she was very new and; as a pilot; not as strong as the other new-hire FOs I've flown with in recent weeks. But this wasn't immediately noticeable until Autopilot disengagement either; this being the first time I'd flown with her as pilot flying (PF). I believe my fatigue; coupled with a sense of complacency based on the performance of other new FOs; accounts for the delay in my recognition and appropriate response to the seriousness of the situation. I allowed it to go too far--within a split second of disaster; I believe.Suggestions: I've studied; taught; and applied key concepts of aviation human performance throughout my career; but understanding the effects of certain scenarios and experiencing them are two very different things. The cognitive and physiological disruptions I experienced during this event were real; involuntary; and frankly harrowing responses. And I'm now more convinced than ever that the only effective countermeasure is deliberate; conscientious adherence to SOP. I should have called for the go-around as soon as the flight deviated from the stable approach criteria; period.As for the PF; I think a bit more (remedial and non-punitive) time and help to sort out her landings would be beneficial. If I'd had more time; I would have worked with her myself; but another unfamiliar Captain might be caught off-guard as I was and; again; I believe any further delay or lack of response would probably have been disastrous.Finally; it's my understanding that we use the scheduling app or similar software when building scheduled flight crew sequences; lines etc. But I don't think we're using it to evaluate or predict fatigue in daily scheduling operations for reserves; added flight segments; reassignments and other modifications; etc. If that's correct; or close; it needs to be addressed immediately. ALL flight assignments should be run through such a program and confirmed to adhere to a standardized threshold of fatigue risk. There is no justification; even financially (81 souls plus the jet = not worth it); to do otherwise. I would be curious to know what my "blood alcohol equivalent" rating would have been at the time of this event.",,,,"EMB-175 Captain reported a loss of aircraft control while new First Officer was flying a manual approach. Captain regained control and landed after executing a go around.",
2267073,202507,0601-1200,ZZZ.Airport,US,,,0,,,,,,,,,,Air Carrier,A321,,2,Part 121,IFR,Passenger,,Parked,,,,,,,,,,,,,,,,,,,,,,,,,,Door,,X,Improperly Operated,,,,,,,,,,,,,,,,,,,,,,,,,,,,,,,,,,,,Aircraft X,Door Area,Air Carrier,Flight Attendant (On Duty),,,Safety Related Duties,Situational Awareness; Workload; Fatigue,,,2267073,,,,,,,,,,,,Aircraft Equipment Problem Less Severe; Deviation / Discrepancy - Procedural Published Material / Policy; Flight Deck / Cabin / Aircraft Event Other / Unknown,,,Person Flight Attendant,Aircraft In Service At Gate,General Maintenance Action,Aircraft; Human Factors,Human Factors,"When I thought I was disarming I pulled the door handle by accident. Long duty day; end of my sequence. When I blew the slide.",,,,"A321 Flight Attendant reported pulling the main cabin door handle accidentally; resulting in an inadvertent escape slide deployment upon gate arrival.",
2267590,202507,1801-2400,RAP.Airport,SD,,,,5000,,VMC,,,Night,,,TRACON RAP,Air Carrier,Commercial Fixed Wing,,2,Part 121,IFR,Passenger,Localizer/Glideslope/ILS ILS 32,Initial Approach,,,,,,,,,,,,,,,,,,,,,,,,,,,,,,,,,,,,,,,,,,,,,,,,,,,,,,,,,,,,,,,,,Aircraft X,Flight Deck,Air Carrier,Pilot Not Flying; Captain,Flight Crew Instrument; Flight Crew Multiengine; Flight Crew Air Transport Pilot (ATP),Flight Crew Last 90 Days 180.45; Flight Crew Type 878.43,,Human-Machine Interface; Communication Breakdown; Fatigue; Situational Awareness,Party1 Flight Crew; Party2 Flight Crew,,2267590,Aircraft X,Flight Deck,Air Carrier,First Officer; Pilot Flying,Flight Crew Air Transport Pilot (ATP); Flight Crew Multiengine; Flight Crew Instrument,Flight Crew Last 90 Days 172.1; Flight Crew Type 559.98,,Situational Awareness; Human-Machine Interface; Fatigue; Communication Breakdown,Party1 Flight Crew; Party2 Flight Crew,,2267601,Deviation - Altitude Crossing Restriction Not Met; Deviation - Altitude Overshoot; Deviation / Discrepancy - Procedural Clearance; Deviation / Discrepancy - Procedural Published Material / Policy; Inflight Event / Encounter CFTT / CFIT; Inflight Event / Encounter Weather / Turbulence,,,Person Air Traffic Control,In-flight,Air Traffic Control Issued Advisory / Alert; Flight Crew Returned To Clearance,Software and Automation; Weather; Human Factors,Human Factors,"We had multiple changes and adjustments to our schedule throughout the day. We were delayed more than two hours in ZZZ due to the inbound aircraft diverting due to thunderstorms. Then we delayed more than two hours in ZZZ1 waiting for a weather delayed airplane from ZZZ2. The flight to RAP took 43 minutes. When we took off out of ZZZ1; we were given a heading to deviate west around weather. We then turned towards RAP and had to deviate east to avoid more thunderstorms. While still deviating east; we were given a descent at pilots discretion to 17;000. Hindsight we should have started the descent at that point. We waited until we were closer in and started the descent. They then cleared us direct to HELTA for the ILS. Due to the need for engine anti ice; we were not descending quickly. The FO slowed and we lowered the gear to descend more quickly. We were descending in level change because we were on a heading when we started the descent. We were still going to be above the altitude needed at HELTA; so we requested a right 360. We were told we could fly the procedure turn at HELTA; so I loaded it and we entered the turn. Because we were on a portion of the approach; we set the FAF altitude of 5000'. The altitude prior to HELTA is 5500'. We did not engage VNAV and the plane descended to 5000'. ATC let us know they got a low altitude alert and asked if we were established on the approach which we were. The FO disengaged the autopilot and climbed up to 5500. He intercepted the GS from there. We never received any alerts in the airplane other than the call from ATC. We flew the approach to an uneventful landing. During the debrief; we discussed how all the changes had led to some symptoms of fatigue by the end of the flight from ZZZ1-RAP.",,"Shortly after our departure from ZZZ2 we were given a heading to deviate around weather in route to RAP. Once cleared of that weather; we proceeded direct to RAP; however; we had to deviate once again for weather. During the second deviation; ATC cleared us to descend to 17;000 feet at pilot's discretion. I had put range rings in the box around the airport for altitude guidance due to the fact there was no arrival into the field. I felt we had some time before we needed to descend so I stayed at flight level 270 for a bit longer. Looking back; I should have began my descent immediately as that was the root cause of the incident. Shortly after I did begin the descent ATC cleared us direct to HELTA for the ILS runway 32. At that point; I was in level change and knew I was going to be high so I slowed the aircraft and dropped the gear to assist with the descent. Seeing that we were still going to be high at HELTA; the captain requested a right 360. ATC gave us the procedure turn at HELTA. Once established in holding the captain set the FAF altitude of 5000 feet. I was still descending in level change so the plane leveled at 5000 feet; the altitude prior to crossing HELTA inbound is 5500 feet. ATC called us saying they got a low altitude alert at which point I disengage the auto pilot and climbed up to 5500 feet. I intercepted the glideslope from that altitude and continued the approach. We landed and taxied to the gate with no further issues.",,"Air carrier flight crew reported receiving a low altitude alert from ATC during approach. Flight crew climbed back and continued approach.",
2267688,202507,1201-1800,ZZZ.Airport,US,,,0,,,,,,,,,Tower ZZZ,Air Carrier,B767-300 and 300 ER,,2,Part 121,,,,Landing,,,,,,,,,,,,,,,,,,,,,,,,,,,,,,,,,,,,,,,,,,,,,,,,,,,,,,,,,,,,,,,,,Aircraft X,Flight Deck,Air Carrier,Captain; Pilot Flying,Flight Crew Air Transport Pilot (ATP); Flight Crew Instrument; Flight Crew Multiengine,,,Fatigue,,,2267688,,,,,,,,,,,,Deviation / Discrepancy - Procedural Published Material / Policy; Ground Event / Encounter Loss Of Aircraft Control; Ground Event / Encounter Ground Strike - Aircraft,,,Person Flight Crew,In-flight,Aircraft Aircraft Damaged; Flight Crew Executed Go Around / Missed Approach; Flight Crew Regained Aircraft Control,Human Factors,Human Factors,"During landing into runway XX into ZZZ; just before flare; we got slow and I added power. As we got into flare region; the tail strike warning went off; and I immediately pressed the go-around switches and called; 'Go around.' During go-around the aircraft made contact with the runway. It did not bounce; nor was it a hard landing. We stayed in the pattern and returned on the ILS XX. During post flight we inspected the tail strike indicator with Maintenance and there were indications of a probable tailstrike.I got in really late from ZZZ1; about XA20am; and there were no rooms available. I got on the waiting list and by the time I actually got a room and got into said room and lay down; the phone rang shortly thereafter. I go no rest. Further; ZZZ1 was day one; and despite my best attempts to get significant sleep; I only averaged around 5 hours. In retrospect at the time of arrival; I was more tired than I planned or anticipated.",,,,"B767-300 Captain reported possible tail strike on landing.",
2267698,202507,0601-1200,ZZZ.TRACON,US,,,2800,,,,,,,,,TRACON ZZZ,Air Carrier,Regional Jet 900 (CRJ900),,2,Part 121,,Passenger,,Initial Approach,,Class D ZZZ,,,,,,,,,,,,,,,,,,,,,,,,,,,,,,,,,,,,,,,,,,,,,,,,,,,,,,,,,,,,,,,Aircraft X,Flight Deck,Air Carrier,Pilot Not Flying; First Officer,Flight Crew Multiengine; Flight Crew Instrument; Flight Crew Air Transport Pilot (ATP),Flight Crew Type 150,,Workload; Situational Awareness; Fatigue,,,2267698,Aircraft X,Flight Deck,Air Carrier,Captain; Pilot Flying,Flight Crew Multiengine; Flight Crew Instrument; Flight Crew Air Transport Pilot (ATP),Flight Crew Type 1200,,Fatigue; Situational Awareness; Workload,,,2267699,Deviation - Altitude Overshoot; Deviation / Discrepancy - Procedural Clearance; Deviation / Discrepancy - Procedural Published Material / Policy; Inflight Event / Encounter Unstabilized Approach; Inflight Event / Encounter CFTT / CFIT,,,Automation Aircraft Terrain Warning; Person Flight Crew,In-flight,Flight Crew Executed Go Around / Missed Approach,Human Factors,Human Factors,"On Day 0; the Captain and I departed from ZZZ1 after getting a runway change and reroute to our destination of ZZZ. When getting set up for the approach; we were cleared direct to the FAF and told to intercept the localizer. Due to our close proximity to the airport; spoilers were deployed to descend and slow down. We were told to descend to 2;800; which created confusion due to the published altitude being 2;600. Due to the confusion; we were behind the aircraft and wound up below the glide slope. Once realizing our situation; the Captain initiated a go around at roughly 1;000 ft and a caution for "flight spoiler deploy" appeared at the same time. The spoilers were then stowed; go around performed; and tower notified. We then performed an rnav approach for the same runway and landed safely.This event occurred on a day with an early report time; and after operating three legs involving deviating around thunderstorms. Our final leg of the day was delayed due to two ground stops before pushing back; a reroute and runway change resulting in almost an hour on the ground after blocking out. Suggestions: Request a longer final if you are uncomfortable with what was assigned. As PM in the situation; I could have better supported the PF in his duties.",,"We were cleared to descend direct to ZZZZZ at 3;000 feet; which is the final approach fix for Runway XXL at ZZZ. Approach clearance was also received. To assist with the descent; I deployed the flight spoilers. Shortly afterward; ATC instructed us to maintain 2;800 feet until established. This created some confusion; as the FAF altitude was 2;600 feet; which led to us getting behind the aircraft and below the glide path. At approximately 1;000 feet AGL; I initiated a go-around. A flight spoilers caution message appeared during the maneuver; and the spoilers were promptly stowed. The aircraft reached a minimum altitude of approximately 880 feet AGL during the climb-out. ATC issued a low altitude alert; and the First Officer advised that we were already executing the go-around. We were vectored back for another approach and subsequently completed the RNAV to Runway XXL; landing without further issue.This event occurred on the fourth leg of a day that began with an early morning report time and included deviations around thunderstorms during the previous three flights. On this particular leg; we experienced two ground stops prior to departure and remained on the ground for nearly an hour. During the approach; we became compressed and were not able to configure the aircraft in a timely manner. As a result; we became task-saturated; fell behind the aircraft; and the approach became unstable.I should have requested vectors for a longer final once it became apparent that the approach was going to be tight. This would have allowed for more time to configure the aircraft properly and maintain a stable approach path; preventing us from getting below the glide path after ZZZZZ.",,"CRJ-900 flight crew reported receiving a low altitude alert from ATC during an unstabilized approach.",
2268850,202507,1201-1800,ZZZ.Airport,US,,,0,,,,,,Dawn,,,Ramp ZZZ,Air Carrier,A321,,2,Part 121,IFR,Passenger,,Parked,,,,,,,,,,,,,,,,,,,,,,,,,,Door,,X,Improperly Operated,,,,,,,,,,,,,,,,,,,,,,,,,,,,,,,,,,,,Aircraft X,Door Area,Air Carrier,Flight Attendant (On Duty),Flight Attendant Current,,,Distraction; Time Pressure; Workload; Fatigue,,,2268850,,,,,,,,,,,,Aircraft Equipment Problem Less Severe; Deviation / Discrepancy - Procedural Published Material / Policy; Flight Deck / Cabin / Aircraft Event Other / Unknown,,,Person Flight Attendant,Aircraft In Service At Gate,General None Reported / Taken,Aircraft; Environment - Non Weather Related; Human Factors; Procedure,Procedure,"I was a Flight Attendant on a flight from ZZZ1 to ZZZ arrived in at approximately XA:00 went to disarm A/C right; elderly passenger had his bag out and could not hear me to move his bag. I was just distracted and I was fatigued. I realized that I had pulled the handle and pushed it back in right away. I could barely hear the hissing sound; but I knew that slide was deployed went to arm aircraft left and I called the Purser right away. That is the first thing I did once I realized what had happened. Suggestions: Try not get distracted; and disarm door; not pull the handle to open door and if I do have fatigue; just know I need to concentrate.",,,,"A Flight Attendant reported an inadvertent slide deployment.",
2269818,202507,,DSM.Airport,IA,,,,,,,,,,,,TRACON DSM,Air Carrier,Commercial Fixed Wing,,2,Part 121,IFR,Passenger,,Initial Approach,,,,,,,,,,,,,,,,,,,,,,,,,,,,,,,,,,,,,,,,,,,,,,,,,,,,,,,,,,,,,,,,,Aircraft X,Flight Deck,Air Carrier,Pilot Not Flying; Captain,Flight Crew Instrument; Flight Crew Multiengine; Flight Crew Air Transport Pilot (ATP),,,Fatigue; Situational Awareness; Distraction,,,2269818,,,,,,,,,,,,Inflight Event / Encounter Unstabilized Approach; Inflight Event / Encounter CFTT / CFIT,,,Person Air Traffic Control,In-flight,Air Traffic Control Issued Advisory / Alert; Flight Crew Took Evasive Action; Flight Crew Became Reoriented; Flight Crew Returned To Clearance,Human Factors,Human Factors,"We were on a wide left downwind when cleared for a visual to runway 13.  Controller told us to stay within 6 miles.  The FAF marker for ILS 13 named CLIVE is 6.8 and has a published altitude of 2600 ft.  This was our backup to the visual.  The FO aimed on the base leg to fly slightly inside of CLIVE and dialed 2000 for an altitude to descend to.  As we were getting close to the localizer (1 mile?) the FO thought he was still too high as his glideslope was showing below us and chose to go down slightly further than planned to join on the localizer.  I was busy looking for the traffic we were following when we received a low altitude alert by ATC and simultaneously from the aircraft for landing gear not down (we were at flaps 2). I called to level up and answered ATC's query and noticed my radio altimeter showed approximately 950 ft.  The FO climbed approximately 200-300 feet and we finished configuring and running checklist.  The rest of the approach and landing was uneventful. Some parameters that contributed to this event was the clearance requiring us to fly inside the marker especially at night.  We should have asked for farther out.  The FOs dependence on the glideslope while still not in line with the localizer was inaccurate.  I should have divided my attention more to inside the cockpit rather than fixating looking for traffic.  The FO seemed to be a little fatigued as this was a late night.",,,,"Air carrier Captain reported receiving a low altitude alert from ATC on a night visual approach to DSM.",
2270772,202507,0001-0600,SFO.Airport,CA,,,5,,,VMC,,,,,,Tower SFO,Air Carrier,B737 Undifferentiated or Other Model,,2,Part 121,IFR,Passenger,,Landing,Vectors,Class B SFO,,,,,,,,,,,,,,,,,,,,,,,,,,,,Tower SFO,Air Carrier,B767 Undifferentiated or Other Model,,,Part 121,IFR,,,Landing,,Class B SFO,,,,,,,,,,,,,,,,,,,,,,,,Aircraft X,Flight Deck,Air Carrier,Captain; Pilot Flying,Flight Crew Air Transport Pilot (ATP); Flight Crew Instrument; Flight Crew Multiengine,,,Fatigue,,,2270772,Aircraft X,Flight Deck,Air Carrier,First Officer; Pilot Not Flying,Flight Crew Multiengine; Flight Crew Instrument; Flight Crew Air Transport Pilot (ATP),,,Fatigue,,,2270801,Inflight Event / Encounter Wake Vortex Encounter; Inflight Event / Encounter Unstabilized Approach,,,Person Flight Crew,In-flight,Flight Crew Executed Go Around / Missed Approach,Procedure; Environment - Non Weather Related; Human Factors,Ambiguous,"6th day of flying and event followed a redeye transcontinental and day sleep. Aircraft swap and weather caused a 1.5-hour delay for transcontinental ZZZ back to SFO (last leg of pairing). Uneventful flight and ILS approach to 28L with 10-knot headwind. Following a 767 landing 28R. Crossed threshold at normal altitude and on speed; normal countdown cadence from 50 feet; checked descent at 20 feet; flared normally and reduced power passing 10 feet. Got slight wobble and wing up from wake turbulence but not abnormal or bad. Continued to work landing. With power at idle and only a few feet above ground airplane would not continue to descend. Continued to work the aircraft down but cautious of not applying too much nose down pressure. Have never experienced before in decades of flying but believe the wake turbulence created a strong ground effect swell which was keeping the aircraft airborne. The aircraft was stable with no wing wobble so continued to work aircraft down but then received a long landing warning on speaker. FO did a great job of calling go-around and no questions asked and go-around initiated right as aircraft finally touched down with a normal soft landing. Following go-around normal approach and landing.",,"It was day 4 of my 4-day trip. We had covered multiple time zones; had a bit of weather after the proceeding redeye; and then had a day sleep before this final leg. We were delayed out of ZZZ about 1.5 hours for weather/aircraft swap. Once on our way; the flight was uneventful with turbulence being the only phenomenon. On approach into SFO we were given ILS 28L and were in trail of a 767 on ILS 28R. The winds were light at about 260 degrees and fog above minimums. The approach was on speed and path all the way down to the flare. Upon crossing the runway threshold; a slight shift in wind was noticed and corrected by the CA. It seemed to be some wake sitting on the runway and required just small adjustments. Upon reaching around 20 feet in normal position to land on centerline; flare was initiated. The aircraft still under slight wind/wake; did not want to settle even with power reduced and pitch adjusted to normal attitude. The 10-foot automated callout stagnated and did not come till about 2500 feet down the runway. After passing the touchdown zone; a long landing warning was heard and the wheels touched down as I simultaneously called out "go around." The CA hit TOGA; executed the go-around; and we proceeded straight out on course. After vectors; we flew an uneventful approach and landing.",,"B737 flight crew reported encountering wake turbulence from a B767 landing on a parallel runway and due to the unstable approach; the flight crew executed a go-around.",
2272987,202508,0001-0600,ZZZ.Airport,US,,,0,,,,,,,,,,Air Carrier,A319,,2,Part 121,,Passenger,,Parked,,,N,,Y,,Unscheduled Maintenance,Repair,,,,,,,,,,,,,,,,,,Pressurization System,,X,Malfunctioning,,,,,,,,,,,,,,,,,,,,,,,,,,,,,,,,,,,,Gate / Ramp / Line,,Contracted Service,Technician; Inspector,Maintenance Powerplant; Maintenance Inspection Authority; Maintenance Airframe,Maintenance Inspector 8; Maintenance Lead Technician 8; Maintenance Technician 11,,Communication Breakdown; Fatigue; Training / Qualification; Troubleshooting,Party1 Maintenance; Party2 Maintenance,,2272987,,,,,,,,,,,,Aircraft Equipment Problem Critical; Deviation / Discrepancy - Procedural Maintenance; Deviation / Discrepancy - Procedural MEL / CDL,,,Person Flight Crew,In-flight,Flight Crew Returned To Gate; General Maintenance Action; General Flight Cancelled / Delayed,Procedure; MEL; Aircraft; Human Factors,Ambiguous,"We are a contract maintenance facility for air carrier aircraft. I had been called out to troubleshoot a VENT AVNCS SYS FAULT illuminated on the ECAM. I am on call maintenance and mostly unfamiliar with any system on air carrier aircraft; or with the AMM (Aircraft Maintenance Manual). A contributing factor was this was a call that came in extremely late and I was somewhat fatigued. Working with maintenance control over the phone I expressed that I was unfamiliar with this system and with the AMM. The maintenance control told me we needed to complete MEL 21-XX-XXB. They sent me the reference. I was following along with the reference while completing the tasks that the maintenance control said needed to be completed; and trying to figure out if they coincided with each other. We opened/collard circuit breaker. Then we disconnected electrical connector and secured. I fully opened the skin-exchanger isolation valve with the manual mechanism; and pushed the CLR (Clear) button at the ECAM. This was what I was told by maintenance control was all that needed to be completed at this time; and that all we needed to do now was sign off paperwork to make the aircraft back in an airworthy condition. Being told that from maintenance control who knows these aircraft and associated maintenance manuals far better than I do; I believed that this was all that needed to be completed for this task. I did not read on at that point thinking this had completed what needed to be done. We finished up paperwork; I closed up and completed tool control. I went home tried to get some sleep then got called on the maintenance phone about three hours later with the same aircraft number that I worked on hours before; but this time it was for the aircraft not able to pressurize in flight. I headed back out to the airport to see what was going on with the aircraft. Once I arrived at the aircraft maintenance control had me start running test and troubleshooting. We came to the conclusion that the reason the aircraft would not pressurize was that the circuit breaker  was still open/collard from the task we completed hours earlier. The current maintenance control individual I was working with now informed me that closing and uncollaring circuit breaker was part of the tasks that were supposed to be completed by myself and the help of the previous maintenance control individual. We read through the MEL and he showed me where it said to complete that task in the procedures. This was a scary and eye opening event for me to experience. I have now learned that even if maintenance control says this is all that needs to be completed; to verify myself that is actually the case and there is absolutely no further procedures needed to be completed.",,,,"Contract maintenance technician reported while accomplishing an MEL procedure for an avionics vent system fault on a A319 aircraft; they did not complete the procedure resulting in the aircraft failing to pressurize in flight.",
2273378,202508,1201-1800,ZZZ.Airport,US,,,,,,VMC,,Glare,Dusk,,,,Air Carrier,EMB ERJ 170/175 ER/LR,,2,Part 121,IFR,Passenger,,Initial Approach,,,,,,,,,,,,,,,,,,,,,,,,,,,,,,,,,,,,,,,,,,,,,,,,,,,,,,,,,,,,,,,,,Aircraft X,Flight Deck,Air Carrier,Pilot Not Flying; Captain,Flight Crew Air Transport Pilot (ATP); Flight Crew Instrument; Flight Crew Multiengine,,,Physiological - Other; Human-Machine Interface; Communication Breakdown; Fatigue; Situational Awareness; Workload,Party1 Flight Crew; Party2 Flight Crew,,2273378,Aircraft X,Flight Deck,Air Carrier,Pilot Flying; First Officer,Flight Crew Multiengine; Flight Crew Air Transport Pilot (ATP); Flight Crew Instrument,,,Workload; Training / Qualification; Situational Awareness; Physiological - Other; Communication Breakdown; Fatigue; Human-Machine Interface,Party1 Flight Crew; Party2 Flight Crew,,2273386,Inflight Event / Encounter Unstabilized Approach; Inflight Event / Encounter CFTT / CFIT,,,Automation Aircraft Other Automation; Person Air Traffic Control,In-flight,Air Traffic Control Issued Advisory / Alert; Flight Crew Became Reoriented; Flight Crew Took Evasive Action,Human Factors; Environment - Non Weather Related,Ambiguous,"First officer was pilot flying. We briefed for a visual approach including the mental model of appropriate altitudes and distances from runway when not directly using electronic guidance. I also added to his brief that the low sun position could also be a threat. Sunglasses and visor up.Pairing traffic on XXL added to the briefed threats; however we had significant separation ahead of that traffic which I had in sight and told FO it was not a concern; although he was remaining a bit right of course. ATC had also issued a very shallow intercept which they amended but still inside of FAF.Trying to continue with automation use; the aircraft leveled and soon thereafter the FO correctly disconnected autopilot. I reminded him that the cyan diamond indicated correct glide slope for vertical guidance; that we were trending high and cancelled the flight director. I double checked position of the pairing traffic; and then went to select green needles for the FO; which took an additional few seconds for me to locate V/L button on FO guidance panel. Immediately thereafter ATC issued a low altitude alert with simultaneous "Glide slope" aural warning. I commanded he pitch up but we received a second glide slope aural warning before adequate corrective action. My lack of maintaining awareness of primary flight display for even a few seconds prevented my alerting the FO to the deviation before it worsened. The FO also did not vocalize at the time that the sun was making his view of not only the runway but he said the instrument panel difficult. Being over water also did not cue me that he suddenly began descending too rapidly. The FO has well over 1000 hours in seat and I had some complacency that he would again perform adequately as he had on earlier legs flown.Airline schedule; ATC and operational delays were also a definite contributor. It was the last day of a 4 day trip with 2 of the overnights being 10-11 hours and the 5th leg flown on a very tiring day. My prior trip finishing only 2 days earlier also had 2 overnights shortened to min rest 10 hours by operational delays. I need to maintain constant vigilance especially during critical phases of flight; query the FO if the situation becomes challenging and more assistance or input is needed. I already strive to maintain a very open communication; no ego style in the flight deck; and now I have another good teaching experience to relate how not speaking up when any flying pilot loses Situational Awareness (SA) is such a threat. "I can't see your controls" is not a show of weakness or failure. This event never became truly unsafe; but was an excellent reminder to me just how quickly a situation can deteriorate. I also do not think schedules should be created with 5 legs in and out of major airports on the last day of a 4-day trip. In my opinion; 12 hours should also be the minimum rest time on overnights. Especially for us regional folks who are required to fly such demanding schedules.",,"Was vectored in the north side of Location X in anticipation of a turn to intercept XXR. Was given a heading (HDG) to fly and was flying the appropriate HDG and Flight Path Angle (FPA) with Autopilot (A/P) and Autothrottles (A/T) armed and active. Course and path were all standard for an approach to the Visual for XXR. While flying the given vectors and path for descent; the intercept course was intercepting the final course later than expected; because of this; the plane stopped its descent from the altitude pre-select.  With the heavy workload from the approach; looking for parallel traffic; opposing traffic; watching the runway to clear; in the moment; the most appropriate action was to turn off autopilot and hand fly the airplane with the runway insight.  During the turn to final with autopilot off; PF was temporarily blinded by the opposing sunset. With the sunvisor in place; and wearing non-polarized glasses; for about 5 seconds; PF had minimal forward sight. The plane was descending below course; and received an altitude warning as well as an altitude alert from ATC. The PM responded 'correcting' and helped  to guide the PF back to a proper approach. The aircraft passed through the FAF configured and stabilized on a proper course and path; and landed successfully and taxi'd to the gate with no further incident.The most direct cause was the close in shallow vectoring accompanied by the sun causing temporary restriction of the forward view. Additional factors were the  long duty day; currently on day 4 with multiple minimum rest overnights; having already flown 4 other flights (incident flight was flight #5) and having been on duty for over 12 hours at the time of incident.Consider the sun shining directly down the runway as a meteorological condition; not necessarily as a requirement for an IMC approach; but consider limiting short in vectors during VMC periods with the sun directly down the runway. Additionally consider the effect of a 5 leg day; especially when it extends beyond 12 hours.",,"Air carrier flight crew reported receiving a low altitude alert from ATC and two glide slope warnings during approach. Flight crew pitched up to correct.",
2274876,202508,0001-0600,ZAB.ARTCC,NM,,,,,,VMC,Wind,,,,,Center ZAB,Air Carrier,Commercial Fixed Wing,,2,Part 121,IFR,Cargo / Freight / Delivery,,Cruise,,Class A ZAB,,,,,,,,,,,,,,,,,,,,,,,,GPS & Other Satellite Navigation,,X,Malfunctioning,,,,,,,,,,,,,,,,,,,,,,,,,,,,,,,,,,,,Aircraft X,Flight Deck,Air Carrier,Pilot Not Flying; Captain,Flight Crew Multiengine; Flight Crew Air Transport Pilot (ATP); Flight Crew Instrument,,,Fatigue; Workload,,,2274876,Aircraft X,Flight Deck,Air Carrier,First Officer; Pilot Flying,Flight Crew Air Transport Pilot (ATP); Flight Crew Instrument; Flight Crew Multiengine,,,Communication Breakdown; Fatigue; Troubleshooting,Party1 Flight Crew; Party2 ATC,,2275256,ATC Issue All Types; Aircraft Equipment Problem Less Severe; Deviation / Discrepancy - Procedural Published Material / Policy; Inflight Event / Encounter Other / Unknown,,,Person Flight Crew,In-flight,Flight Crew Overcame Equipment Problem,Aircraft; Environment - Non Weather Related,Environment - Non Weather Related,"Suspected GPS Jamming:We experienced GPS jamming around SJN VOR.  ANP (Actual Navigation Performance) on our Nav display went from 0.3 to about 2.0 over about a 20 minute period (slow onset); at first; we saw EICAS messages: ATC FAULT; and then about 10-15 minutes in: UNABLE RNP; and TERR SYS UNAVAIL (not entirely sure on last message). QRH directed us to use NAV/RAD INHIBIT ON; and the ANP went back down to 0.3 and the NAV/RAD INHIBIT message cleared but ATC FAULT remained for full 20 minutes. Right around that 15-20 minute mark; we started hearing some other airplane complain of GPS jamming; and then ATC mention that there was some 'GPS jamming exercises' that night .  Now I cannot recall where it was; does SJN vortac around NM and AZ but cannot completely say with confidence.  We reported to ATC right after our message cleared that we had also experienced jamming; but they never specifically notified us about jamming in our area. Due to onset of fatigue and other flight duties; I neglected to realize this was an FOM reportable event; and did not make an AML (Aircraft Maintenance Logbook) entry after the fact.  Incidentally; FO and I called in fatigued after this leg due to inability to before this flight and inability to nap before the next flight.Cause: Suspected GPS jamming caused by military exercise. Suggestions: Better reporting from nearby enroute facility; such as ATC could have alerted us to it.  If Dispatch had known; they might have given us a different route.",,"Suspected GPS Jamming:We experienced GPS jamming around SJN VOR. ANP (Actual Navigation Performance) on our Nav display went from 0.3 to about2.0 over about a 20 minute period (slow onset); at first; we saw EICAS messages: ATC FAULT; and then about 10-15 minutes in:UNABLE RNP; and TERR (Terrain) SYS UNAVAIL (not entirely sure on last message). QRH directed us to use NAV/RAD (Radio) INHIBIT ON; and theANP went back down to 0.3 and the NAV/RAD INHIBIT message cleared but ATC FAULT remained for full 20 minutes. Right around that 15-20 minute mark; we started hearing some other airplane complain of GPS jamming; and then ATC mention that there was some "GPS jamming exercises" that night. Now I cannot recall where it was; with SJN VORTAC being around NM and AZ; but I cannot completely say with confidence. We reported to ATC right after our message cleared that we had also experienced jamming; but they never specifically notified us about jamming in our area.Due to onset of fatigue and other flight duties; I neglected to realize this was an FOM reportable event; and did not make an AML (Aircraft Maintenance Logbook) entry after the fact. Incidentally; FO and I called in fatigued after this leg due to inability to [nap] before this flight and inability to nap before the next flight.Cause: GPS jamming.Suggestions: ATC notice.",,"Air carrier flight crew reported experiencing GPS jamming in the vicinity of SJN VORTAC.",
2275882,202508,,ZZZ.Airport,US,,,0,,,VMC,,,,,,,Air Carrier,A320,,2,Part 121,IFR,,,Taxi,,,,,,,,,,,,,,,,,,,,,,,,,,,,,,,,,,,,,,,,,,,,,,,,,,,,,,,,,,,,,,,,,Aircraft X,Flight Deck,Air Carrier,Captain,Flight Crew Multiengine; Flight Crew Instrument; Flight Crew Air Transport Pilot (ATP),,,Fatigue; Situational Awareness; Communication Breakdown; Distraction,Party1 Flight Crew; Party2 Ground Personnel,,2275882,,,,,,,,,,,,Deviation / Discrepancy - Procedural Published Material / Policy; Ground Event / Encounter Loss Of Aircraft Control,,,Person Flight Crew,Taxi,Flight Crew Regained Aircraft Control,Human Factors,Human Factors,"Due to poor/miscommunication; Parking Brake ECAM distraction; communicating with Maintenance Control; coordinating gate return; and fatigue; I released the parking brake and the A/C moved forward approximately two feet before I stopped it.",,,,"A320 Captain reported unintentional brake release and uncommanded aircraft movement while parking.",
2276316,202508,,ZZZZ.ARTCC,FO,,,,5500,,VMC,,,,,,Tower ZZZZ,Air Carrier,B787 Dreamliner Undifferentiated or Other Model,,3,Part 121,IFR,Passenger,,Final Approach,,,,,,,,,,,,,,,,,,,,,,,,,,,,,,,,,,,,,,,,,,,,,,,,,,,,,,,,,,,,,,,,,Aircraft X,Flight Deck,Air Carrier,Pilot Not Flying; Captain,Flight Crew Instrument; Flight Crew Air Transport Pilot (ATP); Flight Crew Multiengine,,,Fatigue; Situational Awareness,,,2276316,Aircraft X,Flight Deck,Air Carrier,First Officer; Pilot Flying,Flight Crew Air Transport Pilot (ATP); Flight Crew Multiengine; Flight Crew Instrument,,,Situational Awareness; Workload,,,2276288,Deviation - Altitude Overshoot; Deviation / Discrepancy - Procedural Clearance; Deviation / Discrepancy - Procedural Published Material / Policy; Inflight Event / Encounter Unstabilized Approach; Inflight Event / Encounter CFTT / CFIT,,,Person Air Traffic Control; Person Flight Crew,In-flight,Flight Crew Became Reoriented; Flight Crew Returned To Clearance,Human Factors,Human Factors,"Our flight was delayed on departure due to ZZZ1 weather.  The inbound flight diverted and arrived in ZZZ1 late.  We had a 2-hour delay from XA25 to XC29.  We were all pretty tired by the time we started the descent into ZZZZ.  The captain was PM the FO was PF.  The descent was a series of descend to altitudes with a VVI (Vertical Velocity Indicator).  For example; descend to FL250 at 2500 FPM; continue descent to FL130 at 2000 FPM; speed 310.  A high-speed descent was approved.  Our arrival was the ZZZZZ for Runway XXL; high speed approved; the FO slowed speed from 290 to 270; then slow to 240 kts.  Flaps 1.  We descended thru the area with some storms and with minor course deviations. Before ZZZZZ we were cleared direct to ZZZZZ1 on LOC XXL on a very tight approach. Cleared to descend to 6000 ft; turn left heading 110 to intercept localizer; descend to 5000 ft.  Then ATC apologized and said we had traffic off right side now we must level at 5500.  I set the MCP (Mode Control Panel) altitude to 5500 and we quickly leveled there. We went above the glide path and got high.  I extended ZZZZZ2.  ATC asked us if we could get down; we discussed and agreed we could continue the approach.  We were level at 5500. Then cleared for the approach; approach was selected.  The captain set 5000 then the Relief Pilot said we needed lower and we set 3000 to capture. Fully configured with f30 gear; speed at 165kts; In visual conditions runway in sight.  The tower offers a visual approach as the field was visible; the captain accepted.  We were in visual conditions throughout the approach.We were high and in alt capture; the captain (PM); asked the FO(PF) to descend; the Relief Pilot also said to descend.  The captain selected FLCH for the FO; the FO turned off the AP (Autopilot) and selected speed brakes.  We were fully configured and at target speed by this point.  We quickly got 2 dots below path down to 3000 ft and more slowly down to 2500 feet.  The GS captured briefly; but we descended thru the GS and lost the vertical guidance bar in the PFD (Primary Flight Display) and the HUD. The captain directed FO to level off to recapture from below. Tower again offered visual approach we accepted visual approach.  The tower asked if we were able to continue and we said yes.  FO continued to slowly descend at 2-300 fpm but still below path.  The captain and the Relief Pilot directed the FO to level off again.  Glide path came alive at 2500 feet.  We slowly got back within a dot of the path by 2000 ft (550 AGL).  The tower asked if we were OK to land; we said yes. The landing was OK.  We had a long debriefing after we set brakes at the gate.",,"13'k 310 kts; some storms/TCU (Towering Cumulonimbus) in vicinity-minor deviations.Cleared to 6'; no speed.Started slowing thru 9'; slam dunk with short vectors.Cleared to 5500' f20 speed about 200.Held hi for tfc then twr asked if we could make it when cleared to 5'k; cleared the visual.Gr down slowed to 180kts; descent to capture; vfr; field in sight.Disconnected AP (Autopilot); Relief Pilot suggested 3'k for alt; capt rec flch to start down.GS capture about 2'k? Called for tdz but didn't decrease descent rate enough to maintain it.Capt called to lvl off; slowed descent to ~2-300 fpm but thought I had zeroed it. Capt repeated; again thought I'd leveled but still had slight descent; lo on glide path. Finally reintercepted path approx 800-1000'a; fully stable; on spd at 500'.Landing uneventful.",,"B787 flight crew reported they descended two dots below the glide slope on a visual approach; citing automation mode awareness; fatigue; and workload as contributing.",
2278599,202508,0001-0600,ZGGG.Airport,FO,,,0,,,,,,,,,Tower ZGGG,Air Carrier,Commercial Fixed Wing,,3,Part 121,IFR,Cargo / Freight / Delivery,,Taxi,,,,,,,,,,,,,,,,,,,,,,,,,,,,,,,,,,,,,,,,,,,,,,,,,,,,,,,,,,,,,,,,,Aircraft X,Flight Deck,Air Carrier,First Officer; Pilot Not Flying,Flight Crew Instrument; Flight Crew Air Transport Pilot (ATP); Flight Crew Multiengine,,,Fatigue; Communication Breakdown; Confusion,Party1 Flight Crew; Party2 ATC,,2278599,,,,,,,,,,,,ATC Issue All Types; Deviation / Discrepancy - Procedural Clearance; Deviation / Discrepancy - Procedural Published Material / Policy; Ground Incursion Taxiway,,,Person Flight Crew,Taxi,Air Traffic Control Issued New Clearance; Flight Crew Requested ATC Assistance / Clarification,Airport; Human Factors; Chart Or Publication,Chart Or Publication,"A possible misunderstanding of taxi instructions might have occurred with Baiyun Tower while taxiing into the ramp area into CAN. After landing successfully after a Tower-initiated go-around call due to a plane still on the runway and not exiting expeditiously; we were told to exit left off the Runway 20L and taxi along Taxiway M and hold short of Q11.Note: Q11 is not depicted on the company pages into the ramp. It begins with Q10 into the ramp. Also of note; on the taxi tab in FD PRO for ZGGG; Q11 is also not depicted even after scrolling in as far as you can using the app. Only Q10 is visible.After slowly approaching the area of Q10; Q11 still not visible; we called Tower and told them we were holding short. They seemed busy [with] all the incoming traffic and having to handle the inbounds and taxi instructions to planes on the ground. This is where misunderstanding/confusion happened. After Tower responded to me; they gave us taxi instructions into the ramp. We proceeded M to Q10 to enter the ramp via Q10. After making the right turn not Q10 we were told by Tower to hold position. NO reason was given for the position hold and we were shortly given taxi to the ramp via Q10; Q15; to Gate XX. We think Tower possibly gave us a right turn into Q11; which we were able to see once we were position holding. This turn didn't make sense to us at the time because it creates a sharp right 90; immediately followed by a sharp left 90; and then another sharp right 90 turn into ramp. We just followed what made sense to us at the time and since Q11 couldn't be seen on the Airport Moving Map (AMM) taxi diagram; once again it made sense to turn into Q10 from M.Suggest standard routing to be followed by Ground Control to taxi planes into the ramp area from Q10 which prevents possible mishaps of dragging a truck into the grass or hitting a light from the continuous sharp 90 degree turns if Q11 were used. Also; an improvement on the AMM taxi diagram to add Q11 so there is no ambiguity.Cause: Possible fatigue could have factored into the confusion on both pilots and Ground Control due to busy time for ZGGG arrivals and Tower Control not handing us off to a Ground Controller.",,,,"Air carrier First Officer reported Q11 at ZGGG is not depicted on the company pages and Jeppesen FliteDeck Pro and as Q11 was not seen on the AMM; the flight crew turned onto Q10 instead.",
2279951,202508,1201-1800,ZZZ.TRACON,US,,,,3000,,IMC,,,,,,TRACON ZZZ,Air Carrier,B737 Undifferentiated or Other Model,,2,Part 121,IFR,Passenger,,Initial Approach,,Class B ZZZ,,,,,,,,,,,,,,,,,,,,,,,,Autoflight System,,X,Improperly Operated,,,,,,,,,,,,,,,,,,,,,,,,,,,,,,,,,,,,Aircraft X,Flight Deck,Air Carrier,Captain; Pilot Flying,Flight Crew Multiengine; Flight Crew Instrument; Flight Crew Air Transport Pilot (ATP),,,Workload; Situational Awareness; Time Pressure; Fatigue; Distraction,,,2279951,,,,,,,,,,,,Aircraft Equipment Problem Less Severe; Deviation - Speed All Types; Deviation / Discrepancy - Procedural Published Material / Policy; Inflight Event / Encounter Loss Of Aircraft Control; Inflight Event / Encounter Weather / Turbulence,,,Person Flight Crew,In-flight,Air Traffic Control Issued New Clearance; Flight Crew Requested ATC Assistance / Clarification; Flight Crew Regained Aircraft Control; Flight Crew Executed Go Around / Missed Approach,Human Factors; Weather; Aircraft,Human Factors,"I was the Captain and pilot flying on flight # from ZZZ1 to ZZZ.  During pre-departure review; the First Officer (FO) and I noted that convective weather was forecasted at the time of our arrival in ZZZ.  We discussed the associated weather threats and continued to monitor field conditions while enroute.During the flight we encountered numerous areas of moderate turbulence requiring us to change altitudes multiple times in attempt to find a more comfortable ride.  Our final cruising altitude was FL240 with continuous light turbulence much of the flight.  ATC advised us of holding into ZZZ.  The decision was made to slow our speed and holding was lifted prior to our arrival.An hour prior to landing I set-up and briefed the ZZZZZ 2 arrival and ILS to Runway XXL; which was later assigned to us.  There were two convective cells near the airport; one to the west and another to the east.  Weather to the north and south was generally clear.  Due to weather near the airport; ATC gave us vectors and step-down altitudes to the final approach course; which required the use of speed brakes and flaps to meet speed and altitude restrictions.  We remained clear of the weather at that point; which was depicted on the radar as heavy to extreme precipitation and areas of significant turbulence.  Approximately 20 miles from the airport ATC advised us that there was FOD from another aircraft on Runway XXL and changed us to Runway XXR.  The FO switched the FMC programming and we both reviewed the approach differences.  Approximately 5 miles prior to intercepting the final approach course and starting to level at 3000 feet with flaps 5 and speed brakes extended; ATC advised us that the winds had shifted 180 degrees and were gusty.  We were asked if we wanted the ILS to Runway XYL.  I made to decision to switch runways out of concern for tailwind limitations and associated issues in the event of a go-around.  ATC then instructed us to turn left to an assigned heading and climb to 6000 feet.  The FO input 6000 in the MCP (Mode Control Panel) and selected vertical speed +700 while I adjusted the heading.  As we made the turn I observed stationary weather to the east of the airport; while also observing that the weather west of the airport was moving closer with light rain and light turbulence starting to develop.  Both of us immediately recognized we weren't climbing so I disconnected the autopilot; applied power and pulled back into the Flight Director.  The speed was increasing so we retracted the flaps to 1.  There was still barely a positive rate of climb at which point the FO recognized the speed brakes were still extended.  The speedbrakes and flaps were subsequently retracted.  ATC instructed us to level at 4000 feet.  I leveled the aircraft at 4000 feet and we re-cruised the FMC to 4000 at a speed below 250 knots; then reengaged the autopilot and VNAV.  It took a couple attempts to reengage the autopilot as I worked to trim the aircraft.  The FO then began reprogramming the FMC for ILS Runway XYL.  As we came around to the south we lost sight of the airport by a wall of clouds.  I could see ZZZ2; which I initially thought was ZZZ after making the turn; before realizing ZZZ was completely obscured.  We requested weather conditions at the field after observing various convective radar returns in the area.  While I don't recall the verbatim response; light rain was reported by the last arrival on the opposite runaway; but we were told we were the first to land from the south.  ATC then gave us vectors to the final approach course. Once intercepting the final approach course the latest radar return indicated a convective cell was directly over the field.  I made the decision to go-around at that point as we could not see the airport and were not receiving realtime field conditions.  As I executed the go-around we entered IMC and the ride conditions deteriorated rapidly.  I observed lightening to the left and front of the aircraft.By that time we were in heavy rain and moderate turbulence conditions.  I immediately initiated a right turn away from the weather while simultaneously instructing the FO to advise ATC we required an immediate right turn.  ATC gave us latitude to turn at our discretion and assisted with a heading away from the weather.  We were in a gear-up; flaps 10 configuration at that time.  While in the right turn a gust of wind lifted the left wing causing a bank angle of approximately 35 degrees; which gave us a brief bank angle alert.  I corrected the bank angle without issue.  As we retracted the flaps to 5 and then 1; the speed increased quickly and over-sped the flaps by approximately 15 knots.  The airspeed was stabilized and we leveled off at 3000 feet as instructed on an assigned heading.  Upon exiting the weather; ATC asked our intentions.  We requested a hold south of the field.  ATC instructed us to hold as published at ZZZZZ1; which is the Runway XYL IAF.   The autopilot was reengaged; the FO reprogrammed the FMC for the hold; we established ourselves in the hold and then took a couple moments to regroup.  After two turns in the hold; the weather began to clear the area.  Winds were reported to be calm and we could see the airport.  We then successfully completed a second approach and landing to runway XYL.   Upon landing we documented the flap overspeed and contacted maintenance for a required inspection prior to our return flight.  No abnormalities were noted.  In debriefing this event it was clear to me that I became task saturated with pilot flying duties and command decision making responsibilities.  Trying to maintain a big picture without tunnel vision in a dynamic environment while facing deteriorating weather and ride conditions became challenging.  Automation management became increasingly difficult as we were monitoring the weather situation; complying with ATC instructions and continuously reprogramming the FMC.  Ultimately we had four approach set-ups to three different runaways; a discontinued approach; a go-around and a hold.  I credit teamwork; communication and the FO's stellar pilot monitoring skills to maintaining safety during this event.  A factor that negatively contributed to this event was fatigue.  While we were fit for duty; this was the second leg on day 4 of 4 of the trip.  The day prior was a long duty day extended by a maintenance delay and followed by minimum rest.  There was also fatigue associated with the poor ride conditions and increased workload the entire way down from ZZZ1.  The combination of factors certainly contributed to delayed mental processing while executing procedures not routinely conducted.  During the debrief we discussed that using LVL CHG with an appropriate speed rather than VS would have been a better option.  Ensuring and verifying the speed brakes were fully retracted prior to discontinuing the first approach would have also been prudent.  Also; being more deliberate on the go-around procedure; including speed management would have mitigated the risk of a flap overspeed. Finally; we discussed that if we had it to do all over again; following the first approach attempt we would have requested a hold and given ourselves more time to evaluate the most current weather conditions rather than feel pressured to beat the weather.  We felt like the decision to discontinue both approaches was appropriate and noted the positive application of CRM/TEM (Threat and Error Management) in successfully completing the flight.",,,,"B737 Captain reported a momentary loss of aircraft control and flap overspeed after abandoning approach in convective weather.  Crew landed normally after convective weather passed.",
2282083,202508,1801-2400,ZZZZ.TRACON,FO,,,,1300,,VMC,,,,,,TRACON ZZZZ,Air Carrier,B777 Undifferentiated or Other Model,,3,Part 121,IFR,Passenger,,Final Approach,,,,,,,,,,,,,,,,,,,,,,,,,,,,,,,,,,,,,,,,,,,,,,,,,,,,,,,,,,,,,,,,,Aircraft X,Flight Deck,Air Carrier,Captain; Pilot Flying,Flight Crew Air Transport Pilot (ATP); Flight Crew Instrument; Flight Crew Multiengine,,,Situational Awareness; Fatigue; Confusion; Workload,,,2282083,Aircraft X,Flight Deck,Air Carrier,Pilot Not Flying; First Officer,Flight Crew Multiengine; Flight Crew Instrument; Flight Crew Air Transport Pilot (ATP),,,Situational Awareness,,,2282089,Deviation - Altitude Crossing Restriction Not Met; Deviation - Altitude Overshoot; Deviation / Discrepancy - Procedural Clearance; Deviation / Discrepancy - Procedural Published Material / Policy; Inflight Event / Encounter CFTT / CFIT; Inflight Event / Encounter Unstabilized Approach,,,Person Air Traffic Control; Person Flight Crew,In-flight,Air Traffic Control Issued Advisory / Alert; Flight Crew Took Evasive Action; Flight Crew FLC complied w / Automation / Advisory; Flight Crew Returned To Clearance; Flight Crew Became Reoriented,Human Factors,Human Factors,"During the ZZZZZ arrival and transition to ILS XXL  we were direct ZZZZZ1. I was flying and using the RNAV approach technique; and once we were cleared the ILS XXL I armed the approach and had LNAV/VNAV active with LOC and GS armed. We initially set 1500 feet on the MCP (Mode Control Panel) for the ZZZZZ2 final approach fix crossing altitude. Weather was excellent: dark; but clear with good visibility.  Before reaching ZZZZZ3 I visually acquired the runway XXL and disconnected the autopilot. Once we were on the leg to ZZZZZ3; we set the touchdown zone elevation. I was mostly flying visually and cross referencing my EFIS (Electronic Flight Instrument System) display. I captured the localizer and fully configured outside the ZZZZZ2 fix. I was still visual and following the flight director guidance when I realized I was low. I ignored the FD (Flight Director) and leveled off about 1300 feet; verifying low was all red PAPI; and GS showing low too. About this time I think ATC inquired and asked if we had runway and terrain visually and we replied yes. Soon afterwards the glide slope captured and I made a normal landing. With the benefit of hindsight; I was at the end of a true all night flight and failed to transition away from RNAV procedures to ILS on the intercept leg from ZZZZZ3. I should've left the 1500 feet in the MCP; leveled off at that altitude until glideslope captured. I also didn't notice the glideslope "ghost" pointers on my ADI also telling me that I was below GS.",,"On approach into ZZZZ I was Pilot Monitoring.  We were flying the ILS approach to runway XXL from the ZZZZZ arrival.  The Captain was flying the approach and elected to remain in LNAV/VNAV.  When cleared for the approach he asked for touchdown zone elevation in the altitude window.  Glideslope intercept should have occurred at 1500'; but it did not capture. VNAV gave direction to continue descending below 1500 feet. We all missed this error initially; but at about 1100-1200 feet; the Captain; Relief Pilot and I all realized we were low on the approach. The Captain immediately leveled off and captured the glideslope. We were advised by ZZZZ approach to maintain 1500 feet until on the glideslope after we identified our error.  Landing was normal.  After landing; tower asked us if we were in visual conditions for the approach.  I said that we were. ATC Issued Low Altitude Warning.  Altitude Deviation.",,"B777 flight crew reported they descended below the glide slope and received a low altitude alert from ATC. Flight crew became re-oriented and landed safely.",
2282644,202509,0601-1200,ZZZ.ARTCC,US,,,,12400,,VMC,,,,,,Center ZZZ,Air Carrier,A320,,2,Part 121,IFR,Passenger,,Final Approach,,Class E ZZZ,,,,,,,,,,,,,,,,,,,,,,,,,,,,,,,,,,,,,,,,,,,,,,,,,,,,,,,,,,,,,,,Aircraft X,Flight Deck,Air Carrier,First Officer; Pilot Not Flying,Flight Crew Air Transport Pilot (ATP); Flight Crew Instrument; Flight Crew Multiengine,Flight Crew Last 90 Days 0; Flight Crew Total 0; Flight Crew Type 0,,Situational Awareness; Confusion; Distraction; Fatigue,,,2282644,Aircraft X,Flight Deck,Air Carrier,Captain; Pilot Flying,Flight Crew Multiengine; Flight Crew Instrument; Flight Crew Air Transport Pilot (ATP),Flight Crew Last 90 Days 0; Flight Crew Total 0; Flight Crew Type 0,,Situational Awareness; Workload; Troubleshooting; Time Pressure,,,2282659,Deviation - Altitude Overshoot; Deviation - Altitude Crossing Restriction Not Met; Deviation / Discrepancy - Procedural Published Material / Policy; Deviation / Discrepancy - Procedural Clearance; Inflight Event / Encounter CFTT / CFIT,,,Person Air Traffic Control,In-flight,Air Traffic Control Issued New Clearance; Air Traffic Control Issued Advisory / Alert; Flight Crew Requested ATC Assistance / Clarification; Flight Crew Became Reoriented; Flight Crew Returned To Clearance,Airspace Structure; Software and Automation; Procedure; Chart Or Publication; Human Factors,Human Factors,"During our descent/approach into ZZZ; I was pilot monitoring. We received the following clearance; 'Cross ZZZZZ  at or above 14 thousand cleared RNAV GPS X runway XX ZZZ'. I set 14;000 into the altitude window of the FCP and pointed while my Captain (PF) verbally confirmed and pointed to the assigned altitude. Since we were cleared approach he selected approach mode. I verified app nav on the FMA (Flight Mode Annunciator) and saw the brick; sticks and the proper FMAs. Shortly after the FMA changed to 'Final App'.  We set the missed approach altitude which coincidentally was also 14;000 feet. In my head; I expected the airplane to maintain 14;000 feet until reaching ZZZZZ then capture the path. I became distracted verifying the next frequency for tower on the approach plate and tuning it in. As I was doing this we received a new clearance to cross ZZZZZ at or above 13;000 cleared RNAV GPS X runway XX approach. This confused me as we had already been cleared for the approach at 14;000 so I started to say that to the Captain. At the same time I set 13;000 into the altitude select. At this point ATC issued a low altitude alert and stated we needed to be at 13;000 I looked up and saw we were approximately 12;800. I was surprised because my mental model was thinking that we would stay level at 14;000 until the IAF. My Captain disconnected the auto pilot and I pulled for open climb to reach the assigned 13;000 I believe the lowest altitude I saw during the recovery was approximately 12;400. ATC stated that the lowest IFR altitude for the area was 12;500 and that we needed to be at 13;000 ft. She then re-cleared us to cross ZZZZZ at or above 13;000 cleared RNAV GPS X runway XX. We continued the approach to a normal landing; although the 13;000 foot restriction made it challenging to capture Final App as the charted altitude there is 11;700.  I continued to think about what happened as we continued on the approach. I realized that the correct sequence should have been to set 14;000 in the altitude and then come down to the FMC and hard code the altitude for ZZZZZ at 14;000. This would have honored the 14;000 foot restriction. I believe a combination of 3 legs and a relatively long duty day resulted in some fatigue on my part and lead to the error of thinking the automation would honor the restriction.",,"We flew a segment from ZZZ1 to ZZZ. The landing runway was XX. We were cleared to cross ZZZZZ (IAF) at 14;000 and cleared the RNAV (GPS) X RWY XX. We set 14;000 in the altitude selection window and started to descend to 14;000 feet from a higher altitude. Since we were cleared the approach; I armed the approach and saw APP NAV FMA (Flight Mode Annunciator); but we were not in FINAL APP mode. As we approached ZZZZZ; ATC cleared us to cross ZZZZZ at 13;000 and cleared the RNAV (GPS) X RWY XX. After the FO set the altitude; I noticed we were descending below 13;000 and we were in FINAL APP mode on the FMAs. I initially pushed the Vertical Speed/Flight Path Angle Selector to try to level off; but that wasn't reacting fast enough; so I disengaged the auto pilot and climbed back to 13;000 feet. I think I saw that we had descended to approximately 12;300 feet. We were subsequently recleared the approach from ZZZZZ at 13;000 feet and executed the approach to a landing.",,"A320 flight crew reported they descended below the assigned altitude at the FAF and received a Low Altitude Warning from ATC.",
2282836,202508,0601-1200,DEN.Airport,CO,,,0,,,VMC,Rain; Thunderstorm,,,,,Tower DEN,Air Carrier,Commercial Fixed Wing,,2,Part 121,IFR,Passenger,,Landing,,Class B DEN,,,,,,,,,,,,,,,,,,,,,,,,,,,,,,,,,,,,,,,,,,,,,,,,,,,,,,,,,,,,,,,Aircraft X,Flight Deck,Air Carrier,Pilot Flying; Captain,Flight Crew Multiengine; Flight Crew Air Transport Pilot (ATP); Flight Crew Instrument,,,Confusion; Distraction; Time Pressure; Situational Awareness; Fatigue; Communication Breakdown,Party1 Flight Crew; Party2 ATC,,2282836,Aircraft X,Flight Deck,Air Carrier,First Officer; Pilot Not Flying,Flight Crew Multiengine; Flight Crew Instrument; Flight Crew Air Transport Pilot (ATP),,,Communication Breakdown; Situational Awareness; Time Pressure,Party1 Flight Crew; Party2 ATC,,2281055,Deviation / Discrepancy - Procedural Clearance; Deviation / Discrepancy - Procedural Published Material / Policy; Ground Event / Encounter Weather / Turbulence; Ground Event / Encounter Loss Of Aircraft Control; Ground Incursion Taxiway,,,Person Flight Crew,In-flight,Air Traffic Control Issued Advisory / Alert; Air Traffic Control Issued New Clearance; Flight Crew Returned To Clearance; Flight Crew Became Reoriented; Flight Crew Regained Aircraft Control,Airport; Human Factors; Procedure; Weather,Human Factors,"Leg 3 of 3 on last day of 3. Landing in DEN on 35L; storms with heavy rain in the airport vicinity; preceding aircraft reported gain of 25kts on 3 mi final and low visibility on landing. We configured early at about 4-5mi on final to ensure a stable approach and had visually acquired the RWY around 5-6mi out. We encountered a 20kt speed gain at 3 mi but returned to a stable approach fairly quickly; we could see the rain on the RWY and asked for the lights to be turned up full bright. The first several thousand feet of the RWY was visible for the final approach up until the flare and the approach itself was uneventful. Once in the round out and into the flare at just shy of touching down visibility went to about 3 white lights off our nose. We got the aircraft on the RWY and were slowing up still barely able to see off the nose with the wipers on high. Tower began to tell us to clear the RWY in an urgent voice and rather than telling them to be quiet while we were trying to remain in control of the aircraft I let it get to me and when I saw an exit I initiated a turn. At this point I still had no idea where we were on the RWY. As we got closer I saw that we were at the closed taxiway M6 and began a turn back to the RWY at the same time TWR starts yelling at us to not turn there. Visibility is still next to nothing due to the volume of rain this also caused the aircraft to hydroplane as we turned to get back on the RWY. We hydroplaned to the right then back to the left before finally getting traction enough to actually steer; the whole time tower is "yelling" at us to clear the RWY.  We reached M7; clear and taxi to our gate.",,"After touchdown in severe heavy rain that lead to very poor visibility on the runway after touchdown; during rollout; the tower pressured us to vacate the runway 'immediately'. The Captain was pressured to take the first exit available to satisfy the tower pressured demand. After the turn toward the Exit; and due to the very poor visibly due to the extremely heavy rain; the captain then realized that this was the closed exit. The captain then made a sharp turn to turn back to the runway which lead the aircraft to skid for few seconds since the anti-skid system does not operate at such low speed.The captain regained control of the aircraft and taxied back on the runway to take the next open exit.The tower failed to update us on the current weather condition during the flare phase and the runway condition; which neither was available on an outdated ATIS. Instead; all the tower did was adding pressure and stress to an already very challenging situation.",,"Air carrier flight crew reported a loss of control during landing in heavy rain exacerbated by ATC pressuring them to exit the runway expeditiously.  Crew regained control; exited the runway and taxied to gate.",
2283593,202509,0601-1200,ZZZZ.ARTCC,FO,,,,1000,,VMC,Wind,,,,,,Air Carrier,B767-300 and 300 ER,,2,Part 121,IFR,Cargo / Freight / Delivery,,Initial Approach,,,,,,,,,,,,,,,,,,,,,,,,,,,,,,,,,,,,,,,,,,,,,,,,,,,,,,,,,,,,,,,,,Aircraft X,Flight Deck,Air Carrier,Captain; Pilot Flying,Flight Crew Multiengine; Flight Crew Instrument; Flight Crew Air Transport Pilot (ATP),,,Fatigue; Situational Awareness,,,2283593,Aircraft X,Flight Deck,Air Carrier,First Officer,Flight Crew Air Transport Pilot (ATP); Flight Crew Instrument; Flight Crew Multiengine,,,Situational Awareness,,,2283595,ATC Issue All Types; Deviation / Discrepancy - Procedural Published Material / Policy; Inflight Event / Encounter CFTT / CFIT; Inflight Event / Encounter Unstabilized Approach,,,Automation Aircraft Other Automation; Person Flight Crew,In-flight,Flight Crew Returned To Clearance,Human Factors; Procedure,Human Factors,"We were descending to 12000 direct to ZZZZZ. Went to FLCH (Flight Level Change) to hustle down as I was expecting an early turn to final. About a minute later we were told to turn direct to ZZZZZ1 and descend to 9400; cleared approach. As we approached ZZZZZ1; I set 6400 and selected VNAV and opened speed window to slow us after the slam dunk. I don't remember cross checking FMA's (Flight Mode Annunciator). As jet turned final; I  selected approach tile. FO stated  LOC captured; GS armed. I verified on FMA's. I selected flaps 15 then 20 and rolled speed back to vref20 for the 160 kt restriction at ZZZZZ3. Approaching ZZZZZ2 the master warning went off as the RA was at 700 then 670 with flaps 20; no gear; below 1000 RA. We were well clear of terrain and we were VMC. FO stated what mode are we in; speed tile is selected. We were flying into the sun and it was extremely hard to see any tiles selected on the MCP (Mode Control Panel). Seconds later; horn and warning stopped as we were now passed the hill and RA was 1200. GS captured just prior to ZZZZZ3 and remainder of approach and landing was uneventful. In debrief; I told FO that I believed I had selected VNAV. FO stated that he did not see FLCH selected; but saw the speed tile selected. We discussed the confusion and lack of ability to see the mode selected on the MCP due to the sun. We also discussed being around 600 feet low at ZZZZZ2; which we both realized too late. Not verifying FMA's on my part and possibly selecting the wrong mode on the MCP was also discussed as a failure on my part.Cause: Multiple revisions to paring. Latest one on drive to airport that delayed departure over 2 hours. Fatigue was a major factor. I felt good at departure; but on approach I was wiped out. Also failure to verify FMA's promptly.Suggestions: Make revisions early; not late; so crews can maximize rest. Better FMA scan.",,"We were descending on the arrival proceeding direct to ZZZZZ cleared to descend to 12000 msl.   Approach cleared us to a fix abeam our present position ZZZZZ1 on the approach and cleared us to descend to 9400 msl with approach clearance.   We were in FLC and hurrying the descent anticipating a slam dunk to the approach.  Approaching ZZZZZ1 the Captain dialed the altitude to 6400.  We had already verified the altitudes on the approach.  Hind sight I never verified what mode we were in at this point.  Just prior to turning final I recall noticing that the approach mode was not armed yet so I just stated cleared for the approach.  As we turned final the Captain selected the approach tile and I stated LOC captured and Glideslope alive.  The Glideslope was just over 1 dot above us.  At this point we were configuring to flaps 20 with the gear up.  Seconds later the master warning went off as the RA was around 600' with flaps 20 and gear up.  At this point I was trying to figure out what we missed and the RA went back up over 1200 after passing the ridge.I stated 'what mode are we in' because I thought we were Altitude protected.  I looked at the FCP multiple times to ensure we were not still in FLC.  All I recall is that the speed tile was illuminated and the approach tile was illuminated but the sun was directly in our face and the panel was very difficult to see.  I recall seeing 6900 just prior to ZZZZZ2 which was below the 7300' Altitude restriction.  We continued to configure and intercepted the Glideslope prior to ZZZZZ3.  The rest of the approach continued without any issues.Cause: Getting direct to cuts on the Arrival and cleared to an Altitude below the restriction at the point we were going to. Then getting direct to the final course forcing us to expedite our descent.  I missed the mode change from FLC to VNAV; which caused us to go into speed mode because we were below the path.  I was also struggling to verify the Autopilot selections on the panel due to the sun directly in our face.  I was looking outside more than I needed to meaning less verification and lead to a missed altitude restriction.  I improperly assessed the FMAs.Suggestions: I should have verified that we were in path or some type of altitude protected mode until Glideslope capture.  I assumed we were because we were on final but didn't verify the actual modes we were in.",,"B767-300 flight crew reported on arrival receiving a steep arrival from ATC resulting in an unstable approach and flight towards terrain.  The flight crew was able to configure the aircraft and rejoin the glide path and landed safely.",
2286893,202509,1201-1800,ZZZ.Airport,US,,,0,,,,,,,,,,Air Carrier,Commercial Fixed Wing,,2,Part 121,IFR,,,Parked,,,,,,,Unscheduled Maintenance,Repair,,,,,,,,,,,,,,,,,,Cargo Door,,X,Malfunctioning,,,,,,,,,,,,,,,,,,,,,,,,,,,,,,,,,,,,Gate / Ramp / Line,,Air Carrier,Technician,Maintenance Airframe; Maintenance Powerplant,,,Communication Breakdown; Fatigue; Time Pressure,Party1 Maintenance; Party2 Maintenance,,2286893,,,,,,,,,,,,Aircraft Equipment Problem Critical; Deviation / Discrepancy - Procedural FAR; Deviation / Discrepancy - Procedural Maintenance; Deviation / Discrepancy - Procedural Published Material / Policy,,,Person Maintenance,Pre-flight,General None Reported / Taken,Aircraft; Company Policy; Incorrect / Not Installed / Unavailable Part; Procedure; Human Factors,Ambiguous,"While working a field trip in ZZZ on Aircraft X. We told Maintenance Control the actuator and manual valve selector were leaking. He told us we would MEL the actuator and we just needed to find the part number for the valve before we could go to rest. When we returned to the plane the next day we looked at the amm (Aircraft Maintenance Manual) to deactivate and remove the parts and realized we needed a cargo door safety lock. We updated the web based system. Person A called Person B and told her he would not be sending the safety equipment. He was combative and dismissive with compliance. Cause:  Miscommunication; norms; pressure; fatigue Suggestions:  Clear communication; clear expectations; accountability",,,,"Air carrier technician reported during a field trip they ordered a part but failed to order the safety equipment required to accomplish the work.",
2292319,202510,1201-1800,ZZZ.Airport,US,,,0,,,,,,,,,,Air Carrier,A321,,2,Part 121,IFR,Ferry / Re-Positioning,,Parked,,,,,,,,,,,,,,,,,,,,,,,,,,Door,,X,Improperly Operated,,,,,,,,,,,,,,,,,,,,,,,,,,,,,,,,,,,,Aircraft X,Door Area,Air Carrier,Captain; Pilot Not Flying,Flight Crew Air Transport Pilot (ATP); Flight Crew Instrument; Flight Crew Multiengine,,,Fatigue; Situational Awareness; Time Pressure,,,2292319,Aircraft X,Flight Deck,Air Carrier,First Officer; Pilot Flying,Flight Crew Multiengine; Flight Crew Instrument; Flight Crew Air Transport Pilot (ATP),,,Training / Qualification,,,2292341,Aircraft Equipment Problem Less Severe; Deviation / Discrepancy - Procedural Published Material / Policy; Flight Deck / Cabin / Aircraft Event Other / Unknown,,,Person Flight Crew,Aircraft In Service At Gate,General Maintenance Action,Human Factors,Human Factors,"Flew a repositioning flight from ZZZ1 to ZZZ.  Entire flight was uneventful until we parked in ZZZ.  Per AOM guidance we had armed one emergency slide and I was very conscious of the need to disarm the slide prior to us finishing our duties.  As I was doing the shutdown checklist; I noticed the jetbridge approaching the aircraft; which would be normal except that I didn't have a flight attendant to disarm the slide and I was very aware of that.  As I approached the door and looked out the window I sensed the gate agent was approaching the door very quickly - but then again;  I don't have a proper frame of reference as to what the normal pace should look like because this is not a duty I normally perform.  I looked back at the FO who was still in his seat and facing away from me; and frankly; I panicked a little bit that the gate agent was going to blow the slide.  I know the slide handle is a confirm item; but with the FO putting his stuff away; I could not get his attention to come to the door.  Unfortunately; in my haste to beat the gate agent to the door; I inadvertently grabbed the wrong handle and raised it - which deployed the slide.  I did exactly the thing I was fearful the gate agent was going to do.  Cause: I had to mark fatigue as a no because I did not file a fatigue report; however; I will say that I was tired.  I received a call notifying me of the sequence at approximately XA:30. Then when I got to the airport for my deadhead my original FO did not show up and scheduling had to replace him.  Meanwhile I was at the airport; with my duty clock running so; as of the time of the event; I had been on duty for about 11 hours.  I also think the FO being relatively new was a partial cause because I felt the subconscious need to compensate for his lack of experience in doing a repositioning flight. Finally; if the gate agent had paused a little bit before approaching the aircraft; I definitely would not have felt as rushed as I did.  Again; the blame still rests with me but I feel like these items contributed to my mistake.",,"Captain and I arrived at ZZZ; Gate XX with a ferry flight from a MX station in Location X. We were at the shut down checklist portion of our flight when the Captain said hold on I don't want that slide to pop in the gate agent; this isn't a normal Flight attendant equipped airplane. The Captain hops up out of his seat and rushes to the main boarding door; as the jetbridge is almost stopped on the airframe. I hear the normal door "kerchunk" unlocking noise with moments later in disbelief what we are all familiar hearing during our annual door training simulator that hissing sound. Might I say it's a very accurate sound we have in the training.  I look back; the Captain was standing there in wide eyed with a face of disbelief and what I would characterize as "oh no" his head fell into his chest in embarrassment and shame as I think my words were "you didn't!?" Shamefully in a sinking tone the Captain said "I did".  We conducted the shutdown checklist and called ops and Maintenance (MX) on the radio to inform them of the deployment;  a MEL was entered. The Captain and I departed the aircraft around XM:35.Thankfully no one was injured; as of the time of the incident no damage was obvious or further reported by MX who safely removed the inflated slide. Gate agent had to move the jet bridge to help with removal of the slide and with no issues reported. Cause: Captain mentioned during the flight; fatiguing factors due to delays and First Officer manpower issues. In haste for the concern of the gate agent / jet bridge driver to not deploy the slide inadvertently the Captain rushed to try to disarm the slide. We need to create a limerick like "up the jet bridge; down the slide" for the position of the handle to help prevent this in the future. Also to note i have experienced a lot of pilots and flight attendants have unhealthy fears of the doors for fears of retaliation of accidental deployment of the slide. If we have more experience with the doors might reduce the occurrences.I briefed the Captain this is my first ferry flight. During my commute to ZZZ2 I was in search of a clear and spelled out checklist and points to check due to not having FA's. To my shock I couldn't easily find anything in the AOM or FOM that displayed anything of importance a checklist or points of importance it is generalized in my opinion. I mentioned this to the Captain; he said he was well versed and not his first ferry flight; that the company manuals are terribly convoluted. In my former company they had a full checklist and important items in bold bulletin points to make sure items were checked; conducted and not missed. What I find troubling after the fact; cleverly hidden in the text of the AOM I easily missed even with someone pin pointing about the door being a confirm item. This is not the way things should be displayed; no wonder I was unaware of this procedure and this doesn't happen more often.",,"A321 Captain reported inadvertently deploying an escape slide at the gate shortly after arrival from a repositioning flight.",
2293395,202510,0001-0600,CMH.Airport,OH,,,,2000,,,,,,,,Tower CMH,Air Carrier,Commercial Fixed Wing,,2,Part 121,IFR,Passenger,,Initial Approach,,Class C CMH,,,,,,,,,,,,,,,,,,,,,,,,,,,,,,,,,,,,,,,,,,,,,,,,,,,,,,,,,,,,,,,Aircraft X,Flight Deck,Air Carrier,Captain; Pilot Flying,Flight Crew Air Transport Pilot (ATP); Flight Crew Instrument; Flight Crew Multiengine,,,Situational Awareness; Other / Unknown; Confusion; Fatigue,,,2293395,Aircraft X,Flight Deck,Air Carrier,Pilot Not Flying; First Officer,Flight Crew Multiengine; Flight Crew Instrument; Flight Crew Air Transport Pilot (ATP),,,Other / Unknown; Fatigue; Confusion; Situational Awareness,,,2293741,ATC Issue All Types; Inflight Event / Encounter CFTT / CFIT,,,Automation Air Traffic Control; Person Air Traffic Control,In-flight,General None Reported / Taken,Human Factors,Human Factors,"We were reassigned and then took 4:57 minute delay for inbound aircraft and maintenance.  What was suppose to be a short day tuned out much longer. ATC took us off the arrival for vectors to down wind & visual approach for 10R.  We descended to  3000 feet and then ATC turned us in tight for a short final just outside the final approach fix SHUUU and said square off the turn for noise abatement. We started a decent while on base to try and not be high on the turn to final.  I saw some tower lights to the right but did not seem to be an issue.  On base Tower called altitude alert; I had leveled off at 2000 if I recall.  We called the towers in sight and continued the approach with normal landing. The FO also called the towers but obviously we were too close for comfort.Cause: Several factors.  When we briefed the approach I simply did not see the towers on the chart.  My Jepp was in dark mode.  If look at 10R ILS in black and white you can see the chart is 'busy'. It was late; and I was tired after the 5 hour delay in ZZZ ATC gave us the base turn right over the towers which was a contributing factor.  I am not blaming them; I am the CA and responsible period. But this vector was bad. Looking back on it; it would be great if the JEPPS had some red color or something to make obstacle pop out in both day and night modes on the JEPP.",,"We had a reassignment in ZZZ and some delays with the inbound aircraft and maintenance issue it took almost 5 hours to leave ZZZ. It was a night flight; arriving in CMH. Uneventful descent during the arrival. ATC gave us vectors to the south of the airport and clearance to descend to 3000 feet if I recall. On our base turn; we had the airport insight and ATC cleared us for the visual approach and asked to square our base for noise abatement. Captain selected 2000 feet and when we were close to intercepting the localizer; he selected direct to the final approach fix SHUUU. I don't think he verbalized the altitude selected or  maybe I didn't hear him saying.As we started the turn I noticed the tower light and ATC gave us the altitude alert. We both had the tower insight and continued the approach with a normal landing.Cause: Long day and night flight to an airport that don't go very often. ATC vectors really close to the tallest tower around the airport. We both didn't talk about obstacles during the briefing.Maybe put a note on the company page about tall tower obstacle and accepting visual approach at night would be a good trigger.",,"Air carrier flight crew reported a CFTT event during final approach to CMH airport.",
2293409,202510,0601-1200,ZZZ.Airport,US,,,0,,,IMC,,,Daylight,,,UNICOM ZZZ,Air Carrier,Regional Jet 200 ER/LR (CRJ200),,2,Part 121,IFR,Passenger,,Landing,,Class E ZZZ,,,,,,,,,,,,,,,,,,,,,,,,,,,,,,,,,,,,,,,,,,,,,,,,,,,,,,,,,,,,,,,Aircraft X,Flight Deck,Air Carrier,First Officer; Pilot Not Flying,Flight Crew Multiengine; Flight Crew Air Transport Pilot (ATP); Flight Crew Instrument,,,Situational Awareness; Fatigue; Communication Breakdown,Party1 Flight Crew; Party2 Flight Crew,,2293409,,,,,,,,,,,,Deviation / Discrepancy - Procedural Published Material / Policy; Inflight Event / Encounter Unstabilized Approach; Inflight Event / Encounter Weather / Turbulence; Inflight Event / Encounter CFTT / CFIT,,,Automation Aircraft Terrain Warning,In-flight,General None Reported / Taken,Weather; Human Factors,Human Factors,"Prior to departing ZZZ1 to ZZZ the Captain and I were discussing the current weather conditions at ZZZ. The weather at ZZZ was below minimums for all the runways expect the ILS to Runway XX. We looked at the winds at ZZZ and they we out of the N at 12kts Gusting 19. Knowing this we knew Runway XX would have a tail wind when we got to ZZZ and knew that it would be a possibility that we could exceed our 10kts tail wind limitation. The Captain contacted Dispatch with our concerns of possibility of not being able to complete the flight once we got there. After further discussion with Dispatch we agreed to depart and attempt the flight to ZZZ with the plan to divert back to ZZZ1 if we could not get in due to the weather. We ended up departing and once we got the current weather for ZZZ weather did not improve. We began a hold over ZZZ VOR and waited for the wind to be within limitations to land Runway XX. The Captain said he will monitor the winds while on the approach to make sure we still within the tailwind limitation. Once the winds improved we attempted the ILS XX. While over the FAF winds picked up and we commenced a miss approach. We diverted back to ZZZ1 as planned with no issues.Once we were back in ZZZ1 the company wanted us to make another attempt at making the flight to ZZZ. While looking at the new government TAF for ZZZ there was no change in the weather conditions. Both the Captain and I had the same concerns from our first attempt. Dispatch then provided us with a TAF from WSI that showed the weather improving just enough to attempt the RNAV XY into ZZZ which would allow us to land with a headwind and complete the flight. Both the Captain and I were still concerned on the the completion of the flight because we were provide two different TAFs. We did not know which one was going to be accurate. Dispatch upped our fuel reserves which would allow us multiple attempts into ZZZ and also enough fuel to divert back to ZZZ1. We departed ZZZ1 with the plan of attempting the RNAV XY first. We arrive at ZZZ and two prior planes we able to get in on the RNAV XY. We attempted the RNAV XY and made visual sight with the ground; but could not get visual on the runway. We proceeded to go missed and flew in the hold. While in the hold we discussed were going to attempt the ILS XX again if the winds were below our tailwind limitation of 10kts. We listened to the weather and verified that the winds were within our limitations. We exited the hold and began the ILS XX. Everything was standard about the approach except once we broke out of the clouds at minims. I called 'runway in sight' and the Captain said 'Landing'. After our callouts the captain communicated to me he was higher than he expected once breaking out of the clouds. To correct he increased his descent rate after that we were below glide slope and herd the EGPWS aural 'Glide Slope' followed by'Pull Up'. As Pilot monitoring I verified we were were still with in all the stable approach criteria and since we had visual contact with the runway on very short final with no obstacles I elected to allow him to complete the landing. The landing was firm and the plane touched down by the 1000ft markings. During our the debrief the Captain and I discussed what happened and both of us determined that the maneuver made seem to be erratic; but was not out of standards. After a couple of days after the event; even though it was within our company standards I was not satisfied with my actions. I should of called for a Go Around.  I believe the multiple missed approaches at ZZZ made me reluctant to call for a go around once we had the runway insight.I justified the Captains actions in the moment to increase his descent rate on short final. Due to the knowledge of tailwind and wet runways to limit float and long landing.I also believe fatigue was also a contributing factor. We were coming off a minimum rest period from the night night before. Even thought at the time I felt fit tofly looking back I think fatigue affected my decision making. To avoid this in the future I will call for a go around even if the approach is stable.",,,,"CRJ200 First Officer reported receiving EGPWS warnings during approach. Flight crew continued to landing.",
2294900,202510,0001-0600,IAH.Airport,TX,,,,500,,VMC,,,,,,Tower IAH,Air Carrier,Commercial Fixed Wing,,2,Part 121,IFR,Passenger,,Landing,,Class B IAH,,,,,,,,,,,,,,,,,,,,,,,,,,,,,,,,,,,,,,,,,,,,,,,,,,,,,,,,,,,,,,,Aircraft X,Flight Deck,Air Carrier,Pilot Flying; First Officer,Flight Crew Multiengine; Flight Crew Air Transport Pilot (ATP); Flight Crew Instrument,,,Fatigue; Situational Awareness,,,2294900,Aircraft X,Flight Deck,Air Carrier,Captain; Pilot Not Flying,Flight Crew Multiengine; Flight Crew Instrument; Flight Crew Air Transport Pilot (ATP),,,Situational Awareness; Fatigue,,,2294902,Deviation - Speed All Types; Deviation / Discrepancy - Procedural Published Material / Policy; Inflight Event / Encounter Unstabilized Approach; Inflight Event / Encounter CFTT / CFIT,,,Automation Aircraft Terrain Warning,In-flight,Flight Crew Took Evasive Action; Flight Crew FLC complied w / Automation / Advisory; Flight Crew Became Reoriented,Human Factors,Human Factors,"At end of redeye into IAH we were cleared a visual approach for RWY 27. When selecting to go direct to the FAF in LNAV; VNAV was not selected for a couple of seconds which caused us to be high. In an attempt to stabilize the approach we did a S turn which helped with the approach. Combined with our fatigue we were so focused on making the gates and were high during the approach but were constantly verbally discussing the stabilization gates. At the 500 ft mark we thought that the speed was within 15 kts and it was decreasing at that time. When we parked we received a report that we were 5 kts too fast at the 500 ft mark. During the approach at a low altitude we heard 'Too Low Terrain' but both of us saw the runway; visually confirmed that the runway was in sight and in a safe approach situation; and believed that it was just in reference to the higher descent rate and decided to continue the approach. We then realized with the printout that we landed the airplane in flaps 25 instead of the intended 30. While we both thought that we had flaps 30 selected we hyper-fixated on trying to slow the aircraft down and  didn't catch our mistake. The rest of the landing was completed safely and touched down within the touchdown zone with no other issues.",,"We were operating redeye flight LAX-IAH. On downwind we got cleared for the visual approach to runway 27. Once cleared for the visual approach; we proceeded direct to the FAF. VNAV wasn't engaged once we went direct; but was quickly identified as well as being high on the path.We configured the aircraft for landing and decided to perform an S turn to correct for altitude. Once the S turn was completed; we began to overly fixate on our vertical profile and airspeed in relation to the stabilized approach criteria. At 500 feet we were on path and speed.Approaching the runway in visual conditions at a low altitude we got a terrain warning. Given our position over the runway and stable state of the aircraft; we elected to land uneventfully; in the touchdown zone.Once we parked at the gate; we got a print out that said we were 5 knots too fast below 500 feet and landed flaps 25. Discussing the approach in our debrief it was evident fatigue; task saturation and a heightened focused on vertical path and speed led to our mistake of not selecting flaps 30. Our intent was to be safe; stable and fully configured for a flaps 30 landing.",,"Air carrier flight crew reported receiving a GPWS terrain warning on an unstabilized visual approach to IAH.",
2296492,202510,0601-1200,ZZZZ.Airport,FO,,,,1000,,Marginal,Rain; Thunderstorm,,Daylight,,,,Air Carrier,B747-400,,2,Part 121,IFR,,,Final Approach,,,,,,,,,,,,,,,,,,,,,,,,,,Autopilot,,X,Improperly Operated,,,,,,,,,,,,,,,,,,,,,,,,,,,,,,,,,,,,Aircraft X,Flight Deck,Air Carrier,Captain; Pilot Flying,Flight Crew Instrument; Flight Crew Air Transport Pilot (ATP); Flight Crew Multiengine,,,Situational Awareness; Fatigue; Human-Machine Interface; Workload,,,2296492,,,,,,,,,,,,Aircraft Equipment Problem Less Severe; Deviation - Speed All Types; Deviation / Discrepancy - Procedural Published Material / Policy; Inflight Event / Encounter Weather / Turbulence; Inflight Event / Encounter Loss Of Aircraft Control; Inflight Event / Encounter Unstabilized Approach,,,Person Flight Crew,In-flight,Flight Crew Executed Go Around / Missed Approach,Weather; Software and Automation; Aircraft; Human Factors,Weather,"Low Altitude Go-Around due to sudden heavy rain over runway; sharp nose high pitch up.On approach; thunderstorms were noted in the area. Rain was observed passing over the field; with a cell a few miles south of the runway. However the runway was in sight at five miles on the approach; and was in sight until the flare. Wind was gusting; but the highest reported gust was 21 knots; at 070 degrees; well within limitations. During the flare; at an altitude of around 50 or slightly below; I lost sight of the runway environment due to a sudden increase in rain intensity; and elected to execute a go-around and missed approach. The aircraft was nose heavy; so the airplane had a lot of nose up trim. Upon going around; the nose pitched up; but I was able to maintain a normal pitch attitude with sufficient pressure. We executed a normal go-around; at around 1;000 agl I attempted to engage the auto pilot. Upon engaging auto pilot; the airplane immediately pitched up sharply and speed decayed rapidly. I immediately disconnected the autopilot and applied nose down pressure and began to add more nose down trim. Several attempts were made to engage the autopilot with the same result. It was not until around the fourth or fifth attempt to engage the autopilot that it maintained an acceptable pitch and airspeed. While pitched increased and speed decayed; it never did go below the maneuvering speed; and pitch did not exceed 20 degrees; as far as myself and the other crew members could tell. My recollection is that the takeoff CG and trim from ZZZ1 was 15/8.3 Units.I believe that the nearly 23 hours of continuous duty by time this event occurred contributed the haphazard nature of the go-around. I also believe that allowing for us to utilize the auto-land capability; especially when combined with long duty days and less than ideal weather conditions would help contribute to a safer operation.",,,,"B747-400 Captain reported temporary loss of aircraft control during a go-around.",
2296850,202510,1801-2400,SFO.Airport,CA,,,,0,,,,,,,,Tower SFO,Air Carrier,Commercial Fixed Wing,,3,Part 121,IFR,Passenger,,Landing,,,,,,,,,,,,,,,,,,,,,,,,,,,,,,Tower SFO,Air Carrier,Commercial Fixed Wing,,,Part 129,,Passenger,,Final Approach,,Class B SFO,,,,,,,,,,,,,,,,,,,,,,,,Aircraft X,Flight Deck,Air Carrier,First Officer; Pilot Not Flying,Flight Crew Instrument; Flight Crew Air Transport Pilot (ATP); Flight Crew Multiengine,,,Communication Breakdown; Situational Awareness,Party1 Flight Crew; Party2 ATC,,2296850,Aircraft X,Flight Deck,Air Carrier,Captain; Pilot Not Flying,,,,Communication Breakdown; Situational Awareness; Fatigue,Party1 Flight Crew; Party2 ATC,,2297267,ATC Issue All Types; Conflict Ground Conflict; Critical; Deviation / Discrepancy - Procedural Published Material / Policy; Ground Incursion Runway,,,Person Flight Crew,In-flight,Air Traffic Control Provided Assistance; Flight Crew Took Evasive Action; Flight Crew Executed Go Around / Missed Approach; Flight Crew Requested ATC Assistance / Clarification,Human Factors,Human Factors,"This is kind of a two part report regarding approach and runway crossing in SFO. We briefed the arrival into SFO before TOD and made sure to talk about the alert bulletin regarding SFO FMS Bridge Visual. NORCAL assigned us the FMS Bridge Visual for 28R as expected and briefed. We were vectored off the BDEGA arrival and onto a downwind over the bay for the FMS Bridge Visual 28R. NORCAL started to turn us in to join the FMS Bridge Visual but then simply stated 'join the Localizer 28R and to look for pairing traffic.' This was a surprise to us as we were told and anticipated the FMS Bridge Visual. Caused a busy moment in the flight deck as we clarified which approach and were descending; turning and looking for traffic all at once. In order to make things simpler the CA asked NORCAL for just a regular Visual Approach for 28R which was granted and flown. After a safe approach and landing SFO Tower told us to 'Roll to Quebec and cleared to cross 28L and contact ground.' As we started to cross 28L multiple red lights illuminated on the runway. CA saw it immediately and stopped and queried tower. They confirmed we were cleared to cross and at the same time sent Aircraft Y flight on approach for 28L around. Shortly after the red stop lights extinguished and we continued to cross without incident.",,"I was the relief pilot in the primary jumpseat.  Arriving on the BDEGA.4  STAR; at approximately 11000'; we were assigned the FMS Bridge visual 28R via vectors.  The flying crew had previously input ILS 28L into the FMC; so the  pilot monitoring (Capt) installed the FMS Bridge 28R approach into the FMC.   NORCAL approach continued to vector us on a right downwind to 28R. At  approximately 10 miles from the runway; we were given a turn to base leg and a descent.  We were slightly high on energy at this point as we didn't expect an early turn and the PF worked to get us down.  On the turn to dogleg; the controller told us to descend further and intercept the LOC 28R for the visual approach.  We were prepared to fly the FMS Bridge as previously assigned.  We called the airport in sight and we were cleared for the visual approach 28R; via the 28R localizer.  Also in the turn to dogleg; the controller asked us to identify traffic to follow to 28L.  There was much confusion; but the pilot monitoring was able to install the ILS 28R into the FMS and the Pilot Flying (PF) was able to manage the descent and turn/intercept and fly the approach.   The PM; (Capt); was ZZZ1 based; and only slightly familiar with the FMS Bridge procedures. He queried the controller about flying the 'visual' and ATC said yes; you're cleared the visual approach (via the localizer; which wasn't installed). Once we were established on final; everything was normal.   After a very long international flight (14:33 flight time); and on duty for over 16 hrs; the fatigue level and workload performance are very challenging.  The flying crew did a fine job in handling the quick approach change and confusing clearances.",,"Air carrier flight crew reported a conflict after landing at SFO airport requiring the Captain to immediately stop the aircraft.  The conflicting aircraft was sent on a go-around.",
2297148,202510,0601-1200,ZZZ.Airport,US,,,,,,,,,,,,,Air Carrier,Commercial Fixed Wing,,2,Part 121,IFR,Passenger,,Parked,,,,,,,,,,,,,,,,,,,,,,,,,,Door,,X,Improperly Operated,,,,,,,,,,,,,,,,,,,,,,,,,,,,,,,,,,,,Aircraft X,Door Area,Air Carrier,Flight Attendant (On Duty),Flight Attendant Current,,Deplaning; Safety Related Duties,Fatigue; Physiological - Other; Situational Awareness,,,2297148,,,,,,,,,,,,Aircraft Equipment Problem Less Severe; Deviation / Discrepancy - Procedural Published Material / Policy; Flight Deck / Cabin / Aircraft Event Other / Unknown,,,Person Flight Attendant,Aircraft In Service At Gate,General Flight Cancelled / Delayed; General Maintenance Action,Human Factors; Procedure; Aircraft,Human Factors,"I had an incident with the main door procedure upon arrival to ZZZ. I was finishing the end of a 6 day work schedule. The day prior to the incident (Day 0); I returned from out of base work and was not feeling well. I went to the room and took some OTC pain meds and tried to rest. Due to the aches and pains; I tossed and turned until the pairing notification came through on (Day 1). My report time was XB:30. I arrived at the airport parking lot at XA:30. I scanned parking lot permit to allow myself time to make it to the terminal on time just in case I needed to stop by the restroom. Upon arrival to ZZZ and the seatbelt sign went off; removed myself from the jump seat; turned the lights on; waited for the jet bridge. As the jet bridge moved towards the main door; I made the announcement: Prepare doors for arrival and cross check. I was feeling lightheaded and still in pain. I reached for the main handle and pulled it towards myself and immediately realized that was incorrect. I pushed the handle down and pulled up the lever covers and disarmed the door. This was an attempt to correct the error. The GA (gate agent) came to open the door and a portion of the slide had deployed. I immediately informed the Captain and the FO (First Officer) of what happened. The Captain contacted Maintenance. Maintenance was able to adjust the slide and the passengers were able to deplane after about 30-40 mins delay out of the main door. I remained in the galley until the door was opened. After the door was opened; I thanked the passengers for their patience as they departed. There were no injuries.",,,,"Air Carrier Flight Attendant reported a delay deplaning passengers after flight attendant did not disarm door correctly and the escape slide partially deployed. Flight Attendant cited fatigue and illness as contributing factors.",
2297966,202510,,ZZZ.Airport,US,,,0,,,,Turbulence,,Night,,,,Air Carrier,B737-700,,,Part 121,IFR,Passenger,,Parked,,,,,,,,,High,,,,,,,,,,,,,,,,,Door,,X,Improperly Operated,,,,,,,,,,,,,,,,,,,,,,,,,,,,,,,,,,,,Aircraft X,Door Area,Air Carrier,Flight Attendant In Charge,Flight Attendant Current,Flight Attendant Airline Total 3.5; Flight Attendant Number Of Acft Qualified On 2; Flight Attendant Total 8.5; Flight Attendant Type 100,Safety Related Duties,Fatigue; Situational Awareness; Distraction,,,2297966,,,,,,,,,,,,Deviation / Discrepancy - Procedural Published Material / Policy; Flight Deck / Cabin / Aircraft Event Other / Unknown,,,Person Flight Attendant,Aircraft In Service At Gate,General None Reported / Taken,Human Factors,Human Factors,"Day 2 of my trip; leg 3 of 5; 11 hour duty day with no break; no opportunity to get off the plane. I am the lead Flight Attendant. I only had time to snack while in my jump seat. Upon landing in ZZZ I turned on the lights; made the disarm doors announcement attached the flight deck door to the LAV door and was being asked questions by passengers. I was also waiting and watching for a ops agent. I became distracted; and didn't disarm my door. Thank goodness [one of] my flight attendants stopped me and said 'you haven't disarmed your door '.  This saved me from my worst nightmare. Inadvertent slide deployment. Factors contributing to this event are fatigue. It is unsafe to be scheduled 5 legs in one day with not a single break.",,,,"Air carrier Flight Attendant reported not disarming the cabin door after arrival.  Door was then disarmed.",
2299967,202510,1801-2400,MMFR.ARTCC,FO,,,,23000,,,,,,,,Center MMFR,Air Carrier,Commercial Fixed Wing,,2,Part 121,IFR,Cargo / Freight / Delivery,FMS Or FMC,Descent,STAR TOREO 1R,,,,,,,,,,,,,,,,,,,,,,,,,,,,,,,,,,,,,,,,,,,,,,,,,,,,,,,,,,,,,,,,Aircraft X,Flight Deck,Air Carrier,Captain; Pilot Not Flying,Flight Crew Multiengine; Flight Crew Instrument; Flight Crew Air Transport Pilot (ATP),,,Time Pressure; Communication Breakdown; Confusion; Fatigue; Situational Awareness; Troubleshooting; Workload,Party1 Flight Crew; Party2 ATC,,2299967,,,,,,,,,,,,Deviation - Altitude Crossing Restriction Not Met; Deviation - Altitude Undershoot; Deviation / Discrepancy - Procedural Clearance; Deviation / Discrepancy - Procedural Published Material / Policy,,,Person Air Traffic Control; Person Flight Crew,In-flight,Air Traffic Control Issued New Clearance; Air Traffic Control Provided Assistance; Flight Crew Requested ATC Assistance / Clarification,Human Factors; Procedure; Software and Automation; Chart Or Publication,Chart Or Publication,"At approximately XA:25; received clearance from Mexico Control to turn to 195 heading and descend from FL360 to FL310 for spacing. About XA:30 we were level at FL310 and was given direct VILSI which was complied with. Next we were given direct TOREO followed within a moment to descend TOREO 1A maintain 16000. I read it back to descend via the arrival maintain 16000 and finished executing the original direct TOREO clearance into the Control Display Unit (CDU). We had entered and briefed pre-descent the TOREO 1R about 160 NM back which was originally filed and for the 4C ILS indicated by the ATIS. As you can already see; we had expectation bias started.We continued to descend expecting to cross TOREO at FL230 on the TOREO 1R Arrival. About 10 NM before TOREO in which VNAV showed us doing what we thought we were supposed to be doing Mexico Control said it appeared that we were not going to cross at FL180. We stated; "It shows on the arrival to cross TOREO at FL230;" and then communications between us got worse. I repeated it says FL230 and he repeated no and asked what "chart" was I using which I gave him arrival on plate 10-2B. He asked which chart again and I repeated plate 10-2B on Jeppesen plates and I asking my FO what he thinks he means and he couldn't either. Mexico Control repeated that it is the wrong chart followed by him saying I-A-P chart. I looked at the FO and he wasn't sure either. The controller was using the English he knew when it finally hit me we were on a different arrival than what was cleared and started quickly looking for the TOREO 1A vs. what was expectation biased for 1R as filed.The TOREO 1A is not visible on the electronic chart selection under the STARS initial page selection in Jeppesen EFB. You have to select the STAR button which shows a couple of TOREO arrivals but no TOREO 1A. The TOREO 1A is hidden in the STAR section on the RNAV arrivals (runways 04 C/L) page. TOREO 1A is not labeled on the initial STARS selection which confounded me and the flying pilot as we searched frantically. I had the Jeppesen EFB looking for it while I was trying to work with the Center on where we should be and the flying pilot searched the CDU. Mexico Control appeared tired of us and then handed us over to MMSM Approach without really helping in correcting our situation further. Most of this back-and-forth chewed up distance we didn't have to work with. Approach quickly cleared us to VINRI which took some work on getting the spelling and was found by the flying pilot going through the CDU which was on the TOREO 1A on its transition selection on the CDU. We continued without further incident to a landing.Cause: Expectation bias of what arrival we were going to get versus what we were assigned in the few miles to the initial fix.Language barrier of not understanding what the true point was. Was never given the arrival a second time by name but got into a discussion about wrong "charts;" adding confusion to the situation. Normally I request clarification if in doubt but in this instance; even using my FO for validation on what he is saying and meaning failed in his non-standard controller terms he used. We were not being understood in both directions.The TOREO 1A arrival not being labeled in the initial STAR section with the other TOREO arrivals EFB is a recipe for this mistake happening again by others.There were about three rolling delays during my rest period proceeding this leg and my body not adjusting to those changes well by the end of this leg began to show. Definitely not at the top of my game by the end of this leg. Probably should have called fatigued but I felt OK at the beginning. I went from a scheduled 17-hour rest to a moving 53 hours due to delays and with three rolling ones for about the last approximate 24 - 30 hours prior. Hard to adjust for that despite the cumulative total rest. Even harder to justify it to someone. Suggestions: Expectation bias is hard to work around. We have to brief ahead of time (pre-descent) to get it reliably covered as trained. So you end up briefing way ahead which sets you up for expectations of events and then we get it switched literally a few miles from the initial fix kind of sets you up for it. Better awareness is about the only thing that comes to mind as a fix.Language barriers are a constant in our sector of aviation. We were definitely not on the same page literally and figuratively. Normally I request clarification if in doubt but in this instance; even using my FO for validation on what he is saying and meaning failed. Standard phrases would have solved a lot of this.Location of the arrivals in the EFB should be listed better on the initial STAR page. I don't think most pilots should spend a day memorizing all the plates of a destination. Especially with many airports having a multitude of plates making it unreasonable or possible. Both my FO and I missing this leads me to think this is not the first time this has happened.Fatigue is insidious. While I had in total 53 hours off for rest; it was not scheduled and changed. I should have called fatigued when I woke up way earlier than the wake up call.",,,,"Air carrier Captain reported the TOREO 1A STAR to MMSM is not visible on the electronic chart selection of the STARS initial page on the Jeppesen EFB.",
2304383,202511,0601-1200,IAH.Airport,TX,,,,,,VMC,,,,,,TRACON I90,Air Carrier,B757 Undifferentiated or Other Model,,2,Part 121,IFR,,,Final Approach,,Class B IAH,,,,,,,,,,,,,,,,,,,,,,,,,,,,TRACON I90,Air Carrier,B777 Undifferentiated or Other Model,,,Part 121,IFR,,,Descent,,Class B IAH,,,,,,,,,,,,,,,,,,,,,,,,Aircraft X,Flight Deck,Air Carrier,Captain; Pilot Flying,Flight Crew Multiengine; Flight Crew Instrument; Flight Crew Air Transport Pilot (ATP),,,Situational Awareness; Fatigue; Communication Breakdown; Workload,Party1 Flight Crew; Party2 ATC,,2304383,Aircraft X,Flight Deck,Air Carrier,Pilot Not Flying; First Officer,Flight Crew Multiengine; Flight Crew Air Transport Pilot (ATP); Flight Crew Instrument,Flight Crew Last 90 Days 98; Flight Crew Total 5100; Flight Crew Type 2068,,Workload; Communication Breakdown; Fatigue; Situational Awareness,Party1 Flight Crew; Party2 ATC,,2304389,ATC Issue All Types; Deviation - Speed All Types; Deviation / Discrepancy - Procedural Published Material / Policy; Inflight Event / Encounter Unstabilized Approach; Inflight Event / Encounter Wake Vortex Encounter,,,Person Flight Crew,In-flight,Flight Crew Became Reoriented,Environment - Non Weather Related; Human Factors; Procedure,Human Factors,"While on the visual approach to 26R; we were cleared with an airspeed of 170 knots to OWELL. Earlier in the approach we had been advised by ATC that we would be following a Boeing 777 and to caution wake turbulence. We had encountered their wake multiple times on the downwind with some airspeed fluctuations and turbulence.At this time currently we were on a base to final turn approximately 15 miles from the runway. I was PF and hand flying the visual approach. We intercepted the glideslope and localizer around 200 knots and 4000ft and began down on the final approach to runway. We had been fully configured at flaps 30 with the gear down just past OWELL; as briefed; and began to slow up to our Final Vapp.At this time I called for Vapp and the first officer mistakenly bugged 138 knots; which was incorrect. The actual Vref was 123 knots and with an additive of 5 knots should have been 128 knots. Passing through 1000ft we made the 1000ft callouts and were approximately 160 knots and slowing. At this time we were encountering airspeed fluctuations of plus or minus 7 knots due to wake turbulence from preceding Boeing 777. Around our 500 foot gate we were approximately 145 knots with a fluctuation of about plus or minus 5 knots due to the wake and were on a stable descent path to land. And the Captain noted he was slowing the aircraft and stable. Around the 500 foot gate the FO realized he had made a mistake and told me that he had bugged in the wrong Vapp while correcting it. I proceeded to slow the aircraft to the correct speed of 128 knots. A normal landing in the touchdown zone was made and we exited off at the first high speed exit. An uneventful taxi to the gate ended the flight.It wasn't until the roll out that we realized that there was a chance that we might have exceeded the 500 ft stabilized approach criteria of Vapp plus 15 knots. By the time the FO moved the speed bug to 128 knots. I looked at saw our speed around 140 knots and thought it was still within the limits; not taking into account our previous slightly faster speed. In hindsight having to change the speed bug at the low of an altitude; should've warranted a go-around.There were several possible causes for the error setting the wrong final approach speed occurred for several reasons. The first being confirmation bias since the FO and I both usually fly the 767.  An airspeed of 138kits is a typical final approach speed so it did not appear abnormal. Second would be high workload. ATC was doing training during our approach and override the primary controllers instructions. Since I was hand flying; this increased the workload of the FO. There were multiple times where we received a clearance to turn or descend on the downwind/approach; followed by an ATC supervisor correction to the radar vectors or approach clearance. Finally; fatigue likely played a factor. It was the end of a four day trip; and we had a van time of XA:55 in ZZZ local.",,"While on the visual approach to 26R; we were cleared with an airspeed of 170 knots to OWELL. Earlier in the approach we had been advised by ATC that we would be following a Boeing 777 and to caution wake turbulence. We had encountered their wake multiple times on the downwind with some airspeed fluctuations and turbulence.At this time we were on a base to final turn approximately 15 miles from the runway. The Captain was PF and was currently hand flying the approach. We intercepted the glideslope and localizer around 200 knots and 4000ft and began down on the final approach to runway. We had been fully configured at flaps 30 with the gear down just past OWELL; as briefed; and began to slow up to our Final Vapp.At this time the Captain called for Vapp and I bugged 138 knots; which was incorrect. The actual Vref was 123 knots and with an additive of 5 knots should have been 128 knots. Passing through 1000ft we made the 1000ft callouts and were approximately 160 knots and slowing. At this time we were encountering airspeed fluctuations of plus or minus 7 knots due to wake turbulence from preceding Boeing 777. Around our 500 foot gate we were approximately 145 knots with a fluctuation of about plus or minus 5 knots due to the wake and were on a stable descent path to land. The Captain noted he was slowing the aircraft and stable. Around the 500 foot gate I realized my mistake and told the Captain I had bugged in the wrong Vapp and corrected it. He proceeded to slow the aircraft to the correct speed of 128 knots. The Captain then landed in the touchdown zone and exited off at the first high speed exit. An uneventful taxi to the gate ended the flight.It wasn't until the roll out that I realized that there was a chance that we might have exceeded the 500 ft stabilized approach criteria of plus 15 knots of Vapp. By the time I moved the speed bug to 128 knots. I looked at saw our speed around 140 knots and thought it was still within the limits; not taking into account our previous slightly faster speed. In hindsight; having to change the speed bug at that low of an altitude should've warranted a go-around.I believe my error for setting the wrong final approach speed occurred for several reasons. The first being confirmation bias. I usually fly the 767; so an airspeed of 138 looks like a logical final approach speed. Second would be high workload. It sounded like ATC was doing training during our approach. There were multiple times where we received a clearance to turn or descend on the downwind and approach and the ATC supervisor would come on and cancel a heading or approach clearance. I was also operating the MCP (Mode Control Panel); while double checking with ATC for the correct clearance; and monitoring the flight path since the PF was hand-flying. Finally; I think fatigue played a factor. It was the end of a four day trip; and we had a van time of XA:55 in ZZZ local.",,"B757 flight crew reported that they set the wrong final approach target speed on approach to IAH; citing fatigue and workload as contributing to the error.",
2308694,202511,,ZZZ.Airport,US,,,0,,,,,,,,,,Air Carrier,B787 Dreamliner Undifferentiated or Other Model,,,Part 121,IFR,Passenger,,Parked,,,,,,,Unscheduled Maintenance,Installation,,,,,,,,,,,,,,,,,,Electrical Distribution Busbar,,X,Malfunctioning,,,,,,,,,,,,,,,,,,,,,,,,,,,,,,,,,,,,,,Air Carrier,Technician,Maintenance Powerplant; Maintenance Airframe,,,Fatigue,,,2308694,,,,,,,,,,,,Aircraft Equipment Problem Critical; Deviation / Discrepancy - Procedural Published Material / Policy; Deviation / Discrepancy - Procedural FAR; Deviation / Discrepancy - Procedural MEL / CDL; Deviation / Discrepancy - Procedural Maintenance,,,Person Flight Crew,In-flight,Flight Crew Returned To Departure Airport,Aircraft; Company Policy; Human Factors; Manuals; Procedure,Ambiguous,"During removal of a contactor baseplate and bus bars on the rear of the p800 panel due to heat damage I removed a jumper bar from a bus bar to the back of a common motor start controller. It was removed fully from the bus bar but left loose on the mounting point to the CMSC (Common Motor Starter Controller) and not tagged or bagged; as I left it there to prevent parts from being lost. This along with a lack of information of the effected area after its removal led to the following technician missing the loose hardware; and missing the left in place loose portion of the jumper. After completion of the Maintenance visit the aircraft left for ZZZZ; and upon attempting to return to ZZZ experienced an air return due to several warnings and smoke. This was due to the aforementioned jumper not having been tightened and due to the amount of current in the system it began to fail. The top of this jumper is the failure point in question. This incident is likely due to personal complacency (assuming a mechanic would have seen it); fatigue (I transitioned from days to graveyard shifts 2 weeks ago); norms (leaving hardware loose but in place unmarked; which was due to needing to replace said attaching hardware).",,,,"B787 technician reported they did not secure a jumper bar after completing work behind an electrical p-800 panel. The result was an air return due to warning messages and smoke in the flight deck.",
2308992,202511,,ZZZ.Airport,US,,,0,,,,,,,,,Ramp ZZZ,Air Carrier,A319,,2,Part 121,IFR,Passenger,,Taxi,,,,,,,,,,,,,,,,,,,,,,,,,,,,,,,,,,,,,,,,,,,,,,,,,,,,,,,,,,,,,,,,,Aircraft X,Flight Deck,Air Carrier,First Officer; Pilot Not Flying,Flight Crew Instrument; Flight Crew Multiengine; Flight Crew Air Transport Pilot (ATP),,,Communication Breakdown; Distraction; Fatigue; Situational Awareness,Party1 Flight Crew; Party2 Ground Personnel,,2308992,,,,,,,,,,,,Conflict Ground Conflict; Critical; Deviation / Discrepancy - Procedural Published Material / Policy; Ground Event / Encounter Loss Of Aircraft Control,,,Person Flight Crew,Taxi,Flight Crew Took Evasive Action; Flight Crew Regained Aircraft Control,Procedure; Airport; Human Factors,Human Factors,"A series of distractions along with our ground crew not following SOP caused a small mishap during the pushback with the ground crew upon disconnecting the tug. The ground crew firstly wanted to commence the push while a cargo door was open. The actual mishap was when they disconnected after the push (with one engine running. They never used proper phraseology "pushback complete set brake". The aircraft's parking brake had not been set due to this and due to other distractions happening during that time. The distraction at hand specifically in this moment was a message regarding needing a lavatory service. The purser had to be contacted to determine if we needed to shut down the engine and go back to the gate for the service; which was not needed. After this; we began to start engine 2 at which point the aircraft started rolling forward. The captain caught the error; stopped; and set the brake avoiding what could have been a bad situation.It seemed that there was one distraction after another from the beginning this morning. First a maintenance issue followed by performance issues with errors from our heavy takeoff weight. The ramp had a hot mic and we could hear shouting and talking even after asking them to disable hot mic. Next was the attempt to push with cargo door open followed by the lavatory servicing message. It is important to mention that these distractions are not uncommon; but they become very challenging to manage and mitigate threats after a minimum rest layover with an early departure time. I never felt fatigued enough to warrant a fatigue call and was sure I was fit for duty; however; minimum rest does have a negative impact to safety.",,,,"Air carrier First Officer reported non-standard communications and procedures during pushback with the ramp agents; which resulted in uncontrolled aircraft movement when the tow bar was disconnected. The Captain set the brakes and no injuries or damage occurred.",
2310074,202511,1201-1800,ZZZ.TRACON,US,,,,18000,,VMC,,,,,,TRACON ZZZ,Air Carrier,A321,,2,Part 121,IFR,Passenger,FMS Or FMC,Final Approach,,Class B ZZZ; Class E ZZZ,,,,,,,,,,,,,,,,,,,,,,,,,,,,,,,,,,,,,,,,,,,,,,,,,,,,,,,,,,,,,,,Aircraft X,Flight Deck,Air Carrier,First Officer; Pilot Not Flying,Flight Crew Multiengine; Flight Crew Air Transport Pilot (ATP); Flight Crew Instrument,,,Fatigue; Situational Awareness; Communication Breakdown,Party1 Flight Crew; Party2 Flight Crew,,2310074,,,,,,,,,,,,Deviation - Altitude Crossing Restriction Not Met; Deviation - Altitude Overshoot; Deviation / Discrepancy - Procedural Published Material / Policy; Deviation / Discrepancy - Procedural Clearance,,,Person Flight Crew,In-flight,Flight Crew Became Reoriented,Human Factors,Human Factors,"During the initial descent and approach into ZZZ we unfortunately had dialed in the incorrect altimeter setting. Everything during the flight had been normal throughout unfortunately it was my mistake. We completed a standard descent and approach briefing into ZZZ; we were expecting some moderate turbulence coming in. We were filed to fly the ZZZZZ connected to the RNAV (RNP) XX R. Passing through 18000 ft we started feeling the moderate and our altimeter started flashing at us indicating that it was time for us to input the current altimeter setting. I pressed the knob and it set the last input which was from ZZZ1 (our origination) when I doubled checked the altimeter setting I didn't notice that I had returned to the ZZZ1 tab to check some info and when I pulled the weather in the 'Info & Wx' tab it was feeding me all the weather from ZZZ1. I stated the incorrect altimeter setting as a way to verify and captain verified the same setting with me.  We started flying the approach as normal; flight was looking good. We were given clearance to land and also had ATC give us a traffic advisory from a flight that was on approach to XX L. Once that happened we had a TA alert and maintained visual separation. Once we crossed ZZZZZ at 7000 ft and aligned the aircraft with the runway we noticed that our glide path was low. We had 4 red lights on the PAPI. We were configured and not doing any unusual maneuvering. Captain decided to disconnect autopilot leveled off; continued with the approach until we noticed a two-white two red configuration on the PAPI and continued a normal landing with no further incident. Once we debriefed and noticed that we had the incorrect altimeter setting; we decided to write a report due to the chain of errors the might have occurred. We came to the conclusion that there might have been a possible altitude deviation on the arrival as well as approach. Also; from my understanding; while flying the approach; the glide path is not  ground based but calculated based on altimeter and GPS. An error in the altimeter setting window might not have the best outcome in the approach phase. The fatigue factor was definitely an issue. Our day started at XA:15 and had 3 legs. Leg one (ZZZ2-ZZZ) started with plenty of issues like weather; maintenance; deicing; deicing equipment failures; flow into ZZZ among others. All these factors definitely compounded into this mistake I made.",,,,"Air carrier First Officer reported an incorrect altimeter setting during descent/approach causing the aircraft to be low on approach. Flight crew corrected and landed safely.",
2312008,202512,0601-1200,ZZZ.Airport,US,,,0,,,,Rain,,Night,,,Ramp ZZZ,Air Carrier,A300,,2,Part 121,IFR,Cargo / Freight / Delivery,,Taxi,,,,,,,,,,,,,,,,,,,,,,,,,,Parking Brake,,X,Improperly Operated,,,,,,,,,,,,,,,,,,,,,,,,,,,,,,,,,,,,Aircraft X,Flight Deck,Air Carrier,Captain; Pilot Flying,Flight Crew Air Transport Pilot (ATP); Flight Crew Instrument; Flight Crew Multiengine,,,Communication Breakdown; Distraction; Fatigue; Situational Awareness; Time Pressure,Party1 Flight Crew; Party2 Ground Personnel,,2312008,Aircraft X,Flight Deck,Air Carrier,First Officer; Pilot Not Flying,Flight Crew Air Transport Pilot (ATP); Flight Crew Multiengine; Flight Crew Instrument,Flight Crew Last 90 Days 59; Flight Crew Total 5275,,Time Pressure; Situational Awareness,,,2312003,Aircraft Equipment Problem Critical; Deviation / Discrepancy - Procedural Published Material / Policy; Ground Event / Encounter Loss Of Aircraft Control,,,Person Ground Personnel; Person Flight Crew,Aircraft In Service At Gate,Flight Crew Regained Aircraft Control; Flight Crew Became Reoriented,Procedure; Aircraft; Environment - Non Weather Related; Human Factors,Human Factors,"I; as Captain and PIC of this flight; got distracted and out of my normal routine and showed signs of being tired; by failing to set the aircraft parking brake during our through-flight between leg one and two (of three that night/morning) and not catching/correcting it in the pre-flight checklist at ZZZ. It was not caught until we rolled forward several feet as the second engine spooled up. Contributing Factors:- focus on non-maintenance staffed gateways procedures for logbook- disrupted flows without a face to face; non-towered field ops; and self-induced pressure to make up time and avoid incoming weather- dark ramp and increasingly heavy rain (prevented noticing forward movement - and saw marshaller signaling for forward movement as the second engine was spooling up)Outcome:The ground observer who was plugged into the aircraft unplugged and ran towards the marshaller as soon as the aircraft started rolling. I'm not sure whether the marshaller thought things were normal (as he was signaling us forward at that time; but I'm guessing it was harder to assess than normal since it was dark and raining hard); but I; being startled; immediately stopped the aircraft and set the parking brake; observed both ground crew clear (for safety) and continued the engine start. I then signaled for the ground observer to plug back into the aircraft - which he did. I apologized for the situation and ensured he and everything else was okay - which he was and then he confirmed everything was clear. Lesson Learned:I will be hyper cognizant of the irregularities of non-maintenance staffed gateways and work harder to overcome those as distractions to ensure all my duties are performed…as they translate directly to safety.",,"I was the FO (First Officer) on Flight ABCD. We had just landed at ZZZ airport; which is a non-tower airport.  After we had blocked in I started initializing the FMS for the flight to ZZZ1 and going over my flow for the thru flight. I had loaded the flight plan into the FMS and had everything ready for our departure out of ZZZ. I was kinda distracted from making sure I followed the non-tower procedures and making sure we got our ATC clearance on taxi out since we only had 10 minutes till clearance would be void. I had briefed up the standard takeoff briefing. Then we ran the Preflight checklist. Once we had communication with the ground crew on intercom and the Captain told the ground crew they could remove stairs and chalks. We ran the before start checklist to completion. After stairs and chalks were removed ground crew said we were clear to start engines. We started engine 2 without any issues. Then we were cleared to start engine 1. As engine 1 got to around 40% N1. The Captain noticed the aircraft was moving and stopped the aircraft with the brakes then the Captain set the parking brake. We saw the ground crew running towards the marshaller. The Captain called into Operations radio frequency to have the ground crew to plug back into the aircraft so he could talk to him on intercom. The Captain made sure he was not hurt or anything was damaged on the aircraft. The ground personnel said he was good and the aircraft had no damage. He said all equipment was clear of the aircraft and we were good to go. He unplugged from the aircraft.  We ran the after start checklist and then began to taxi off the ramp. The rest of the flight was completed successfully with no issues. Contributing Factors - non-maintenance procedures at small gateway- out of flow with no face to face with maintenance personnel to go over start procedures; non-tower airfield ops; dark environment with heavy rain; pressure to make up time because running behind on departure from gateway. - making sure we contact ZZZ Center to get out clearance on taxi outLesson Learned Make I verify when Items are called on the checklist are completed or accomplished and not just rushing thru the checklist. Always back up the each other to verify items are accomplished on the checklist. Also not getting distracted from not normal procedures like when at non tower airfields. These distractions can lead to safety issues with the flight.",,"A300 flight crew reported they forgot to set brakes after engine start and rolled uncontrolled on the ramp.",
2313098,202511,,,,,,,,,,,,,,,,Air Carrier,B767-300 and 300 ER,,,Part 121,IFR,Passenger,,,,,N,N,N,,Unscheduled Maintenance,Repair; Inspection; Testing,,,,,,,,,,,,,,,,,,Door,,X,Improperly Operated,,,,,,,,,,,,,,,,,,,,,,,,,,,,,,,,,,,,Other Airport,,Air Carrier,Captain,Flight Crew Instrument; Flight Crew Air Transport Pilot (ATP); Flight Crew Multiengine,,,Fatigue,,,2313098,,,,,,,,,,,,Aircraft Equipment Problem Less Severe; Flight Deck / Cabin / Aircraft Event Other / Unknown; No Specific Anomaly Occurred Unwanted Situation,,,Person Gate Agent / CSR,Aircraft In Service At Gate,Aircraft Aircraft Damaged; General Flight Cancelled / Delayed; General Maintenance Action,Human Factors; Procedure; Aircraft,Human Factors,"After a three day layover in ZZZZ; my clock had reset to local time. The crew arrived at the airport at our scheduled arrival time was advised the airplane would be arriving late from a reposition at a hard stand.  Very little was available but we were told it would be a while.  Eventually one of the gate agents informed us that the cleaners had blown the 1R door slide (767-300).  I spoke with Maintenance Control during several calls and very little information was available.  On about my third call I was advised they believed they could remove the slide and empty most of first class and operate under and MEL which would allow us to operate legally back to ZZZ.  After a lengthy process of re-accommodating passengers on the next day's flights and reseating passengers; it was discovered that there was significant additional damage to the forward galley; the door; door jam; flight attendant jumpsuit and emergency equipment storage areas in the galley.  The flight was cancelled.We were later advised that the flight may reposition to ZZZ via a ferry. The flight crew would have to exit the boarding area to go to operations in another building.  There we could receive the new flight plan and brief again.  We did that.  Upon arrival at operations; our crew was informed that there was significant damage which was not known of in the terminal and a flight release would not like be ready until the damages were repaired and a ferry release document could be made available.  After several more hours a release was available but it was made clear that the new release time would not be available for quite some time.  I spoke with Maintenance Control and they were still working with local maintenance to survey the damage.  They could not commit to a time for repairs or a ferry.I had just transitioned onto the 767 from the 737.  I had been experiencing difficulties sleeping during my rest breaks on board all month while on Operational Evaluation (OE).  The quantity of information required to be covered during OE is significant.  We covered it effectively.  However; when it was ever time to go on break; my gears were turning from the notes I had taken and the instruction given by my Line Check Pilots (LCPs).  I am certain I'll acclimate to the differences of the new schedule; but it had not happened yet.  The ZZZZ trip after OE was the first time I could relax on a trip and with such a long layover I naturally acclimated to the time despite efforts to accommodate later sleep.While waiting for a ride to the airplane and awaiting the ferry release document both my First Officer and Relief Pilot expressed concerns over the lengthy delay having also been up early.  I told them I had been up since XA:30 AM.  The most recent forecast by operations was for us to depart around XX:00 PM.  We had a threat assessment about how long we could wait before safely departing.  We elected to wait as long as possible for a new release time.  But; one was never produced.  I told them I was tired and we discussed break options and the reasonability of how long we could delay.  Ultimately; we decided as a crew that it would not be reasonable to operate after such a lengthy delay based upon the time we would have been awake at the new foretasted time of departure.  I called the crew planner expressing my concerns and we were placed back on to rest.Upon arrival at operations the following day; we were notified the paper work would have never been ready for the XX:00 PM departure.",,,,"B767-300 Captain was informed by gate agent that aircraft cleaners deployed escape slide. Maintenance was called; flight was cancelled after determining there was significant damage to multiple sections of the aircraft.",
2315458,202512,0001-0600,ZZZ.Airport,US,,,1200,,,,,,,,,Tower ZZZ,Air Carrier,B737-800,,2,Part 121,IFR,Passenger,,Initial Approach,,Class B ZZZ,,,,,,,,,,,,,,,,,,,,,,,,Trailing Edge Flap,,X,Malfunctioning,,,,,,,,,,,,,,,,,,,,,,,,,,,,,,,,,,,,Aircraft X,Flight Deck,Air Carrier,Pilot Not Flying,Flight Crew Multiengine; Flight Crew Air Transport Pilot (ATP); Flight Crew Instrument,,,Distraction; Fatigue,,,2315458,Aircraft X,Flight Deck,Air Carrier,Pilot Flying,Flight Crew Multiengine; Flight Crew Instrument; Flight Crew Air Transport Pilot (ATP),,,,,,2315470,Aircraft Equipment Problem Critical; Deviation / Discrepancy - Procedural Published Material / Policy; Inflight Event / Encounter Fuel Issue,,,Person Flight Crew,In-flight,Flight Crew Overcame Equipment Problem,Aircraft; Human Factors,Aircraft,"While on a visual approach to Runway XX at ZZZ we discovered during the Before Landing checklist that the flaps had not extended to 30 degrees. We had a quick discussion and decided to recycle the handle to 25 and back to 30 and noticed no change. After another brief discussion at about 1200 AGL and the approach otherwise stable and no asymmetry we decided to continue the approach and land since there was ample runway length and fuel was on the low end and that further action might lead to an asymmetry or other detriment. We deemed that landing was the safest course of action. We added 5 knots and proceeded to a normal touchdown.Cause: I feel that maybe an earlier completion of the checklist might have allowed more time to address the situation. We were experiencing a strong tailwind for most of the approach which distracted us both because of the airspeed consideration for the flap extensions. The situation also occurred during the last leg of a duty period and might have been an effect as well. Better situational planning in the future by myself is a task of which I plan on addressing.",,"On approach to ZZZ; upon completion of the before landing checklist; we noticed the flaps had not extended from 25 to 30.  After a brief discussion; we cycled the flap handle to 25 and 30 again; with no change.  After another brief discussion; with still approximately 1200 feet to go and a mostly stabilized approach (I believe the engines may not have been spooled up yet) we decided to continue the landing.  In the interest of safety; with our fuel being on the lower side and with the possibility of flap asymmetry or other malfunctions; a flaps 25 landing seemed to be the safest course of action.  We added 5 knots to vref and proceeded to a normal touchdown.Cause: We possibly had enough fuel to run a quick checklist for a flaps 25 landing; but overall I agree with our course of action to mitigate the risks and not possibly make the situation worse.",,"Air carrier flight crew reported failure of the trailing edge flaps to fully extend. Flight crew continued approach to a normal touchdown.",
2315981,202512,0601-1200,ZZZZ.Airport,FO,,,0,,,IMC,,,,,,,Air Carrier,B767 Undifferentiated or Other Model,,3,Part 121,IFR,Passenger,,Parked,,,,,,,,,,,,,,,,,,,,,,,,,,Normal Brake System,,X,Malfunctioning,,,,,,,,,,,,,,,,,,,,,,,,,,,,,,,,,,,,Aircraft X,Flight Deck,Air Carrier,Captain; Pilot Flying,Flight Crew Multiengine; Flight Crew Instrument; Flight Crew Air Transport Pilot (ATP),,,Situational Awareness; Fatigue,,,2315981,Aircraft X,Flight Deck,Air Carrier,First Officer; Pilot Not Flying,Flight Crew Instrument; Flight Crew Air Transport Pilot (ATP); Flight Crew Multiengine,,,Situational Awareness,,,2315978,Aircraft Equipment Problem Critical; Deviation / Discrepancy - Procedural Published Material / Policy; Inflight Event / Encounter Loss Of Aircraft Control,,,Person Flight Crew,Taxi,Flight Crew Overcame Equipment Problem; Flight Crew Regained Aircraft Control,Aircraft; Human Factors; Weather,Aircraft,"When parking at remote parking stand XX in ZZZZ; I set the parking brake but saw neither the "park brake" light nor the EICAS "parking brake" advisory message illuminated. The handle did remain up; the brake pedals did remain engaged; the brake pressure was normal and the aircraft was not moving. I released and reset the parking brake a couple of times trying to also get the normal indications; which I did not get. The fact that all felt normal led me to incorrectly suspect an indication problem and not a failure of the parking brakes. I told my first officers that everything felt normal and listed all the things that were normal and called for the engines to be shut down and continued with the parking flow. As we ran through the parking checklist; we noticed brake pressure dropping off abnormally and I turned on the right hydraulic pump to restore normal pressure. After turning off the pump once more; we again noticed brake pressure dropping. After a few moments of trying to understand what we were seeing; the relief pilot noticed the aircraft had started to roll backward. I tried to stop the aircraft with the brakes but that did not work because there was no brake pressure. I quickly turned on the right hydraulic pump and was able to stop the aircraft's movement. We had rolled perhaps 15 feet. I had the relief pilot call the flight attendants to make sure no one had been hurt in the cabin. Looking outside we saw that no ground equipment had yet approached the aircraft. I had the flying first officer call operations to explain that we had a parking brake failure; that the aircraft needed to be chocked; and that a tug was needed to pull the aircraft back forward. The first officer smartly suggested turning the beacon back on and I turned the seatbelt sign back on and made a brief announcement to reseat the passengers. Operations called back shortly to say that airport operations was okay with where the aircraft stopped and would not need to be repositioned. We reiterated that we were manually holding the brakes and needed the aircraft to be chocked. The remote stand was a last minute change after landing when the outbound aircraft at the terminal was late departing. There did not appear to be chocks readily available at the remote stand and the first officer and I took turns holding the brakes. Oddly; while holding the brakes with the parking brake handle stowed; we observed both the "park brake" light and the EICAS "parking brake" advisory message for several seconds.  Operations then called to say that it had been decided to move the aircraft to stand XY at the terminal and a tug was enroute for the tow. We coordinated with the flight attendants to prepare the cabin for the tow. After running the pushback checklist and reviewing the tow-in checklist; the tug arrived and towed us to the new gate. When setting the brakes at the conclusion of the tow-in all parking brake indications were normal. None the less I asked the tug driver to keep hold of the aircraft until the wheels were chocked and after he notified me that the wheels were chocked; I turned off the seat belt sign and we completed the parking procedure.I should have been able to understand the situation sooner than I did. The absence of the correct annunciations was the first red flag; and I dismissed it too easily as an indication problem when all else felt normal. The abnormal decrease in brake pressure after completing the parking flow was the second red flag. I should have understood that the brake accumulator was all that was holding the brakes and when that pressure dissipated I had no brakes. It should not have taken the unintended movement of the aircraft to convince me that I had no parking brakes. Expectation bias and fatigue may have played a role; but I am enormously grateful and lucky that no one was injured and nothing was damaged. I should have held the brakes and waited for the wheels to be chocked as soon as something abnormal happened before proceeding with the rest of the parking procedure.",,"Parking in ZZZ at remote stand XX the ca set the parking brake and the indication was not there on icas. The ca tried resetting the parking brake and  then a normal shut down was conducted and the crew noted a rapid decrease in brake pressure.  The ca reengaged the hydraulic system and started trouble shooting the parking brake.  I started monitoring out the windows to detect if there is movement and listen in on the trouble shooting. Visibility was low. While the ca and fo were trouble shooting I noticed movement and called this out as we started to roll backwards.  The first press of the brakes did nothing to slow the plane until the ca turned on the hydraulic pumps.  We contacted ops and ramp and turned on the beacon.  I think we moved maybe 10ft but with the haze it could have been 5-20feet.  The ca and fo took turns on the brakes as we waited for chocks and a tug.  While the brake pedals were being held the parking brake lever was now in the down position but the light and icas were indicating parking brake on.  Once the tug was connected by headset we let them know of the malfunction and we were towed to gate XY. We asked that chocks be installed before the tug disconnects. The parking brake was attempted to be used again and it indicated that it was working and brake pressure did not decrease rapidly and seemed normal.",,"B767 flight crew reported a loss of brake pressure and uncommanded movement while parking.  Control was regained; and chocks were put in place.",
2317345,202512,1801-2400,ASE.Airport,CO,,,,,,VMC,,,Night,,,Center ZDV,Air Carrier,Commercial Fixed Wing,,2,Part 121,IFR,Passenger,,Initial Approach,,,,,,,,,,,,,,,,,,,,,,,,,,Autoflight System,,X,Improperly Operated,,,,,,,,,,,,,,,,,,,,,,,,,,,,,,,,,,,,Aircraft X,Flight Deck,Air Carrier,Pilot Flying; Captain,Flight Crew Air Transport Pilot (ATP); Flight Crew Multiengine; Flight Crew Instrument,,,Situational Awareness; Human-Machine Interface; Confusion; Communication Breakdown; Fatigue,Party1 Flight Crew; Party2 Flight Crew,,2317345,Aircraft X,Flight Deck,Air Carrier,First Officer; Pilot Not Flying,Flight Crew Air Transport Pilot (ATP); Flight Crew Instrument; Flight Crew Multiengine,,,Situational Awareness; Communication Breakdown,Party1 Flight Crew; Party2 Flight Crew,,2317348,Aircraft Equipment Problem Less Severe; Deviation - Track / Heading All Types; Deviation / Discrepancy - Procedural Published Material / Policy; Inflight Event / Encounter Unstabilized Approach; Inflight Event / Encounter CFTT / CFIT,,,Automation Aircraft Other Automation; Person Flight Crew,In-flight,Flight Crew Took Evasive Action,Software and Automation; Aircraft; Human Factors; Procedure,Human Factors,"While on RNP M 15 into ASE prior to TRNGL; the RNAV E was activated prematurely causing a loss of lateral and vertical navigation while descending into terrain. This was unanticipated and my first thought was to execute a discontinue procedure; so I reached up to disarm the approach - which was already not active anymore. There was a moment where I struggled to decide what to do; as every discontinue procedure I had briefed had lateral guidance still existing in the FMS. I spent some time processing the situation; then executed a missed approach by pressing the Take-Off/Go Around button; calling flaps 2 and gear up. Since we were prior to the FAF we then set a higher altitude and used Heading mode to roughly follow the runway track while climbing at Vac; utilized Enhanced Ground Proximity Warning System on Primary Flight Display to avoid terrain; and then we began a right turn out to the missed approach holding point.We tried to reload the approach for lateral and vertical guidance; but due to time constraints were unable to do so safely. Our lowest altitude was above the DA; and we were not aligned with the runway to safely begin the balked landing procedure. We returned to center and received vectors to the IAF and repeated the approach with no further issues.Cause: Late night; long duty day; closed tower; and a complicated approach procedure. Suggestions: While it is probably unlikely to avoid this situation in the future; reinforcing the importance of briefing when the RNAV E is supposed to be activated would help to mitigate this in the future.Also; training reloading of the approach and sequencing the next point could be useful to allowing for a smoother go around/missed approach. Finally; briefing discontinue procedures with no lateral guidance would help if there isn't enough time to reload the approach safely to have a plan in place in the event of loss of lateral navigational guidance.",,"During the approach phase at night with the approach/ tower closed; the RNAV-E (balked procedure) was inadvertently selected clearing the approach from the FMS along with lateral and vertical navigation. An attempt was made to reload the approach but due to the time constraint; was unsuccessful. A missed approach was initiated and the terrain mode on the Multi-Function Flight Display was used to assist to turn away from terrain while climbing over the airport. ATC was promptly notified and assisted with vectors once reaching ATC's area of responsibility back to the initial approach fix.Cause: Due to the uniqueness of the approach; duty time; ATC tower and approach being closed; and time of day the activation of the RNAV-E was made at the incorrect point of the approach.Suggestions: Prior to beginning this unique approach extra care in briefing the threat of the proper point to activate the RNAV-E at the correct time and noting crew awareness in respect to long duty days and higher workloads with the absence of ATC at night.",,"Air carrier flight crew reported an autopilot programming malfunction resulting in loss of lateral and vertical guidance on an approach in mountainous terrain at night. The crew performed a missed approach then returned for another approach; and landed.",
2322747,202601,0601-1200,,,,,0,,,,,,,,,,Air Carrier,Commercial Fixed Wing,,,Part 121,,,,Parked,,,N,,Y,,,Repair,,,,,,,,,,,,,,,,,,Oil Filler Cap,,X,Improperly Operated,,,,,,,,,,,,,,,,,,,,,,,,,,,,,,,,,,,,Repair Facility,,Air Carrier,Technician,Maintenance Airframe; Maintenance Powerplant,,,Distraction; Fatigue; Time Pressure,,,2322747,,,,,,,,,,,,Aircraft Equipment Problem Critical; Deviation / Discrepancy - Procedural FAR; Deviation / Discrepancy - Procedural Maintenance; Deviation / Discrepancy - Procedural Published Material / Policy; Ground Event / Encounter Ground Equipment Issue,,,Person Flight Crew,,General Maintenance Action,Aircraft; Human Factors; Procedure,Human Factors,"I am submitting this report to voluntarily disclose a maintenance error that occurred during routine servicing of an aircraft and to ensure the circumstances are documented for safety review and corrective action.Event DescriptionWhile performing oil servicing on the aircraft; I inadvertently left a screwdriver on the oil service panel door. After departure; the aircraft flew with the oil panel door open.The condition was discovered after the aircraft had already departed. The event resulted in an open oil service door and loss of oil due to the displaced oil cap. No damage or injury occurred; but the potential risk was significant.Once the issue was identified; appropriate notifications and corrective actions were taken per company procedures.Root Cause and Contributing FactorsThis event was the result of a breakdown in tool control and final area inspection. I did not properly complete a tactile and visual tool check before closing the oil service door.At the time of the event; I was experiencing significant external stressors that affected my focus and cognitive workload. These included:• A rapid and stressful residential move due to the risk of homelessness• My father experiencing a second hip implant rejection with a subsequent bacterial infection and surgical complications• My fiancée undergoing a difficult recovery from back surgery• Ongoing transportation and financial stress; including having no current car insurance or license plates while my vehicle was parked on the streetThese factors contributed to fatigue; distraction; and degraded situational awareness consistent with recognized human-factors hazards particularly distraction; stress; and pressure.Due to lack of available time off and financial constraints; I was unable to remove myself from duty despite these conditions.This was not an intentional violation or negligence but a human-factors-related error caused by a lapse in tool accountability and final verification under elevated stress and cognitive load. The event highlights the vulnerability of maintenance tasks involving panels; caps; and tool use when mental bandwidth is reduced.Eng 2 oil door has screw driver in it and 2 screws missing. Crew reported didn't notice on pre-flight.",,,,"Maintenance Technician reported not replacing the oil cap and leaving a screwdriver in the oil filler compartment.",
